EmployeeID,Name,Age,Gender,Department,Salary,Experience,JoiningDate,PerformanceScore,Email,City,Status
EMP10001,Bala Kumar,60.0,Male,Operations,100671.58,6.4,2022-05-07,2,bala.kumar0@company.com,Bengaluru,Active
EMP10002,Divya Raj,40.0,Male,Operations,34497.62,16.1,2019-04-08,3,divya.raj1@company.com,Pune,On Leave
EMP10003,Vijay Reddy,43.0,Male,HR,30359.1,25.3,2020-02-28,5,vijay.reddy2@company.com,Chennai,Active
EMP10004,Kavin Iyer,54.0,Male,Marketing,53903.01,18.4,2023-01-27,3,kavin.iyer3@company.com,Chennai,On Leave
EMP10005,Sanjay Reddy,49.0,Female,IT,117506.77,8.1,2017-12-23,4,sanjay.reddy4@company.com,Hyderabad,On Leave
EMP10006,Arun Sharma,24.0,Female,Operations,106694.34,23.8,2023-07-18,4,arun.sharma5@company.com,Hyderabad,Inactive
EMP10007,Divya Singh,46.0,Female,Finance,116735.04,28.3,2023-10-21,2,divya.singh6@company.com,Chennai,Active
EMP10008,Bala Das,41.0,Male,Finance,47897.42,23.9,2022-03-14,1,bala.das7@company.com,Mumbai,Inactive
EMP10009,Rahul Iyer,57.0,Female,HR,42312.43,26.4,2020-06-10,4,rahul.iyer8@company.com,Hyderabad,Active
EMP10010,Vijay Das,50.0,Male,Marketing,117110.54,27.1,2016-10-04,4,vijay.das9@company.com,Coimbatore,On Leave
EMP10011,Arun Singh,,Male,Finance,61924.34,9.5,2019-08-26,1,arun.singh10@company.com,Chennai,Active
EMP10012,Priya Patel,50.0,Male,Sales,101208.71,2.6,2021-09-24,1,priya.patel11@company.com,Pune,Inactive
EMP10013,Naveen Das,29.0,Male,IT,25524.6,28.5,2015-08-03,3,naveen.das12@company.com,Pune,Inactive
EMP10014,Vijay Sharma,54.0,Male,Marketing,82566.2,32.4,2024-09-28,1,vijay.sharma13@company.com,Pune,Active
EMP10015,Rahul Reddy,29.0,Male,Finance,67697.81,3.3,2021-07-24,5,rahul.reddy14@company.com,Pune,On Leave
EMP10016,Naveen Kumar,56.0,Female,IT,,9.6,2017-01-03,5,naveen.kumar15@company.com,Chennai,Inactive
EMP10017,Meena Raj,35.0,Female,IT,105646.81,25.3,2021-07-27,1,meena.raj16@company.com,Mumbai,On Leave
EMP10018,Kavin Nair,36.0,Male,Sales,65616.4,0.9,2017-07-17,4,kavin.nair17@company.com,Pune,Inactive
EMP10019,Meena Sharma,53.0,Female,IT,91074.03,4.9,2021-11-04,5,meena.sharma18@company.com,Pune,On Leave
EMP10020,Vijay Reddy,53.0,Male,Marketing,81892.22,24.3,2016-10-13,1,vijay.reddy19@company.com,Hyderabad,Inactive
EMP10021,Divya Iyer,27.0,Male,Sales,68370.78,7.6,2018-11-26,4,divya.iyer20@company.com,Chennai,Active
EMP10022,Divya Sharma,46.0,Male,Operations,55210.33,3.9,2023-11-25,4,divya.sharma21@company.com,Hyderabad,On Leave
EMP10023,Priya Reddy,34.0,Female,Marketing,106769.41,0.2,2022-11-09,5,priya.reddy22@company.com,Hyderabad,On Leave
EMP10024,Sanjay Kumar,54.0,Female,Operations,36387.21,11.8,2025-06-24,1,sanjay.kumar23@company.com,Pune,Active
EMP10025,Naveen Raj,33.0,Female,Finance,48919.32,17.4,2015-05-17,1,naveen.raj24@company.com,Hyderabad,Active
EMP10026,Arun Patel,,Male,Marketing,72754.51,1.8,2019-01-01,3,arun.patel25@company.com,Coimbatore,On Leave
EMP10027,Meena Iyer,23.0,Female,Marketing,75438.79,15.7,2020-07-04,3,meena.iyer26@company.com,Coimbatore,Active
EMP10028,Divya Iyer,38.0,Female,Marketing,94180.55,12.9,2018-02-06,3,divya.iyer27@company.com,Chennai,On Leave
EMP10029,Rahul Kumar,37.0,Male,HR,104353.74,11.2,2020-03-20,4,rahul.kumar28@company.com,Bengaluru,Inactive
EMP10030,Arun Singh,57.0,Female,Marketing,26575.84,17.9,2017-04-07,4,arun.singh29@company.com,Chennai,Active
EMP10031,Bala Iyer,54.0,Female,,62769.34,18.1,2022-01-11,4,bala.iyer30@company.com,Coimbatore,On Leave
EMP10032,Sanjay Sharma,46.0,Female,Finance,44861.8,19.0,2024-03-07,4,sanjay.sharma31@company.com,Mumbai,On Leave
EMP10033,Kavin Iyer,37.0,Female,Operations,102636.11,19.4,2015-02-01,4,kavin.iyer32@company.com,Pune,Active
EMP10034,Priya Das,26.0,Male,Sales,110539.72,22.2,2023-09-03,3,priya.das33@company.com,Mumbai,Inactive
EMP10035,Kavin Singh,37.0,Male,HR,110225.47,31.0,2022-01-24,4,kavin.singh34@company.com,Bengaluru,Active
EMP10036,Vijay Singh,32.0,Male,HR,113885.32,27.5,2022-04-03,1,vijay.singh35@company.com,Chennai,On Leave
EMP10037,Kavin Raj,56.0,Male,HR,117498.06,9.9,2016-02-22,3,kavin.raj36@company.com,Bengaluru,Active
EMP10038,Meena Nair,37.0,Female,IT,119473.46,6.2,2018-01-14,5,meena.nair37@company.com,Mumbai,Active
EMP10039,Kavin Nair,41.0,Male,Sales,59814.53,26.0,2017-01-01,4,kavin.nair38@company.com,Coimbatore,Active
EMP10040,Priya Das,43.0,Male,Sales,50194.22,8.5,2020-06-13,3,priya.das39@company.com,Hyderabad,Inactive
EMP10041,Bala Kumar,29.0,Male,Sales,84958.17,27.8,2015-12-15,1,bala.kumar40@company.com,,Inactive
EMP10042,Kavin Singh,26.0,Male,IT,46867.6,17.5,2018-03-17,1,kavin.singh41@company.com,Mumbai,Inactive
EMP10043,Priya Sharma,49.0,Male,Finance,69644.73,9.8,2020-03-28,1,priya.sharma42@company.com,Hyderabad,Active
EMP10044,Rahul Iyer,58.0,Male,HR,113190.26,15.0,2019-03-28,1,rahul.iyer43@company.com,Chennai,On Leave
EMP10045,Bala Singh,42.0,Female,IT,43136.55,9.4,2017-02-25,2,bala.singh44@company.com,Hyderabad,Inactive
EMP10046,Kavin Reddy,52.0,Male,HR,105200.25,32.6,2022-02-15,2,kavin.reddy45@company.com,Coimbatore,Inactive
EMP10047,Priya Patel,48.0,Female,Sales,53052.61,11.3,2022-01-09,3,priya.patel46@company.com,Bengaluru,Inactive
EMP10048,Divya Singh,60.0,Male,Finance,52891.23,28.3,2017-02-25,5,divya.singh47@company.com,Coimbatore,Active
EMP10049,Naveen Kumar,28.0,Male,HR,72644.05,27.9,2015-08-14,4,naveen.kumar48@company.com,Mumbai,Inactive
EMP10050,Arun Iyer,44.0,Male,HR,27623.59,20.3,2021-06-19,1,arun.iyer49@company.com,Coimbatore,Active
EMP10051,Kavin Reddy,,Male,HR,81129.16,1.1,2018-10-06,3,kavin.reddy50@company.com,Mumbai,Active
EMP10052,Vijay Raj,58.0,Female,Sales,74613.11,26.9,2019-07-04,5,vijay.raj51@company.com,Pune,On Leave
EMP10053,Meena Singh,53.0,Male,Operations,75478.69,18.9,2021-08-20,5,meena.singh52@company.com,Pune,Inactive
EMP10054,Meena Reddy,51.0,Female,IT,28901.41,14.0,2017-12-26,2,meena.reddy53@company.com,Pune,On Leave
EMP10055,Rahul Das,58.0,Male,HR,42511.7,2.8,2023-12-21,1,rahul.das54@company.com,Chennai,Inactive
EMP10056,Bala Iyer,22.0,Male,IT,67023.46,8.4,2020-09-08,5,bala.iyer55@company.com,Mumbai,Inactive
EMP10057,Naveen Raj,22.0,Male,IT,115712.2,25.8,2019-06-23,3,naveen.raj56@company.com,Bengaluru,Inactive
EMP10058,Rahul Iyer,33.0,Male,Operations,78773.53,5.6,2020-09-14,4,rahul.iyer57@company.com,Bengaluru,On Leave
EMP10059,Sanjay Patel,26.0,Female,Operations,33944.91,10.9,2018-05-12,2,sanjay.patel58@company.com,Chennai,Active
EMP10060,Bala Raj,47.0,Female,Operations,71703.51,16.6,2015-05-23,2,bala.raj59@company.com,Mumbai,Active
EMP10061,Meena Khan,31.0,Male,IT,,31.0,2018-10-26,3,meena.khan60@company.com,Pune,Inactive
EMP10062,Meena Iyer,53.0,Male,Sales,106366.53,23.1,2018-08-16,2,meena.iyer61@company.com,Bengaluru,Active
EMP10063,Priya Patel,49.0,Male,HR,80648.68,32.9,2022-12-18,3,priya.patel62@company.com,Chennai,Inactive
EMP10064,Meena Sharma,54.0,Female,Operations,68534.02,19.1,2019-12-03,1,meena.sharma63@company.com,Hyderabad,On Leave
EMP10065,Sanjay Kumar,54.0,Male,HR,86891.05,7.2,2016-03-18,3,sanjay.kumar64@company.com,Chennai,On Leave
EMP10066,Sanjay Kumar,44.0,Male,Finance,31762.92,11.2,2024-10-26,2,sanjay.kumar65@company.com,Mumbai,On Leave
EMP10067,Priya Sharma,28.0,Male,HR,36225.66,24.4,2025-08-04,1,priya.sharma66@company.com,Bengaluru,Inactive
EMP10068,Naveen Singh,42.0,Male,Operations,116920.15,19.2,2019-09-24,3,naveen.singh67@company.com,Coimbatore,On Leave
EMP10069,Naveen Iyer,56.0,Male,Sales,64198.68,13.0,2021-08-23,5,naveen.iyer68@company.com,Mumbai,On Leave
EMP10070,Kavin Sharma,33.0,Male,IT,65754.43,26.3,2023-03-09,1,kavin.sharma69@company.com,Hyderabad,Active
EMP10071,Naveen Reddy,41.0,Female,Operations,103513.46,11.2,2025-03-17,4,,Pune,Active
EMP10072,Divya Raj,33.0,Male,Sales,116061.44,29.7,2023-07-28,4,divya.raj71@company.com,Chennai,Inactive
EMP10073,Kavin Nair,40.0,Male,Finance,71837.44,2.9,2019-03-12,1,kavin.nair72@company.com,Bengaluru,Active
EMP10074,Arun Singh,42.0,Male,Sales,96475.58,27.7,2023-07-13,5,arun.singh73@company.com,Bengaluru,Inactive
EMP10075,Meena Das,60.0,Female,Operations,119613.47,2.0,2017-07-11,3,meena.das74@company.com,Mumbai,Inactive
EMP10076,Arun Raj,39.0,Female,Finance,117021.93,24.1,2024-12-17,5,arun.raj75@company.com,Coimbatore,On Leave
EMP10077,Arun Raj,59.0,Female,Marketing,32990.15,24.5,2024-09-18,3,arun.raj76@company.com,Hyderabad,Inactive
EMP10078,Priya Khan,23.0,Male,Marketing,32728.13,3.0,2017-08-16,5,priya.khan77@company.com,Chennai,Inactive
EMP10079,Meena Kumar,22.0,Male,Operations,108634.2,8.3,2021-09-13,4,meena.kumar78@company.com,Hyderabad,Active
EMP10080,Naveen Reddy,57.0,Female,HR,60744.66,2.9,2020-07-27,2,naveen.reddy79@company.com,Pune,Inactive
EMP10081,Bala Patel,47.0,Female,Marketing,56373.99,15.2,2016-12-26,4,bala.patel80@company.com,Bengaluru,On Leave
EMP10082,Naveen Reddy,49.0,Male,Operations,97883.51,28.8,2021-01-03,5,naveen.reddy81@company.com,Bengaluru,On Leave
EMP10083,Kavin Reddy,49.0,Male,Operations,116406.39,13.1,2015-09-24,1,kavin.reddy82@company.com,Hyderabad,On Leave
EMP10084,Vijay Khan,59.0,Male,Finance,66451.9,28.1,2019-06-21,3,vijay.khan83@company.com,Hyderabad,On Leave
EMP10085,Meena Patel,58.0,Female,IT,49034.07,24.3,2023-02-15,1,meena.patel84@company.com,Hyderabad,On Leave
EMP10086,Rahul Nair,35.0,Female,Sales,52976.92,34.9,2020-06-03,1,rahul.nair85@company.com,Pune,Active
EMP10087,Divya Raj,32.0,Female,Finance,51691.5,33.3,2022-06-12,4,divya.raj86@company.com,Mumbai,On Leave
EMP10088,Bala Singh,29.0,Male,Operations,41119.59,22.6,2022-10-28,2,bala.singh87@company.com,Bengaluru,Active
EMP10089,Divya Kumar,49.0,Male,HR,32384.79,34.1,2025-06-17,1,divya.kumar88@company.com,Coimbatore,Inactive
EMP10090,Rahul Reddy,54.0,Female,Operations,64064.64,21.1,2017-06-18,3,rahul.reddy89@company.com,Mumbai,Active
EMP10091,Rahul Reddy,26.0,Male,,83274.44,14.6,2022-02-27,5,rahul.reddy90@company.com,Coimbatore,On Leave
EMP10092,Bala Reddy,26.0,Female,IT,27504.86,13.2,2015-02-15,1,bala.reddy91@company.com,Coimbatore,On Leave
EMP10093,Arun Iyer,32.0,Male,IT,81442.42,13.3,2020-11-27,1,arun.iyer92@company.com,Chennai,Inactive
EMP10094,Rahul Iyer,34.0,Female,Marketing,31033.62,1.3,2015-05-16,4,rahul.iyer93@company.com,Mumbai,Inactive
EMP10095,Vijay Iyer,38.0,Male,Sales,75762.9,26.2,2017-05-23,5,vijay.iyer94@company.com,Mumbai,Inactive
EMP10096,Rahul Nair,58.0,Female,Finance,96922.71,13.2,2019-09-14,1,rahul.nair95@company.com,Coimbatore,On Leave
EMP10097,Sanjay Nair,34.0,Female,Operations,44686.63,30.7,2022-02-28,2,sanjay.nair96@company.com,Coimbatore,Inactive
EMP10098,Bala Patel,55.0,Female,IT,70240.02,29.1,2016-12-01,4,bala.patel97@company.com,Bengaluru,Inactive
EMP10099,Sanjay Raj,26.0,Female,IT,33398.78,27.7,2015-07-15,5,sanjay.raj98@company.com,Coimbatore,Active
EMP10100,Divya Singh,42.0,Female,HR,85739.33,28.2,2021-06-28,2,divya.singh99@company.com,Hyderabad,Inactive
EMP10101,Sanjay Nair,,Female,Sales,82768.35,22.3,2025-03-02,4,sanjay.nair100@company.com,Chennai,Active
EMP10102,Priya Khan,59.0,Female,Operations,67836.49,31.9,2021-10-19,1,priya.khan101@company.com,Chennai,On Leave
EMP10103,Rahul Kumar,26.0,Female,Finance,100664.82,16.1,2015-10-17,4,rahul.kumar102@company.com,Bengaluru,Inactive
EMP10104,Sanjay Iyer,41.0,Male,Marketing,68617.9,34.3,2019-02-13,3,sanjay.iyer103@company.com,Coimbatore,Inactive
EMP10105,Meena Reddy,32.0,Female,Sales,32207.02,4.5,2021-11-22,4,meena.reddy104@company.com,Chennai,Inactive
EMP10106,Priya Sharma,25.0,Male,Sales,57838.39,31.4,2017-11-18,5,priya.sharma105@company.com,Coimbatore,On Leave
EMP10107,Priya Khan,40.0,Male,Marketing,103070.11,12.1,2024-06-21,1,priya.khan106@company.com,Pune,Active
EMP10108,Priya Sharma,26.0,Female,Sales,68773.98,7.2,2016-01-14,2,priya.sharma107@company.com,Coimbatore,Active
EMP10109,Priya Das,48.0,Female,IT,28734.65,28.0,2023-06-15,3,priya.das108@company.com,Hyderabad,Inactive
EMP10110,Priya Patel,38.0,Female,Sales,51303.38,28.2,2015-03-20,2,priya.patel109@company.com,Bengaluru,Active
EMP10111,Arun Iyer,49.0,Male,HR,60046.8,16.2,2024-11-24,3,arun.iyer110@company.com,Bengaluru,Active
EMP10112,Arun Kumar,28.0,Male,IT,90280.72,29.6,2025-12-13,2,arun.kumar111@company.com,Coimbatore,Active
EMP10113,Kavin Sharma,59.0,Male,Sales,75598.64,8.5,2023-07-05,4,kavin.sharma112@company.com,Pune,Active
EMP10114,Rahul Patel,31.0,Male,Finance,78576.68,29.4,2020-10-12,1,rahul.patel113@company.com,Coimbatore,On Leave
EMP10115,Divya Patel,38.0,Female,HR,57578.05,16.6,2024-03-09,5,divya.patel114@company.com,Mumbai,Active
EMP10116,Vijay Reddy,39.0,Male,Sales,33257.43,18.8,2016-08-08,1,vijay.reddy115@company.com,Pune,Active
EMP10117,Vijay Singh,40.0,Male,HR,60983.4,11.8,2018-10-02,3,vijay.singh116@company.com,Pune,Inactive
EMP10118,Vijay Kumar,27.0,Female,Finance,82548.61,8.3,2020-05-06,4,vijay.kumar117@company.com,Mumbai,Inactive
EMP10119,Bala Iyer,51.0,Female,Operations,42723.87,10.0,2022-07-09,3,bala.iyer118@company.com,Bengaluru,Active
EMP10120,Rahul Raj,52.0,Female,Sales,63987.7,34.4,2020-02-20,4,rahul.raj119@company.com,Bengaluru,On Leave
EMP10121,Divya Reddy,32.0,Female,IT,,28.6,2015-08-06,3,divya.reddy120@company.com,Pune,On Leave
EMP10122,Vijay Iyer,23.0,Female,Sales,77892.47,20.0,2017-12-05,2,vijay.iyer121@company.com,Hyderabad,Inactive
EMP10123,Naveen Singh,25.0,Male,HR,65416.46,17.8,2015-12-15,1,naveen.singh122@company.com,Bengaluru,Inactive
EMP10124,Rahul Khan,47.0,Female,Marketing,97939.05,3.1,2025-04-13,3,rahul.khan123@company.com,Pune,Inactive
EMP10125,Arun Nair,24.0,Male,Finance,29923.24,11.8,2024-05-23,2,arun.nair124@company.com,Coimbatore,Inactive
EMP10126,Naveen Patel,23.0,Female,Finance,55623.62,28.3,2015-05-09,1,naveen.patel125@company.com,Bengaluru,On Leave
EMP10127,Sanjay Kumar,30.0,Male,Marketing,81585.68,16.5,2021-03-17,5,sanjay.kumar126@company.com,Coimbatore,Active
EMP10128,Priya Nair,35.0,Female,Marketing,113629.12,34.7,2016-12-03,3,priya.nair127@company.com,Coimbatore,On Leave
EMP10129,Rahul Nair,22.0,Male,HR,95406.46,20.1,2022-11-09,5,rahul.nair128@company.com,Chennai,Inactive
EMP10130,Priya Singh,35.0,Female,Finance,100956.03,28.9,2019-05-19,3,priya.singh129@company.com,Pune,On Leave
EMP10131,Rahul Iyer,35.0,Female,Marketing,74691.22,12.6,2024-09-18,3,rahul.iyer130@company.com,Bengaluru,Inactive
EMP10132,Naveen Nair,59.0,Male,Finance,76279.2,15.4,2015-09-17,1,naveen.nair131@company.com,Bengaluru,Inactive
EMP10133,Bala Singh,23.0,Male,Finance,76637.52,31.7,2017-07-19,3,bala.singh132@company.com,Chennai,On Leave
EMP10134,Kavin Singh,28.0,Female,Operations,94402.17,24.3,2018-01-20,3,kavin.singh133@company.com,Hyderabad,Inactive
EMP10135,Bala Singh,57.0,Male,Finance,119780.8,26.3,2019-11-23,1,bala.singh134@company.com,Coimbatore,Inactive
EMP10136,Meena Kumar,25.0,Female,Operations,79139.52,26.7,2025-10-01,5,meena.kumar135@company.com,Mumbai,Active
EMP10137,Arun Kumar,52.0,Male,Marketing,60988.05,16.0,2018-08-15,5,arun.kumar136@company.com,Bengaluru,On Leave
EMP10138,Rahul Raj,29.0,Female,HR,39242.16,8.0,2016-11-19,3,rahul.raj137@company.com,Mumbai,Inactive
EMP10139,Rahul Nair,57.0,Female,Finance,76558.82,8.8,2019-04-11,2,rahul.nair138@company.com,Coimbatore,Active
EMP10140,Rahul Raj,59.0,Male,HR,46598.34,14.8,2024-11-12,2,rahul.raj139@company.com,Hyderabad,Inactive
EMP10141,Vijay Kumar,34.0,Female,IT,38216.04,3.5,2015-08-28,3,vijay.kumar140@company.com,,On Leave
EMP10142,Bala Singh,33.0,Male,HR,34710.2,32.2,2019-08-05,2,bala.singh141@company.com,Mumbai,Inactive
EMP10143,Sanjay Reddy,49.0,Female,Sales,60571.36,2.4,2017-08-09,3,sanjay.reddy142@company.com,Hyderabad,Inactive
EMP10144,Meena Khan,44.0,Male,Marketing,36667.02,8.3,2024-04-22,1,meena.khan143@company.com,Chennai,On Leave
EMP10145,Kavin Singh,22.0,Male,Finance,107640.15,18.2,2022-05-15,1,kavin.singh144@company.com,Pune,Active
EMP10146,Kavin Sharma,30.0,Male,Marketing,44530.08,27.6,2024-09-03,4,kavin.sharma145@company.com,Chennai,Active
EMP10147,Priya Nair,46.0,Female,Operations,107034.22,32.3,2021-02-27,2,priya.nair146@company.com,Mumbai,Inactive
EMP10148,Arun Singh,48.0,Female,Finance,67960.7,7.9,2025-03-22,1,arun.singh147@company.com,Pune,Inactive
EMP10149,Bala Singh,28.0,Male,Finance,40723.77,1.2,2015-01-11,2,bala.singh148@company.com,Pune,On Leave
EMP10150,Priya Raj,49.0,Male,Marketing,45204.67,18.0,2015-04-09,1,priya.raj149@company.com,Coimbatore,On Leave
EMP10151,Meena Sharma,,Female,HR,64389.29,3.0,2022-01-07,1,meena.sharma150@company.com,Chennai,Active
EMP10152,Vijay Khan,53.0,Female,Finance,31372.27,26.2,2025-08-19,5,vijay.khan151@company.com,Hyderabad,Active
EMP10153,Meena Reddy,50.0,Female,Finance,69846.36,19.8,2016-01-14,3,meena.reddy152@company.com,Mumbai,On Leave
EMP10154,Rahul Raj,23.0,Female,Marketing,75773.31,16.8,2020-03-04,1,rahul.raj153@company.com,Chennai,Inactive
EMP10155,Vijay Patel,29.0,Male,HR,106869.63,33.1,2024-10-19,2,vijay.patel154@company.com,Chennai,Active
EMP10156,Meena Khan,54.0,Female,HR,27411.7,5.5,2016-07-08,1,meena.khan155@company.com,Coimbatore,Inactive
EMP10157,Meena Sharma,24.0,Female,Marketing,46952.11,23.5,2022-06-25,5,meena.sharma156@company.com,Hyderabad,On Leave
EMP10158,Bala Nair,24.0,Female,Finance,109308.75,19.5,2022-02-03,3,bala.nair157@company.com,Hyderabad,Inactive
EMP10159,Bala Sharma,37.0,Female,Finance,62732.44,23.4,2019-07-16,2,bala.sharma158@company.com,Hyderabad,On Leave
EMP10160,Meena Reddy,28.0,Male,Marketing,85157.87,25.8,2019-03-16,5,meena.reddy159@company.com,Chennai,Inactive
EMP10161,Naveen Patel,40.0,Male,Finance,80388.95,14.7,2016-01-15,5,naveen.patel160@company.com,Chennai,Inactive
EMP10162,Sanjay Nair,41.0,Female,Sales,56907.26,28.9,2017-07-23,4,sanjay.nair161@company.com,Chennai,Active
EMP10163,Vijay Nair,41.0,Male,Operations,84294.15,14.3,2023-02-21,4,vijay.nair162@company.com,Hyderabad,Active
EMP10164,Meena Iyer,56.0,Female,IT,115103.06,26.7,2022-01-10,3,meena.iyer163@company.com,Bengaluru,Inactive
EMP10165,Bala Kumar,44.0,Male,Operations,100986.25,14.9,2017-01-14,1,bala.kumar164@company.com,Mumbai,Active
EMP10166,Meena Iyer,23.0,Male,HR,85180.43,9.0,2020-06-11,4,meena.iyer165@company.com,Mumbai,Inactive
EMP10167,Kavin Raj,47.0,Male,Sales,74940.57,6.0,2021-05-11,2,kavin.raj166@company.com,Chennai,On Leave
EMP10168,Rahul Patel,42.0,Female,Marketing,102430.17,17.4,2016-01-05,1,rahul.patel167@company.com,Pune,Inactive
EMP10169,Rahul Nair,59.0,Male,IT,103825.47,7.2,2024-06-21,3,rahul.nair168@company.com,Hyderabad,On Leave
EMP10170,Priya Singh,52.0,Male,Marketing,108019.56,20.9,2023-05-07,2,priya.singh169@company.com,Mumbai,On Leave
EMP10171,Bala Patel,38.0,Female,Sales,64783.2,13.4,2024-02-28,3,,Bengaluru,On Leave
EMP10172,Arun Patel,22.0,Female,Operations,32865.87,21.1,2024-05-11,3,arun.patel171@company.com,Bengaluru,On Leave
EMP10173,Divya Nair,57.0,Female,Marketing,93309.36,10.4,2017-06-02,5,divya.nair172@company.com,Hyderabad,Inactive
EMP10174,Sanjay Iyer,54.0,Male,Sales,50641.57,18.9,2017-03-20,3,sanjay.iyer173@company.com,Hyderabad,Inactive
EMP10175,Kavin Khan,38.0,Male,Sales,72154.79,20.9,2016-09-26,2,kavin.khan174@company.com,Coimbatore,Inactive
EMP10176,Naveen Nair,30.0,Male,Operations,32138.09,25.5,2023-11-08,2,naveen.nair175@company.com,Hyderabad,Inactive
EMP10177,Rahul Kumar,46.0,Female,IT,48408.19,28.7,2019-12-12,3,rahul.kumar176@company.com,Mumbai,On Leave
EMP10178,Bala Nair,51.0,Male,HR,25499.11,3.6,2019-12-27,3,bala.nair177@company.com,Mumbai,Inactive
EMP10179,Divya Reddy,38.0,Female,Operations,115272.55,15.6,2022-03-08,5,divya.reddy178@company.com,Coimbatore,Active
EMP10180,Meena Das,38.0,Male,Marketing,87584.42,24.2,2020-08-25,2,meena.das179@company.com,Pune,Inactive
EMP10181,Naveen Iyer,46.0,Female,Sales,86433.17,24.3,2023-10-15,2,naveen.iyer180@company.com,Bengaluru,On Leave
EMP10182,Sanjay Kumar,37.0,Female,Marketing,112898.59,6.3,2019-06-26,5,sanjay.kumar181@company.com,Chennai,Active
EMP10183,Kavin Raj,28.0,Male,Sales,53248.16,32.4,2016-11-23,5,kavin.raj182@company.com,Chennai,On Leave
EMP10184,Rahul Sharma,39.0,Male,Operations,95781.13,1.9,2017-02-27,2,rahul.sharma183@company.com,Bengaluru,Active
EMP10185,Naveen Kumar,60.0,Female,Finance,28515.73,20.9,2017-12-28,5,naveen.kumar184@company.com,Bengaluru,Inactive
EMP10186,Divya Singh,55.0,Male,Marketing,109074.84,18.6,2024-07-23,4,divya.singh185@company.com,Hyderabad,On Leave
EMP10187,Divya Sharma,60.0,Male,HR,54952.58,18.9,2020-09-13,2,divya.sharma186@company.com,Mumbai,Inactive
EMP10188,Rahul Khan,54.0,Female,IT,109167.89,21.6,2016-07-03,2,rahul.khan187@company.com,Coimbatore,Inactive
EMP10189,Rahul Patel,55.0,Female,Operations,27020.59,30.6,2016-03-27,4,rahul.patel188@company.com,Chennai,Inactive
EMP10190,Sanjay Sharma,50.0,Female,HR,97882.89,14.1,2019-12-25,4,sanjay.sharma189@company.com,Hyderabad,Inactive
EMP10191,Priya Patel,31.0,Female,Sales,33711.44,11.8,2018-05-01,1,priya.patel190@company.com,Bengaluru,Active
EMP10192,Rahul Raj,24.0,Female,IT,69394.52,10.4,2016-04-18,5,rahul.raj191@company.com,Hyderabad,On Leave
EMP10193,Vijay Patel,46.0,Female,Operations,51340.24,31.9,2023-01-25,4,vijay.patel192@company.com,Bengaluru,Active
EMP10194,Meena Kumar,33.0,Male,Marketing,115859.49,27.9,2019-11-28,3,meena.kumar193@company.com,Pune,On Leave
EMP10195,Vijay Nair,34.0,Female,Finance,118972.57,26.0,2018-11-08,4,vijay.nair194@company.com,Coimbatore,On Leave
EMP10196,Kavin Singh,50.0,Male,Marketing,86716.43,21.3,2024-11-02,1,kavin.singh195@company.com,Bengaluru,On Leave
EMP10197,Bala Kumar,47.0,Female,Finance,28489.53,33.5,2022-06-05,5,bala.kumar196@company.com,Hyderabad,Active
EMP10198,Divya Raj,44.0,Female,Finance,108959.66,32.5,2024-01-27,2,divya.raj197@company.com,Bengaluru,On Leave
EMP10199,Divya Singh,56.0,Female,IT,97032.66,24.4,2022-03-03,5,divya.singh198@company.com,Mumbai,Inactive
EMP10200,Divya Patel,46.0,Female,Sales,81329.29,20.3,2016-11-09,3,divya.patel199@company.com,Bengaluru,On Leave
EMP10201,Bala Nair,49.0,Female,,70284.3,1.6,2016-12-10,1,bala.nair200@company.com,Coimbatore,Active
EMP10202,Sanjay Das,36.0,Female,HR,87247.99,19.3,2025-02-24,4,sanjay.das201@company.com,Hyderabad,Active
EMP10203,Sanjay Raj,36.0,Female,Sales,25482.8,24.4,2024-02-06,5,sanjay.raj202@company.com,Bengaluru,On Leave
EMP10204,Vijay Reddy,34.0,Male,Operations,109975.59,34.7,2016-08-13,5,vijay.reddy203@company.com,Bengaluru,Active
EMP10205,Rahul Kumar,24.0,Male,Marketing,58041.87,23.7,2025-01-06,3,rahul.kumar204@company.com,Mumbai,Inactive
EMP10206,Bala Nair,37.0,Female,Operations,87552.92,29.8,2025-09-13,3,bala.nair205@company.com,Bengaluru,On Leave
EMP10207,Bala Sharma,46.0,Female,HR,113358.58,3.7,2025-06-28,5,bala.sharma206@company.com,Chennai,Inactive
EMP10208,Bala Raj,52.0,Female,IT,103452.59,4.5,2025-05-07,2,bala.raj207@company.com,Mumbai,Active
EMP10209,Rahul Das,57.0,Female,Operations,77837.26,26.5,2021-02-13,3,rahul.das208@company.com,Pune,On Leave
EMP10210,Vijay Sharma,38.0,Female,Sales,36005.17,13.2,2022-03-16,3,vijay.sharma209@company.com,Pune,Active
EMP10211,,51.0,Female,Finance,26750.63,15.1,2016-12-28,5,vijay.reddy210@company.com,Chennai,On Leave
EMP10212,,50.0,Male,Sales,99936.66,6.1,2018-02-04,3,kavin.nair211@company.com,Coimbatore,Inactive
EMP10213,,38.0,Female,Operations,98243.51,24.8,2020-01-22,2,naveen.iyer212@company.com,Bengaluru,Active
EMP10214,Meena Singh,39.0,Male,HR,107796.0,34.1,2018-11-03,4,meena.singh213@company.com,Hyderabad,Active
EMP10215,Vijay Kumar,33.0,Male,HR,27335.76,0.8,2020-03-11,2,vijay.kumar214@company.com,Bengaluru,Active
EMP10216,Vijay Singh,44.0,Male,HR,67360.76,9.6,2018-01-03,5,vijay.singh215@company.com,Mumbai,Active
EMP10217,Kavin Das,60.0,Female,IT,75067.29,28.9,2025-04-02,4,kavin.das216@company.com,Mumbai,Active
EMP10218,Divya Sharma,43.0,Male,Marketing,37476.84,30.4,2022-12-21,5,divya.sharma217@company.com,Bengaluru,Active
EMP10219,Arun Sharma,41.0,Female,HR,62771.47,9.6,2017-11-01,2,arun.sharma218@company.com,Bengaluru,Active
EMP10220,Arun Sharma,59.0,Female,Finance,46845.69,7.5,2015-09-24,4,arun.sharma219@company.com,Chennai,Active
EMP10221,Sanjay Raj,39.0,Female,Operations,107114.03,16.6,2022-12-14,1,sanjay.raj220@company.com,,Inactive
EMP10222,Naveen Iyer,38.0,Male,Marketing,33660.63,5.4,2025-02-20,3,naveen.iyer221@company.com,,Inactive
EMP10223,Vijay Kumar,50.0,Female,Operations,37468.26,1.1,2024-03-20,1,vijay.kumar222@company.com,Pune,On Leave
EMP10224,Rahul Kumar,51.0,Female,HR,36144.28,4.4,2018-04-09,1,rahul.kumar223@company.com,Hyderabad,Inactive
EMP10225,Bala Nair,43.0,Male,Operations,80287.28,9.4,2022-08-11,5,bala.nair224@company.com,Hyderabad,Active
EMP10226,Naveen Khan,38.0,Female,IT,26103.95,2.5,2016-06-11,5,naveen.khan225@company.com,Chennai,Active
EMP10227,Vijay Khan,46.0,Female,Marketing,106711.63,27.3,2022-11-22,3,vijay.khan226@company.com,Pune,Inactive
EMP10228,Vijay Iyer,45.0,Female,Finance,38862.6,3.6,2020-06-28,4,vijay.iyer227@company.com,Hyderabad,On Leave
EMP10229,Bala Raj,54.0,Male,Operations,78166.62,0.3,2015-02-01,1,bala.raj228@company.com,Pune,On Leave
EMP10230,Priya Nair,34.0,Female,IT,32838.31,28.9,2024-06-07,2,priya.nair229@company.com,Hyderabad,Inactive
EMP10231,Priya Reddy,59.0,Female,N/A,78916.38,24.1,2016-02-10,4,priya.reddy230@company.com,Chennai,Inactive
EMP10232,Naveen Patel,32.0,Female,NA,36800.9,31.4,2023-06-09,1,naveen.patel231@company.com,Coimbatore,On Leave
EMP10233,Bala Raj,33.0,Male,Unknown,107742.07,25.0,2018-11-07,3,bala.raj232@company.com,Chennai,Inactive
EMP10234,Naveen Sharma,41.0,Female,Marketing,77535.14,20.9,2020-10-03,1,naveen.sharma233@company.com,Chennai,NULL
EMP10235,Bala Reddy,35.0,Not Available,Finance,32754.85,2.1,2021-12-13,1,bala.reddy234@company.com,Pune,Inactive
EMP10236,Meena Khan,40.0,Male,Finance,117707.2,11.8,2022-07-21,3,meena.khan235@company.com,Bengaluru,Active
EMP10237,Divya Nair,39.0,Female,IT,26981.81,22.9,2019-08-09,3,divya.nair236@company.com,Chennai,Inactive
EMP10238,Bala Patel,24.0,Male,Marketing,32745.02,14.1,2020-01-07,4,bala.patel237@company.com,Coimbatore,Inactive
EMP10239,Vijay Patel,51.0,Female,HR,116274.15,14.6,2022-04-05,4,vijay.patel238@company.com,Coimbatore,Inactive
EMP10240,Naveen Das,49.0,Female,HR,60248.68,34.6,2022-02-17,3,naveen.das239@company.com,Coimbatore,Active
EMP10241,Bala Sharma,53.0,Other,Operations,80865.55,1.0,2016-04-02,2,bala.sharma240@company.com,Pune,Active
EMP10242,Sanjay Singh,57.0,M,Sales,65063.49,9.7,2017-10-22,5,sanjay.singh241@company.com,Hyderabad,Inactive
EMP10243,Divya Das,33.0,Male,IT Dept,61465.48,16.3,2019-01-03,2,divya.das242@company.com,Pune,Inactive
EMP10244,Arun Sharma,29.0,Male,IT,63504.47,21.1,2024-12-14,2,arun.sharma243@company.com,Mumbai,Working
EMP10245,Meena Nair,58.0,Female,Operations,106166.58,17.2,2020-12-15,1,meena.nair244@company.com,Hyderabad,Inactive
EMP10246,Priya Patel,41.0,Female,IT,81330.33,5.7,2025-09-25,4,priya.patel245@company.com,Mumbai,Active
EMP10247,Priya Raj,23.0,Female,Finance,106508.69,0.3,2015-08-12,4,priya.raj246@company.com,Pune,On Leave
EMP10248,Sanjay Patel,44.0,Male,HR,68110.01,8.3,2017-06-14,2,sanjay.patel247@company.com,Coimbatore,Inactive
EMP10249,Arun Singh,50.0,Female,Finance,57015.3,29.0,2015-05-20,3,arun.singh248@company.com,Coimbatore,Active
EMP10250,Meena Das,33.0,Female,HR,92143.84,5.8,2018-12-25,3,meena.das249@company.com,Chennai,Inactive
EMP10251,Divya Sharma,-5.0,Male,Sales,58889.55,18.7,2015-01-24,4,divya.sharma250@company.com,Mumbai,On Leave
EMP10252,Sanjay Iyer,150.0,Female,Operations,107100.54,19.5,2025-04-18,2,sanjay.iyer251@company.com,Bengaluru,Active
EMP10253,Arun Reddy,30.0,Female,HR,-10000.0,32.8,2015-07-03,5,arun.reddy252@company.com,Hyderabad,Active
EMP10254,Vijay Reddy,26.0,Female,Marketing,34814.35,-3.0,2024-04-21,2,vijay.reddy253@company.com,Hyderabad,On Leave
EMP10255,Meena Raj,45.0,Male,Sales,90166.93,90.0,2023-02-25,3,meena.raj254@company.com,Chennai,Inactive
EMP10256,Vijay Nair,44.0,Female,Operations,88352.1,4.9,2018-02-10,10,vijay.nair255@company.com,Bengaluru,Active
EMP10257,Bala Singh,29.0,Male,Sales,117141.64,3.3,2022-06-05,0,bala.singh256@company.com,Mumbai,Inactive
EMP10258,Priya Patel,22.0,Female,Operations,104620.95,33.1,2024-02-18,1,priya.patel257@company.com,Bengaluru,Active
EMP10259,Divya Raj,47.0,Male,Marketing,107545.97,20.0,2025-08-25,4,divya.raj258@company.com,Pune,Active
EMP10260,Naveen Das,54.0,Male,Operations,82057.91,32.9,2019-05-09,2,naveen.das259@company.com,Pune,Active
EMP10261,Bala Sharma,49.0,Male,Finance,40132.31,21.2,2025-13-40,1,bala.sharma260@company.com,Coimbatore,Active
EMP10262,Bala Sharma,34.0,Female,Operations,99326.62,19.8,invalid-date,2,bala.sharma261@company.com,Hyderabad,Inactive
EMP10263,Vijay Khan,59.0,Male,Finance,56068.15,23.4,2024-02-30,5,vijay.khan262@company.com,Pune,Inactive
EMP10264,Rahul Raj,44.0,Female,Sales,66380.41,28.6,2022-06-07,1,rahul.raj263@company.com,Hyderabad,On Leave
EMP10265,Meena Khan,42.0,Male,HR,55835.65,12.8,2021-05-19,4,meena.khan264@company.com,Bengaluru,On Leave
EMP10266,Meena Nair,50.0,Female,Sales,67625.89,8.3,2015-03-12,2,meena.nair265@company.com,Chennai,Active
EMP10267,Meena Raj,32.0,Female,Operations,82327.62,23.4,2024-02-14,1,meena.raj266@company.com,Chennai,On Leave
EMP10268,Rahul Khan,24.0,Female,Marketing,76524.55,33.3,2016-06-28,5,rahul.khan267@company.com,Pune,Active
EMP10269,Vijay Singh,50.0,Male,Finance,57418.54,13.3,2016-05-15,4,vijay.singh268@company.com,Mumbai,Inactive
EMP10270,Arun Nair,57.0,Male,HR,82750.98,26.8,2020-02-12,3,arun.nair269@company.com,Bengaluru,On Leave
EMP10271,Sanjay Sharma,Thirty,Female,HR,43598.91,0.3,2019-12-15,1,sanjay.sharma270@company.com,Coimbatore,On Leave
EMP10272,Rahul Iyer,57.0,Female,Marketing,Unknown,2.1,2019-06-19,2,rahul.iyer271@company.com,Mumbai,Active
EMP10273,Naveen Patel,35.0,Male,Sales,71157.82,Five,2018-11-15,4,naveen.patel272@company.com,Hyderabad,Inactive
EMP10274,Naveen Raj,56.0,Female,Finance,80188.55,3.1,2016-02-17,5,naveen.raj273@company.com,Chennai,On Leave
EMP10275,Meena Patel,25.0,Male,Operations,103201.53,18.3,2021-12-10,5,meena.patel274@company.com,Pune,On Leave
EMP10276,Naveen Raj,52.0,Female,Marketing,92359.39,3.7,2024-10-24,4,naveen.raj275@company.com,Pune,Active
EMP10277,Meena Reddy,41.0,Male,IT,70936.84,28.2,2015-12-24,5,meena.reddy276@company.com,Mumbai,On Leave
EMP10278,Meena Iyer,34.0,Male,Sales,82153.12,28.7,2020-12-09,2,meena.iyer277@company.com,Pune,Inactive
EMP10279,Sanjay Raj,30.0,Female,Operations,86427.56,6.1,2023-10-08,1,sanjay.raj278@company.com,Pune,Inactive
EMP10280,Arun Das,47.0,Female,Finance,49286.27,10.6,2022-03-04,4,arun.das279@company.com,Coimbatore,Active
EMP10281,Rahul Singh,60.0,Male,IT,88417.24,3.3,2018-10-01,2,rahul.singh280@company.com,Coimbatore,Active
EMP10282,Meena Raj,26.0,Male,Marketing,40961.35,25.8,2016-01-23,5,meena.raj281@company.com,Mumbai,On Leave
EMP10283,Naveen Khan,38.0,Male,IT,41952.37,10.9,2017-12-07,3,naveen.khan282@company.com,Mumbai,Inactive
EMP10284,Divya Sharma,31.0,Female,Operations,49403.97,22.1,2023-09-02,3,divya.sharma283@company.com,Mumbai,Active
EMP10285,Arun Reddy,28.0,Male,Finance,91038.73,14.2,2020-07-09,1,arun.reddy284@company.com,Pune,On Leave
EMP10286,Rahul Khan,32.0,Male,Finance,119169.32,4.5,2017-04-26,2,rahul.khan285@company.com,Pune,Inactive
EMP10287,Sanjay Singh,53.0,Female,Finance,51045.26,2.8,2022-05-01,4,sanjay.singh286@company.com,Hyderabad,Active
EMP10288,Vijay Nair,24.0,Female,Sales,63112.85,12.8,2020-09-07,4,vijay.nair287@company.com,Bengaluru,Inactive
EMP10289,Divya Singh,34.0,Male,Marketing,74310.68,2.4,2019-12-27,5,divya.singh288@company.com,Coimbatore,Inactive
EMP10290,Rahul Das,29.0,Male,Marketing,108607.51,22.8,2020-12-26,3,rahul.das289@company.com,Chennai,On Leave
EMP10291,Meena Raj,43.0,Male,IT,88601.26,34.8,2016-06-17,3,meena.raj290@company.com,Bengaluru,Inactive
EMP10292,Priya Raj,55.0,Male,IT,67403.47,11.7,2020-12-26,4,priya.raj291@company.com,Hyderabad,Inactive
EMP10293,Priya Kumar,26.0,Male,Sales,41653.78,24.2,2023-07-16,2,priya.kumar292@company.com,Mumbai,Inactive
EMP10294,Priya Raj,51.0,Female,Finance,67785.24,26.5,2015-12-08,4,priya.raj293@company.com,Coimbatore,Active
EMP10295,Bala Das,24.0,Female,IT,113081.89,8.2,2017-08-22,5,bala.das294@company.com,Coimbatore,Active
EMP10296,Rahul Sharma,41.0,Male,Operations,113065.09,18.9,2023-05-20,2,rahul.sharma295@company.com,Hyderabad,Inactive
EMP10297,Bala Kumar,29.0,Female,Finance,96750.69,4.5,2020-04-02,5,bala.kumar296@company.com,Coimbatore,Active
EMP10298,Bala Patel,35.0,Male,IT,36176.66,8.0,2016-09-21,2,bala.patel297@company.com,Bengaluru,Active
EMP10299,Kavin Reddy,48.0,Male,Operations,47710.26,17.8,2017-04-23,2,kavin.reddy298@company.com,Mumbai,Inactive
EMP10300,Bala Nair,25.0,Male,Marketing,107966.98,5.7,2020-11-15,4,bala.nair299@company.com,Mumbai,Active
EMP10301,Divya Patel,58.0,Female,Sales,62149.06,17.5,2015-10-06,2,divya.patel300@company.com,Chennai,On Leave
EMP10302,Kavin Khan,56.0,Male,Sales,89058.86,18.6,2020-03-16,4,kavin.khan301@company.com,Coimbatore,On Leave
EMP10303,Sanjay Das,35.0,Male,HR,32687.33,14.1,2016-11-02,3,sanjay.das302@company.com,Mumbai,On Leave
EMP10304,Priya Nair,39.0,Female,HR,115945.67,20.1,2024-09-02,1,priya.nair303@company.com,Pune,Inactive
EMP10305,Meena Kumar,54.0,Male,Finance,112661.93,17.0,2020-04-03,3,meena.kumar304@company.com,Chennai,Inactive
EMP10306,Bala Khan,27.0,Male,Operations,38905.53,12.9,2022-05-02,4,bala.khan305@company.com,Bengaluru,Active
EMP10307,Naveen Iyer,46.0,Female,Finance,47092.38,2.8,2018-02-28,5,naveen.iyer306@company.com,Pune,Active
EMP10308,Rahul Sharma,23.0,Female,IT,86769.1,5.3,2017-05-19,2,rahul.sharma307@company.com,Chennai,On Leave
EMP10309,Arun Patel,31.0,Male,IT,45116.76,17.0,2016-08-15,1,arun.patel308@company.com,Chennai,Active
EMP10310,Naveen Patel,44.0,Female,Marketing,47722.11,5.0,2023-12-14,3,naveen.patel309@company.com,Hyderabad,On Leave
EMP10311,Meena Kumar,28.0,Female,Operations,90755.33,2.2,2018-04-07,1,meena.kumar310@company.com,Coimbatore,Inactive
EMP10312,Arun Das,58.0,Female,Finance,83445.85,10.7,2018-04-28,2,arun.das311@company.com,Chennai,Inactive
EMP10313,Priya Nair,58.0,Female,Sales,109227.4,15.7,2017-07-27,4,priya.nair312@company.com,Bengaluru,Active
EMP10314,Rahul Das,43.0,Female,Marketing,103616.1,25.7,2020-05-23,2,rahul.das313@company.com,Bengaluru,Active
EMP10315,Bala Reddy,48.0,Female,Marketing,64765.16,27.7,2019-10-23,2,bala.reddy314@company.com,Coimbatore,On Leave
EMP10316,Naveen Raj,60.0,Female,HR,83800.08,11.3,2024-02-13,5,naveen.raj315@company.com,Bengaluru,On Leave
EMP10317,Meena Nair,39.0,Male,Marketing,31138.58,1.5,2015-03-17,4,meena.nair316@company.com,Pune,Inactive
EMP10318,Rahul Das,32.0,Female,Sales,68165.85,29.6,2021-05-26,4,rahul.das317@company.com,Chennai,On Leave
EMP10319,Vijay Reddy,55.0,Male,Finance,55844.21,25.8,2022-03-09,5,vijay.reddy318@company.com,Pune,Active
EMP10320,Priya Das,50.0,Male,Marketing,68647.44,27.5,2015-09-17,1,priya.das319@company.com,Pune,On Leave
EMP10321,Arun Sharma,22.0,Male,Marketing,101843.93,2.7,2015-10-18,2,arun.sharma320@company.com,Pune,Inactive
EMP10322,Divya Raj,42.0,Female,IT,103387.56,17.3,2022-11-22,1,divya.raj321@company.com,Pune,Inactive
EMP10323,Priya Khan,36.0,Female,HR,109492.14,15.8,2017-05-12,1,priya.khan322@company.com,Mumbai,Active
EMP10324,Naveen Das,44.0,Male,Sales,89621.64,1.5,2023-07-11,1,naveen.das323@company.com,Chennai,On Leave
EMP10325,Sanjay Das,45.0,Female,Sales,35009.92,1.2,2018-05-08,2,sanjay.das324@company.com,Bengaluru,On Leave
EMP10326,Kavin Raj,52.0,Female,HR,53170.88,12.2,2017-07-19,4,kavin.raj325@company.com,Pune,Active
EMP10327,Sanjay Reddy,26.0,Female,Marketing,77213.52,29.1,2022-10-06,4,sanjay.reddy326@company.com,Chennai,Inactive
EMP10328,Rahul Singh,38.0,Female,Marketing,53067.25,26.9,2023-09-02,2,rahul.singh327@company.com,Bengaluru,On Leave
EMP10329,Kavin Raj,24.0,Male,IT,36531.71,21.5,2023-09-25,2,kavin.raj328@company.com,Chennai,Inactive
EMP10330,Rahul Raj,31.0,Female,Operations,100877.85,10.2,2022-02-22,5,rahul.raj329@company.com,Bengaluru,On Leave
EMP10331,Bala Iyer,53.0,Male,Marketing,96066.95,28.4,2016-11-10,1,bala.iyer330@company.com,Bengaluru,Inactive
EMP10332,Divya Das,39.0,Male,Marketing,46338.48,13.0,2025-12-26,1,divya.das331@company.com,Coimbatore,Active
EMP10333,Divya Singh,43.0,Female,Sales,51010.17,32.5,2017-01-24,5,divya.singh332@company.com,Chennai,Inactive
EMP10334,Rahul Iyer,56.0,Male,IT,88788.22,11.1,2021-01-12,1,rahul.iyer333@company.com,Mumbai,Active
EMP10335,Meena Reddy,39.0,Female,Operations,85426.72,7.7,2022-08-14,4,meena.reddy334@company.com,Pune,Inactive
EMP10336,Priya Khan,53.0,Male,HR,41855.73,19.1,2025-09-22,4,priya.khan335@company.com,Coimbatore,Inactive
EMP10337,Rahul Nair,50.0,Male,Operations,94154.98,3.8,2019-04-27,2,rahul.nair336@company.com,Mumbai,Inactive
EMP10338,Sanjay Khan,52.0,Male,IT,71397.44,5.3,2020-11-05,5,sanjay.khan337@company.com,Coimbatore,Inactive
EMP10339,Bala Iyer,54.0,Male,IT,73294.25,10.4,2017-07-07,4,bala.iyer338@company.com,Bengaluru,Active
EMP10340,Naveen Singh,46.0,Male,Finance,97306.55,5.6,2024-10-16,1,naveen.singh339@company.com,Mumbai,Inactive
EMP10341,Meena Singh,26.0,Male,Operations,108737.82,9.7,2017-10-02,3,meena.singh340@company.com,Mumbai,Inactive
EMP10342,Meena Khan,46.0,Male,Marketing,77733.07,25.7,2021-11-27,2,meena.khan341@company.com,Chennai,On Leave
EMP10343,Vijay Khan,34.0,Female,IT,76176.09,18.3,2024-10-26,4,vijay.khan342@company.com,Coimbatore,On Leave
EMP10344,Vijay Kumar,38.0,Female,HR,26048.0,26.2,2019-09-20,3,vijay.kumar343@company.com,Chennai,Active
EMP10345,Kavin Khan,37.0,Male,Sales,39144.36,10.7,2022-03-05,2,kavin.khan344@company.com,Mumbai,On Leave
EMP10346,Rahul Iyer,25.0,Female,Finance,61610.71,22.5,2024-08-22,3,rahul.iyer345@company.com,Pune,Inactive
EMP10347,Kavin Reddy,47.0,Male,Finance,62194.94,14.4,2022-07-21,2,kavin.reddy346@company.com,Hyderabad,Active
EMP10348,Divya Nair,59.0,Male,Sales,40854.09,6.3,2018-01-23,4,divya.nair347@company.com,Hyderabad,Inactive
EMP10349,Naveen Khan,50.0,Female,IT,86020.92,2.3,2024-07-20,4,naveen.khan348@company.com,Bengaluru,On Leave
EMP10350,Naveen Reddy,45.0,Male,IT,89264.45,28.2,2017-01-14,3,naveen.reddy349@company.com,Bengaluru,On Leave
EMP10351,Naveen Singh,43.0,Female,Sales,91064.49,26.1,2024-06-21,4,naveen.singh350@company.com,Chennai,Inactive
EMP10352,Kavin Sharma,40.0,Female,HR,66818.9,5.2,2021-01-23,1,kavin.sharma351@company.com,Chennai,Inactive
EMP10353,Vijay Reddy,39.0,Female,IT,60285.09,2.2,2025-11-25,4,vijay.reddy352@company.com,Coimbatore,Inactive
EMP10354,Kavin Sharma,54.0,Female,Sales,65018.57,22.3,2025-06-15,4,kavin.sharma353@company.com,Mumbai,Inactive
EMP10355,Meena Nair,32.0,Female,HR,95298.71,33.3,2019-09-20,5,meena.nair354@company.com,Chennai,Inactive
EMP10356,Kavin Singh,31.0,Male,Marketing,56778.57,0.9,2015-06-13,1,kavin.singh355@company.com,Bengaluru,Active
EMP10357,Meena Nair,40.0,Female,Marketing,49633.19,15.0,2017-05-05,4,meena.nair356@company.com,Pune,On Leave
EMP10358,Meena Iyer,42.0,Male,HR,68527.75,16.9,2020-10-04,2,meena.iyer357@company.com,Chennai,Inactive
EMP10359,Meena Das,56.0,Female,Sales,66500.82,25.5,2020-09-22,4,meena.das358@company.com,Bengaluru,Active
EMP10360,Arun Khan,52.0,Female,Marketing,112649.19,16.5,2019-08-12,2,arun.khan359@company.com,Coimbatore,Inactive
EMP10361,Bala Reddy,51.0,Female,Marketing,28447.32,9.7,2021-12-14,2,bala.reddy360@company.com,Hyderabad,On Leave
EMP10362,Vijay Khan,37.0,Female,HR,60264.67,15.0,2023-06-12,1,vijay.khan361@company.com,Coimbatore,Active
EMP10363,Naveen Das,57.0,Male,Marketing,28193.29,2.2,2024-11-25,5,naveen.das362@company.com,Bengaluru,Active
EMP10364,Vijay Iyer,25.0,Male,Sales,54943.0,27.0,2020-02-24,3,vijay.iyer363@company.com,Mumbai,Active
EMP10365,Arun Sharma,41.0,Female,Operations,37158.88,30.9,2019-10-26,4,arun.sharma364@company.com,Bengaluru,Inactive
EMP10366,Divya Khan,35.0,Female,Marketing,94427.99,34.3,2016-05-03,2,divya.khan365@company.com,Coimbatore,Inactive
EMP10367,Divya Reddy,58.0,Female,Marketing,78706.37,16.2,2023-05-12,1,divya.reddy366@company.com,Pune,Inactive
EMP10368,Sanjay Iyer,54.0,Female,Marketing,39368.45,7.9,2024-09-07,1,sanjay.iyer367@company.com,Hyderabad,On Leave
EMP10369,Rahul Kumar,38.0,Male,Finance,118149.1,8.0,2024-11-09,1,rahul.kumar368@company.com,Bengaluru,On Leave
EMP10370,Priya Khan,38.0,Male,Finance,83225.52,7.9,2016-01-10,5,priya.khan369@company.com,Pune,On Leave
EMP10371,Vijay Nair,26.0,Male,Finance,114841.32,29.7,2016-10-02,3,vijay.nair370@company.com,Pune,On Leave
EMP10372,Arun Khan,60.0,Female,Sales,76816.03,2.2,2022-06-28,3,arun.khan371@company.com,Coimbatore,On Leave
EMP10373,Divya Singh,31.0,Male,HR,117915.87,27.8,2015-07-21,4,divya.singh372@company.com,Mumbai,On Leave
EMP10374,Kavin Kumar,47.0,Male,Sales,56370.43,26.5,2020-08-08,5,kavin.kumar373@company.com,Bengaluru,Inactive
EMP10375,Priya Singh,36.0,Female,Sales,108560.28,30.5,2025-09-08,2,priya.singh374@company.com,Mumbai,On Leave
EMP10376,Arun Sharma,49.0,Female,Marketing,98341.19,1.0,2023-08-03,4,arun.sharma375@company.com,Coimbatore,On Leave
EMP10377,Rahul Iyer,54.0,Female,Sales,62119.19,27.9,2021-04-23,1,rahul.iyer376@company.com,Bengaluru,Active
EMP10378,Sanjay Das,40.0,Female,Marketing,66901.86,6.8,2024-08-24,4,sanjay.das377@company.com,Bengaluru,On Leave
EMP10379,Vijay Nair,49.0,Female,IT,96960.78,9.7,2022-07-09,2,vijay.nair378@company.com,Coimbatore,Inactive
EMP10380,Kavin Patel,41.0,Female,Finance,77992.92,5.8,2017-03-27,2,kavin.patel379@company.com,Pune,Active
EMP10381,Naveen Nair,59.0,Female,Finance,38367.6,7.1,2022-05-28,3,naveen.nair380@company.com,Mumbai,On Leave
EMP10382,Meena Raj,58.0,Female,Marketing,66830.72,21.5,2020-03-09,4,meena.raj381@company.com,Pune,On Leave
EMP10383,Priya Das,32.0,Female,IT,72994.64,33.8,2021-05-21,5,priya.das382@company.com,Bengaluru,Active
EMP10384,Bala Das,55.0,Female,Sales,40765.72,30.9,2025-07-27,5,bala.das383@company.com,Pune,Inactive
EMP10385,Kavin Singh,46.0,Female,Marketing,33837.9,1.0,2018-02-26,5,kavin.singh384@company.com,Bengaluru,On Leave
EMP10386,Divya Raj,56.0,Male,Marketing,42804.13,30.0,2018-06-18,3,divya.raj385@company.com,Pune,On Leave
EMP10387,Kavin Kumar,32.0,Male,Operations,110623.12,22.8,2023-05-24,2,kavin.kumar386@company.com,Mumbai,Active
EMP10388,Arun Raj,43.0,Female,Sales,103683.68,11.7,2024-05-28,2,arun.raj387@company.com,Bengaluru,On Leave
EMP10389,Bala Sharma,54.0,Female,HR,47788.04,5.0,2023-03-15,2,bala.sharma388@company.com,Mumbai,Active
EMP10390,Rahul Nair,32.0,Female,Operations,86859.02,21.7,2020-01-05,4,rahul.nair389@company.com,Coimbatore,Inactive
EMP10391,Meena Kumar,32.0,Male,HR,105155.05,8.9,2015-04-16,2,meena.kumar390@company.com,Pune,On Leave
EMP10392,Sanjay Kumar,23.0,Male,IT,54917.36,0.1,2021-06-09,4,sanjay.kumar391@company.com,Hyderabad,Active
EMP10393,Priya Nair,22.0,Male,IT,104518.91,9.8,2017-04-26,1,priya.nair392@company.com,Pune,Inactive
EMP10394,Arun Patel,59.0,Female,Marketing,59235.89,2.4,2023-05-21,4,arun.patel393@company.com,Mumbai,Active
EMP10395,Meena Nair,35.0,Female,Operations,110842.75,8.1,2023-03-28,5,meena.nair394@company.com,Mumbai,On Leave
EMP10396,Divya Iyer,36.0,Male,Sales,49727.25,31.8,2025-11-23,3,divya.iyer395@company.com,Bengaluru,Active
EMP10397,Naveen Sharma,48.0,Female,Operations,62027.14,13.3,2018-05-08,3,naveen.sharma396@company.com,Hyderabad,On Leave
EMP10398,Divya Kumar,40.0,Male,Operations,117796.03,3.9,2018-01-25,2,divya.kumar397@company.com,Bengaluru,Inactive
EMP10399,Divya Khan,59.0,Female,Operations,51603.55,30.0,2017-03-03,2,divya.khan398@company.com,Hyderabad,Inactive
EMP10400,Bala Reddy,40.0,Male,Operations,101466.14,0.6,2021-09-27,4,bala.reddy399@company.com,Chennai,Active
EMP10401,Rahul Das,40.0,Female,IT,107911.61,3.9,2020-05-04,1,rahul.das400@company.com,Chennai,Inactive
EMP10402,Kavin Nair,51.0,Male,Finance,29381.74,19.9,2018-09-14,3,kavin.nair401@company.com,Bengaluru,Inactive
EMP10403,Meena Das,56.0,Male,Operations,46503.39,25.6,2023-04-27,4,meena.das402@company.com,Coimbatore,Active
EMP10404,Rahul Patel,49.0,Female,IT,105965.07,23.4,2020-09-24,5,rahul.patel403@company.com,Hyderabad,On Leave
EMP10405,Bala Patel,51.0,Male,Finance,65772.35,9.4,2016-05-21,5,bala.patel404@company.com,Mumbai,Active
EMP10406,Divya Nair,41.0,Female,IT,45921.4,17.1,2019-09-09,4,divya.nair405@company.com,Hyderabad,On Leave
EMP10407,Priya Iyer,56.0,Male,Sales,103782.25,30.8,2015-08-13,4,priya.iyer406@company.com,Mumbai,On Leave
EMP10408,Kavin Khan,33.0,Female,HR,69121.16,4.8,2017-10-20,5,kavin.khan407@company.com,Mumbai,Inactive
EMP10409,Bala Khan,43.0,Male,HR,82673.51,22.1,2018-09-19,4,bala.khan408@company.com,Chennai,On Leave
EMP10410,Vijay Iyer,28.0,Female,IT,37510.88,8.2,2017-06-12,2,vijay.iyer409@company.com,Coimbatore,Inactive
EMP10411,Bala Singh,45.0,Male,Operations,82061.85,26.0,2015-08-23,1,bala.singh410@company.com,Mumbai,Inactive
EMP10412,Sanjay Nair,39.0,Female,HR,59376.04,16.5,2024-11-08,3,sanjay.nair411@company.com,Hyderabad,Active
EMP10413,Rahul Khan,22.0,Female,HR,67794.2,16.6,2017-08-14,3,rahul.khan412@company.com,Mumbai,Inactive
EMP10414,Arun Reddy,41.0,Male,Finance,44664.29,18.1,2020-01-14,1,arun.reddy413@company.com,Chennai,On Leave
EMP10415,Vijay Raj,29.0,Male,HR,28488.53,3.8,2024-07-21,5,vijay.raj414@company.com,Hyderabad,Inactive
EMP10416,Sanjay Kumar,30.0,Female,HR,102584.81,10.0,2015-08-21,3,sanjay.kumar415@company.com,Hyderabad,Active
EMP10417,Priya Sharma,60.0,Female,IT,79604.06,1.0,2025-03-11,5,priya.sharma416@company.com,Pune,On Leave
EMP10418,Naveen Reddy,22.0,Male,Sales,62037.87,25.5,2022-08-21,5,naveen.reddy417@company.com,Hyderabad,Inactive
EMP10419,Sanjay Sharma,33.0,Male,Operations,89087.75,10.4,2024-07-28,2,sanjay.sharma418@company.com,Bengaluru,Active
EMP10420,Sanjay Reddy,26.0,Male,Marketing,25148.68,22.3,2021-07-17,4,sanjay.reddy419@company.com,Coimbatore,On Leave
EMP10421,Arun Kumar,39.0,Female,Finance,49385.95,23.3,2015-04-18,5,arun.kumar420@company.com,Hyderabad,On Leave
EMP10422,Sanjay Reddy,40.0,Female,IT,81650.54,19.2,2015-01-12,2,sanjay.reddy421@company.com,Coimbatore,Inactive
EMP10423,Divya Patel,36.0,Male,IT,96235.82,14.4,2023-10-02,3,divya.patel422@company.com,Pune,Active
EMP10424,Priya Khan,32.0,Male,HR,81875.78,17.6,2017-06-09,1,priya.khan423@company.com,Coimbatore,Active
EMP10425,Bala Khan,60.0,Male,HR,108001.37,25.3,2025-05-02,5,bala.khan424@company.com,Hyderabad,On Leave
EMP10426,Kavin Kumar,59.0,Male,Sales,103756.68,34.7,2016-01-09,4,kavin.kumar425@company.com,Hyderabad,Active
EMP10427,Arun Sharma,56.0,Female,Marketing,67641.04,3.0,2024-05-21,1,arun.sharma426@company.com,Bengaluru,Active
EMP10428,Vijay Khan,52.0,Female,Operations,69327.74,28.6,2020-12-21,3,vijay.khan427@company.com,Bengaluru,Active
EMP10429,Divya Iyer,39.0,Female,IT,63370.3,2.7,2023-05-06,2,divya.iyer428@company.com,Hyderabad,Inactive
EMP10430,Arun Iyer,51.0,Female,Marketing,67409.85,27.9,2017-03-28,4,arun.iyer429@company.com,Pune,Active
EMP10431,Sanjay Nair,36.0,Female,HR,97138.35,3.5,2025-10-27,1,sanjay.nair430@company.com,Bengaluru,On Leave
EMP10432,Sanjay Das,57.0,Male,Operations,62332.55,18.4,2016-08-28,5,sanjay.das431@company.com,Hyderabad,Inactive
EMP10433,Meena Reddy,28.0,Male,IT,38546.44,31.2,2015-04-19,5,meena.reddy432@company.com,Mumbai,Inactive
EMP10434,Kavin Patel,31.0,Male,Operations,86353.13,22.3,2025-11-11,1,kavin.patel433@company.com,Coimbatore,Inactive
EMP10435,Sanjay Reddy,59.0,Male,Sales,105478.25,18.6,2018-08-12,1,sanjay.reddy434@company.com,Mumbai,On Leave
EMP10436,Priya Singh,52.0,Male,Finance,90386.05,4.9,2019-08-24,3,priya.singh435@company.com,Coimbatore,Inactive
EMP10437,Rahul Das,24.0,Male,HR,116581.65,13.4,2025-06-11,3,rahul.das436@company.com,Mumbai,On Leave
EMP10438,Arun Patel,27.0,Male,Sales,96840.29,16.0,2024-05-26,5,arun.patel437@company.com,Pune,On Leave
EMP10439,Bala Singh,58.0,Male,Marketing,115812.29,11.0,2021-06-04,2,bala.singh438@company.com,Pune,On Leave
EMP10440,Rahul Singh,30.0,Male,Finance,118481.25,10.1,2018-01-13,4,rahul.singh439@company.com,Bengaluru,Active
EMP10441,Kavin Raj,26.0,Male,Operations,39643.78,19.4,2016-06-21,3,kavin.raj440@company.com,Hyderabad,Active
EMP10442,Priya Singh,44.0,Female,Marketing,66841.93,10.6,2017-10-17,5,priya.singh441@company.com,Bengaluru,Inactive
EMP10443,Rahul Iyer,42.0,Female,Operations,116809.65,19.5,2017-01-28,5,rahul.iyer442@company.com,Bengaluru,Inactive
EMP10444,Naveen Iyer,56.0,Female,Sales,39299.54,28.6,2018-03-17,3,naveen.iyer443@company.com,Hyderabad,Active
EMP10445,Naveen Singh,39.0,Male,Finance,84223.57,19.9,2024-03-05,5,naveen.singh444@company.com,Bengaluru,Inactive
EMP10446,Vijay Singh,29.0,Female,Operations,28748.66,16.6,2018-06-19,3,vijay.singh445@company.com,Coimbatore,Active
EMP10447,Sanjay Khan,55.0,Female,Marketing,93603.61,18.7,2020-05-22,3,sanjay.khan446@company.com,Pune,Inactive
EMP10448,Divya Singh,60.0,Male,Finance,36857.98,27.8,2018-09-14,2,divya.singh447@company.com,Coimbatore,Inactive
EMP10449,Rahul Iyer,33.0,Female,Operations,117112.73,33.2,2024-12-12,4,rahul.iyer448@company.com,Pune,Inactive
EMP10450,Rahul Nair,53.0,Female,Sales,71733.45,10.6,2018-06-11,1,rahul.nair449@company.com,Coimbatore,On Leave
EMP10451,Divya Sharma,45.0,Male,Operations,66916.25,21.2,2023-03-18,1,divya.sharma450@company.com,Mumbai,Inactive
EMP10452,Sanjay Kumar,35.0,Male,Marketing,68318.03,15.5,2018-07-13,3,sanjay.kumar451@company.com,Chennai,Active
EMP10453,Arun Reddy,30.0,Male,IT,30649.8,0.1,2015-01-01,3,arun.reddy452@company.com,Pune,Active
EMP10454,Divya Kumar,59.0,Female,IT,49324.52,1.1,2021-02-22,5,divya.kumar453@company.com,Mumbai,Inactive
EMP10455,Arun Khan,43.0,Female,Operations,93657.16,24.2,2024-05-16,4,arun.khan454@company.com,Pune,On Leave
EMP10456,Rahul Kumar,23.0,Female,HR,56673.7,25.7,2023-03-19,2,rahul.kumar455@company.com,Mumbai,On Leave
EMP10457,Arun Kumar,29.0,Female,Marketing,119491.62,3.1,2021-03-01,4,arun.kumar456@company.com,Pune,Inactive
EMP10458,Arun Iyer,46.0,Male,Operations,85126.1,2.4,2022-08-05,4,arun.iyer457@company.com,Pune,Inactive
EMP10459,Bala Raj,30.0,Male,Marketing,97781.01,29.6,2016-08-23,1,bala.raj458@company.com,Coimbatore,Active
EMP10460,Vijay Iyer,55.0,Female,Finance,32376.69,14.3,2020-11-03,3,vijay.iyer459@company.com,Bengaluru,Inactive
EMP10461,Bala Das,35.0,Male,Sales,101782.34,33.2,2016-03-27,2,bala.das460@company.com,Hyderabad,On Leave
EMP10462,Kavin Patel,38.0,Male,Operations,72559.31,27.8,2020-12-02,2,kavin.patel461@company.com,Chennai,On Leave
EMP10463,Bala Reddy,47.0,Female,Sales,63272.96,10.3,2016-07-03,3,bala.reddy462@company.com,Hyderabad,On Leave
EMP10464,Arun Kumar,50.0,Female,Operations,80409.46,29.5,2015-09-21,5,arun.kumar463@company.com,Coimbatore,Active
EMP10465,Priya Das,42.0,Male,Marketing,45389.67,14.6,2023-06-17,2,priya.das464@company.com,Chennai,On Leave
EMP10466,Kavin Singh,31.0,Female,Operations,103036.04,19.4,2018-02-14,2,kavin.singh465@company.com,Mumbai,Inactive
EMP10467,Arun Raj,49.0,Male,Operations,47292.08,10.6,2020-04-13,3,arun.raj466@company.com,Bengaluru,On Leave
EMP10468,Divya Das,44.0,Male,HR,93462.24,14.1,2016-02-24,2,divya.das467@company.com,Coimbatore,On Leave
EMP10469,Priya Raj,32.0,Male,Finance,50796.97,14.1,2023-01-26,5,priya.raj468@company.com,Coimbatore,On Leave
EMP10470,Vijay Reddy,47.0,Female,Operations,92928.68,20.8,2015-07-24,2,vijay.reddy469@company.com,Mumbai,Inactive
EMP10471,Divya Raj,29.0,Male,Marketing,25362.89,8.6,2023-12-11,1,divya.raj470@company.com,Pune,Inactive
EMP10472,Bala Reddy,22.0,Female,IT,37343.34,19.8,2016-12-04,4,bala.reddy471@company.com,Chennai,Inactive
EMP10473,Naveen Kumar,39.0,Female,Operations,109727.85,15.2,2015-06-16,4,naveen.kumar472@company.com,Bengaluru,Inactive
EMP10474,Kavin Das,58.0,Male,Marketing,36022.15,1.5,2015-12-27,1,kavin.das473@company.com,Hyderabad,Inactive
EMP10475,Vijay Reddy,31.0,Male,HR,38216.01,8.9,2025-05-01,4,vijay.reddy474@company.com,Mumbai,Inactive
EMP10476,Bala Raj,32.0,Male,Finance,115323.41,24.6,2023-05-20,3,bala.raj475@company.com,Coimbatore,Inactive
EMP10477,Priya Das,40.0,Male,Finance,86194.18,1.7,2019-06-16,4,priya.das476@company.com,Chennai,Active
EMP10478,Meena Nair,56.0,Male,Finance,68481.46,7.3,2017-12-09,4,meena.nair477@company.com,Bengaluru,Active
EMP10479,Bala Sharma,28.0,Female,Sales,97918.92,14.6,2018-02-16,1,bala.sharma478@company.com,Hyderabad,On Leave
EMP10480,Bala Kumar,30.0,Male,HR,107627.5,25.6,2020-01-04,5,bala.kumar479@company.com,Bengaluru,On Leave
EMP10481,Vijay Khan,44.0,Female,Finance,82736.45,10.3,2022-08-07,4,vijay.khan480@company.com,Hyderabad,Active
EMP10482,Priya Reddy,39.0,Male,HR,95024.17,34.1,2019-12-08,1,priya.reddy481@company.com,Pune,On Leave
EMP10483,Vijay Iyer,57.0,Male,IT,33107.43,1.5,2023-01-22,2,vijay.iyer482@company.com,Pune,Inactive
EMP10484,Divya Patel,31.0,Male,Finance,26395.87,13.3,2022-02-22,1,divya.patel483@company.com,Bengaluru,Inactive
EMP10485,Bala Sharma,57.0,Female,Sales,115140.37,1.1,2017-06-17,4,bala.sharma484@company.com,Bengaluru,Inactive
EMP10486,Rahul Raj,45.0,Female,Finance,93861.37,30.7,2024-12-26,1,rahul.raj485@company.com,Bengaluru,Active
EMP10487,Vijay Khan,41.0,Male,IT,68217.29,9.4,2015-08-28,2,vijay.khan486@company.com,Hyderabad,Active
EMP10488,Meena Kumar,33.0,Female,Sales,36927.27,0.6,2025-09-02,5,meena.kumar487@company.com,Bengaluru,On Leave
EMP10489,Naveen Nair,27.0,Male,Finance,66373.22,11.6,2023-01-23,2,naveen.nair488@company.com,Hyderabad,On Leave
EMP10490,Meena Das,28.0,Female,Marketing,58069.08,13.0,2025-05-04,5,meena.das489@company.com,Pune,Active
EMP10491,Naveen Sharma,28.0,Female,Sales,108529.24,23.6,2025-08-01,1,naveen.sharma490@company.com,Bengaluru,Inactive
EMP10492,Vijay Singh,29.0,Female,Finance,44674.02,5.3,2022-03-09,5,vijay.singh491@company.com,Hyderabad,Inactive
EMP10493,Naveen Raj,55.0,Male,Marketing,82312.72,16.6,2021-12-26,4,naveen.raj492@company.com,Coimbatore,On Leave
EMP10494,Sanjay Kumar,47.0,Male,Operations,119069.84,8.4,2022-04-18,3,sanjay.kumar493@company.com,Hyderabad,On Leave
EMP10495,Rahul Patel,36.0,Female,Operations,78322.89,27.2,2015-11-26,4,rahul.patel494@company.com,Chennai,Inactive
EMP10496,Divya Patel,28.0,Male,IT,38376.28,21.8,2024-11-13,3,divya.patel495@company.com,Bengaluru,On Leave
EMP10497,Priya Reddy,32.0,Female,HR,118257.07,18.5,2018-12-11,3,priya.reddy496@company.com,Hyderabad,On Leave
EMP10498,Vijay Reddy,22.0,Female,Marketing,57793.26,32.1,2022-06-28,1,vijay.reddy497@company.com,Mumbai,On Leave
EMP10499,Sanjay Kumar,52.0,Male,Finance,92233.53,2.2,2015-02-05,4,sanjay.kumar498@company.com,Pune,On Leave
EMP10500,Bala Singh,32.0,Male,Operations,29233.56,14.5,2020-11-02,5,bala.singh499@company.com,Pune,Inactive
EMP10501,Vijay Kumar,42.0,Female,Marketing,116419.47,21.7,2020-02-14,2,vijay.kumar500@company.com,Pune,On Leave
EMP10502,Naveen Reddy,34.0,Female,HR,68566.8,19.6,2020-08-12,5,naveen.reddy501@company.com,Chennai,Active
EMP10503,Kavin Iyer,54.0,Male,Operations,38014.91,34.8,2016-11-28,4,kavin.iyer502@company.com,Mumbai,On Leave
EMP10504,Rahul Das,27.0,Male,Sales,35344.86,22.3,2022-11-26,1,rahul.das503@company.com,Hyderabad,On Leave
EMP10505,Naveen Kumar,33.0,Female,Sales,49656.47,15.3,2017-07-23,2,naveen.kumar504@company.com,Chennai,Inactive
EMP10506,Bala Raj,47.0,Female,Operations,26348.05,29.0,2025-02-17,3,bala.raj505@company.com,Coimbatore,Inactive
EMP10507,Naveen Nair,37.0,Female,IT,117844.25,26.5,2024-08-04,1,naveen.nair506@company.com,Mumbai,Inactive
EMP10508,Rahul Raj,60.0,Female,Sales,99228.14,33.6,2016-06-22,4,rahul.raj507@company.com,Pune,On Leave
EMP10509,Naveen Raj,30.0,Male,Finance,104363.74,27.5,2024-11-21,2,naveen.raj508@company.com,Chennai,On Leave
EMP10510,Arun Das,23.0,Male,Operations,73894.94,28.3,2020-05-27,1,arun.das509@company.com,Chennai,On Leave
EMP10511,Kavin Iyer,50.0,Female,IT,70684.56,23.2,2024-04-09,3,kavin.iyer510@company.com,Mumbai,Active
EMP10512,Sanjay Reddy,55.0,Male,Sales,119359.23,1.6,2021-01-03,4,sanjay.reddy511@company.com,Coimbatore,Inactive
EMP10513,Divya Reddy,41.0,Male,Sales,96655.17,32.1,2015-07-27,2,divya.reddy512@company.com,Chennai,On Leave
EMP10514,Rahul Khan,35.0,Male,Sales,84093.76,34.7,2018-05-27,2,rahul.khan513@company.com,Hyderabad,Active
EMP10515,Kavin Patel,25.0,Male,Operations,105490.81,31.6,2024-04-20,2,kavin.patel514@company.com,Chennai,On Leave
EMP10516,Sanjay Sharma,32.0,Female,Finance,96418.36,8.0,2015-01-22,2,sanjay.sharma515@company.com,Bengaluru,Active
EMP10517,Bala Patel,50.0,Female,Operations,65981.16,25.2,2022-03-21,3,bala.patel516@company.com,Hyderabad,On Leave
EMP10518,Vijay Reddy,33.0,Male,Marketing,97083.74,9.9,2021-07-07,2,vijay.reddy517@company.com,Hyderabad,On Leave
EMP10519,Naveen Das,26.0,Female,Sales,64847.56,27.3,2024-04-15,2,naveen.das518@company.com,Mumbai,Active
EMP10520,Vijay Khan,50.0,Female,HR,49254.36,10.3,2021-12-14,1,vijay.khan519@company.com,Pune,Active
EMP10521,Bala Singh,48.0,Female,Finance,31555.72,32.9,2019-01-03,3,bala.singh520@company.com,Chennai,Active
EMP10522,Divya Iyer,57.0,Male,Sales,90893.72,27.0,2024-04-03,2,divya.iyer521@company.com,Hyderabad,On Leave
EMP10523,Vijay Reddy,44.0,Male,Sales,29313.31,10.2,2019-05-09,1,vijay.reddy522@company.com,Coimbatore,Inactive
EMP10524,Sanjay Sharma,27.0,Male,Sales,30190.27,34.1,2021-07-06,5,sanjay.sharma523@company.com,Bengaluru,Active
EMP10525,Naveen Nair,41.0,Male,Marketing,46889.58,0.1,2018-12-12,3,naveen.nair524@company.com,Chennai,Inactive
EMP10526,Rahul Sharma,57.0,Female,IT,95480.15,29.7,2021-10-18,5,rahul.sharma525@company.com,Hyderabad,On Leave
EMP10527,Priya Nair,46.0,Female,Sales,49017.29,9.5,2023-11-15,4,priya.nair526@company.com,Pune,Inactive
EMP10528,Divya Raj,60.0,Female,Marketing,45946.4,26.7,2020-05-08,1,divya.raj527@company.com,Chennai,Active
EMP10529,Arun Patel,37.0,Male,IT,32453.3,19.1,2024-11-02,1,arun.patel528@company.com,Mumbai,Inactive
EMP10530,Rahul Khan,38.0,Male,Operations,115461.07,1.5,2023-01-04,4,rahul.khan529@company.com,Hyderabad,On Leave
EMP10531,Vijay Raj,46.0,Male,Finance,37344.43,19.6,2015-01-25,3,vijay.raj530@company.com,Mumbai,Inactive
EMP10532,Rahul Iyer,57.0,Male,IT,117379.9,15.7,2016-08-15,3,rahul.iyer531@company.com,Hyderabad,Active
EMP10533,Meena Kumar,27.0,Male,Sales,112494.48,24.3,2021-09-17,2,meena.kumar532@company.com,Bengaluru,Inactive
EMP10534,Rahul Raj,50.0,Female,IT,38506.19,7.5,2018-04-21,3,rahul.raj533@company.com,Coimbatore,On Leave
EMP10535,Vijay Reddy,38.0,Male,IT,91611.14,25.4,2021-01-17,3,vijay.reddy534@company.com,Mumbai,Active
EMP10536,Kavin Kumar,47.0,Female,Marketing,40488.36,27.5,2018-02-17,3,kavin.kumar535@company.com,Bengaluru,On Leave
EMP10537,Vijay Iyer,56.0,Female,IT,26084.71,24.6,2016-07-04,3,vijay.iyer536@company.com,Bengaluru,On Leave
EMP10538,Meena Khan,50.0,Male,Finance,102627.17,19.1,2015-08-19,5,meena.khan537@company.com,Mumbai,On Leave
EMP10539,Divya Reddy,22.0,Male,HR,54339.27,16.9,2022-03-19,4,divya.reddy538@company.com,Bengaluru,On Leave
EMP10540,Divya Singh,37.0,Male,IT,37512.93,30.3,2018-04-12,2,divya.singh539@company.com,Pune,Inactive
EMP10541,Priya Nair,43.0,Female,IT,88906.78,27.9,2021-08-23,3,priya.nair540@company.com,Mumbai,On Leave
EMP10542,Priya Reddy,37.0,Male,Sales,118281.04,22.0,2018-08-28,1,priya.reddy541@company.com,Chennai,On Leave
EMP10543,Priya Iyer,33.0,Female,Operations,52325.11,10.7,2025-12-17,1,priya.iyer542@company.com,Bengaluru,On Leave
EMP10544,Rahul Nair,26.0,Male,Finance,94606.41,14.2,2020-08-27,1,rahul.nair543@company.com,Mumbai,Active
EMP10545,Rahul Das,40.0,Male,HR,89366.39,2.5,2021-04-01,5,rahul.das544@company.com,Mumbai,Inactive
EMP10546,Priya Singh,41.0,Female,Sales,88790.52,22.1,2021-03-22,5,priya.singh545@company.com,Bengaluru,Inactive
EMP10547,Naveen Iyer,41.0,Female,Marketing,51396.01,9.7,2024-09-25,2,naveen.iyer546@company.com,Coimbatore,On Leave
EMP10548,Naveen Kumar,50.0,Female,HR,117824.9,3.6,2024-05-28,1,naveen.kumar547@company.com,Chennai,On Leave
EMP10549,Arun Raj,26.0,Male,IT,43032.45,20.4,2015-11-17,4,arun.raj548@company.com,Hyderabad,Inactive
EMP10550,Priya Singh,28.0,Female,Operations,50106.25,7.2,2023-03-16,2,priya.singh549@company.com,Coimbatore,On Leave
EMP10551,Divya Patel,45.0,Female,HR,87391.83,33.9,2025-07-07,3,divya.patel550@company.com,Pune,Inactive
EMP10552,Bala Das,50.0,Male,Operations,112924.61,2.4,2023-06-20,4,bala.das551@company.com,Pune,Active
EMP10553,Priya Patel,40.0,Female,Operations,84246.63,22.7,2019-02-22,3,priya.patel552@company.com,Pune,Active
EMP10554,Bala Raj,27.0,Male,HR,48834.84,23.7,2015-06-09,3,bala.raj553@company.com,Coimbatore,Inactive
EMP10555,Divya Khan,57.0,Female,IT,48704.81,0.1,2018-01-19,2,divya.khan554@company.com,Mumbai,On Leave
EMP10556,Arun Kumar,46.0,Female,Operations,39708.72,33.1,2020-03-16,5,arun.kumar555@company.com,Bengaluru,Active
EMP10557,Divya Nair,43.0,Male,HR,84394.45,13.1,2015-01-13,4,divya.nair556@company.com,Coimbatore,Inactive
EMP10558,Bala Raj,28.0,Male,Finance,49044.65,15.8,2015-10-04,1,bala.raj557@company.com,Bengaluru,Inactive
EMP10559,Priya Sharma,53.0,Male,Operations,88883.75,34.2,2015-10-18,3,priya.sharma558@company.com,Pune,Active
EMP10560,Sanjay Khan,56.0,Male,HR,109555.42,3.0,2023-12-15,4,sanjay.khan559@company.com,Mumbai,On Leave
EMP10561,Rahul Das,50.0,Male,Operations,73709.01,15.3,2017-08-28,1,rahul.das560@company.com,Coimbatore,On Leave
EMP10562,Priya Khan,41.0,Male,Operations,44382.34,22.9,2019-07-15,4,priya.khan561@company.com,Hyderabad,Active
EMP10563,Bala Sharma,54.0,Female,HR,45368.62,9.5,2016-08-11,5,bala.sharma562@company.com,Mumbai,On Leave
EMP10564,Naveen Reddy,24.0,Female,Finance,45457.72,20.9,2016-07-10,2,naveen.reddy563@company.com,Coimbatore,Active
EMP10565,Bala Singh,59.0,Female,Marketing,61412.0,17.3,2022-03-10,1,bala.singh564@company.com,Mumbai,On Leave
EMP10566,Arun Patel,48.0,Male,IT,74537.66,2.4,2024-01-09,5,arun.patel565@company.com,Mumbai,On Leave
EMP10567,Priya Patel,27.0,Female,Operations,100973.28,11.7,2015-06-05,1,priya.patel566@company.com,Chennai,Active
EMP10568,Priya Raj,39.0,Male,IT,99801.77,15.9,2024-11-27,4,priya.raj567@company.com,Hyderabad,On Leave
EMP10569,Sanjay Kumar,59.0,Female,Finance,65622.13,15.5,2025-05-15,4,sanjay.kumar568@company.com,Bengaluru,Active
EMP10570,Vijay Reddy,39.0,Male,Finance,103350.61,10.2,2025-10-25,5,vijay.reddy569@company.com,Mumbai,On Leave
EMP10571,Rahul Raj,25.0,Male,HR,81072.1,14.3,2025-06-24,4,rahul.raj570@company.com,Mumbai,Active
EMP10572,Meena Singh,49.0,Female,HR,35012.36,26.8,2020-02-25,1,meena.singh571@company.com,Chennai,Inactive
EMP10573,Sanjay Reddy,59.0,Male,Sales,40151.76,5.6,2019-01-10,4,sanjay.reddy572@company.com,Pune,Inactive
EMP10574,Sanjay Iyer,42.0,Male,Marketing,95943.78,25.2,2018-03-03,4,sanjay.iyer573@company.com,Coimbatore,Inactive
EMP10575,Meena Raj,26.0,Female,Marketing,25756.62,32.4,2025-08-10,1,meena.raj574@company.com,Coimbatore,Active
EMP10576,Priya Khan,42.0,Male,Operations,95540.43,2.7,2022-09-13,5,priya.khan575@company.com,Pune,On Leave
EMP10577,Meena Reddy,57.0,Male,Operations,85060.58,13.1,2024-07-16,1,meena.reddy576@company.com,Coimbatore,Active
EMP10578,Bala Reddy,42.0,Male,HR,110838.05,2.7,2017-07-22,1,bala.reddy577@company.com,Hyderabad,On Leave
EMP10579,Meena Sharma,26.0,Male,HR,89309.37,29.3,2021-03-25,1,meena.sharma578@company.com,Chennai,On Leave
EMP10580,Arun Sharma,50.0,Female,Sales,68622.98,14.4,2018-07-13,1,arun.sharma579@company.com,Bengaluru,On Leave
EMP10581,Divya Das,42.0,Male,IT,93280.26,25.6,2016-06-22,1,divya.das580@company.com,Pune,Inactive
EMP10582,Arun Das,51.0,Male,Sales,26817.25,5.8,2024-03-14,2,arun.das581@company.com,Bengaluru,On Leave
EMP10583,Meena Khan,31.0,Female,Operations,85290.73,20.4,2016-09-10,4,meena.khan582@company.com,Chennai,Inactive
EMP10584,Sanjay Das,32.0,Male,HR,48308.47,2.0,2020-03-22,4,sanjay.das583@company.com,Hyderabad,On Leave
EMP10585,Naveen Sharma,45.0,Male,Finance,83548.55,19.5,2015-01-19,3,naveen.sharma584@company.com,Chennai,On Leave
EMP10586,Kavin Iyer,31.0,Male,HR,64127.15,26.4,2016-02-19,5,kavin.iyer585@company.com,Chennai,Active
EMP10587,Arun Nair,22.0,Male,Finance,84984.8,18.6,2015-05-07,2,arun.nair586@company.com,Hyderabad,Active
EMP10588,Arun Iyer,38.0,Female,Operations,44593.95,13.7,2015-03-07,2,arun.iyer587@company.com,Pune,On Leave
EMP10589,Kavin Das,60.0,Female,IT,64830.81,0.6,2015-11-25,3,kavin.das588@company.com,Hyderabad,On Leave
EMP10590,Meena Raj,24.0,Male,Marketing,78264.44,22.0,2024-12-16,1,meena.raj589@company.com,Bengaluru,Active
EMP10591,Divya Singh,49.0,Male,Marketing,91241.16,26.3,2023-06-16,1,divya.singh590@company.com,Chennai,Inactive
EMP10592,Rahul Patel,28.0,Female,Finance,67872.94,6.4,2016-09-13,3,rahul.patel591@company.com,Bengaluru,Active
EMP10593,Arun Das,32.0,Female,IT,32191.47,13.6,2022-02-19,2,arun.das592@company.com,Bengaluru,On Leave
EMP10594,Vijay Singh,53.0,Female,Sales,28988.62,16.8,2023-08-04,4,vijay.singh593@company.com,Bengaluru,On Leave
EMP10595,Kavin Iyer,39.0,Female,IT,60669.55,28.1,2018-11-10,5,kavin.iyer594@company.com,Coimbatore,Active
EMP10596,Arun Singh,24.0,Male,Marketing,45910.58,12.3,2022-11-23,4,arun.singh595@company.com,Bengaluru,On Leave
EMP10597,Naveen Kumar,32.0,Female,Operations,87389.3,24.8,2025-11-02,1,naveen.kumar596@company.com,Hyderabad,On Leave
EMP10598,Bala Singh,30.0,Female,Marketing,25504.78,28.2,2022-09-04,1,bala.singh597@company.com,Coimbatore,Inactive
EMP10599,Arun Sharma,58.0,Male,Operations,74501.95,12.3,2024-04-17,3,arun.sharma598@company.com,Bengaluru,Active
EMP10600,Kavin Iyer,58.0,Female,Sales,44688.02,25.0,2025-07-28,1,kavin.iyer599@company.com,Pune,Inactive
EMP10601,Bala Khan,49.0,Female,HR,62121.74,5.6,2021-03-21,2,bala.khan600@company.com,Mumbai,Active
EMP10602,Bala Khan,57.0,Male,Marketing,105995.57,19.0,2024-12-10,5,bala.khan601@company.com,Chennai,Inactive
EMP10603,Kavin Patel,34.0,Female,Finance,92713.88,13.5,2022-11-25,5,kavin.patel602@company.com,Bengaluru,Inactive
EMP10604,Naveen Nair,23.0,Male,Finance,65360.83,31.8,2025-01-26,2,naveen.nair603@company.com,Coimbatore,Active
EMP10605,Divya Khan,33.0,Male,HR,67166.62,15.8,2015-06-25,3,divya.khan604@company.com,Coimbatore,Active
EMP10606,Rahul Nair,59.0,Female,Finance,96082.12,7.9,2019-10-14,5,rahul.nair605@company.com,Hyderabad,Active
EMP10607,Kavin Nair,48.0,Male,Finance,81553.81,9.3,2021-05-15,4,kavin.nair606@company.com,Hyderabad,Inactive
EMP10608,Bala Sharma,53.0,Male,Operations,97280.88,6.6,2018-10-05,4,bala.sharma607@company.com,Bengaluru,On Leave
EMP10609,Kavin Das,33.0,Male,IT,39307.77,7.6,2019-06-06,5,kavin.das608@company.com,Chennai,On Leave
EMP10610,Naveen Reddy,42.0,Female,Marketing,109404.09,28.9,2022-02-16,1,naveen.reddy609@company.com,Chennai,On Leave
EMP10611,Meena Sharma,50.0,Male,HR,66459.86,23.3,2016-02-08,3,meena.sharma610@company.com,Hyderabad,Inactive
EMP10612,Bala Nair,54.0,Male,HR,79786.73,2.4,2025-04-12,3,bala.nair611@company.com,Coimbatore,Active
EMP10613,Arun Singh,52.0,Female,IT,101128.06,23.6,2017-11-03,5,arun.singh612@company.com,Coimbatore,Inactive
EMP10614,Bala Khan,34.0,Male,Marketing,37357.66,0.8,2025-05-19,3,bala.khan613@company.com,Bengaluru,Active
EMP10615,Bala Singh,51.0,Male,Operations,54713.91,22.9,2017-06-06,2,bala.singh614@company.com,Hyderabad,Active
EMP10616,Naveen Raj,53.0,Male,HR,54350.82,4.6,2025-10-03,3,naveen.raj615@company.com,Hyderabad,Active
EMP10617,Vijay Reddy,37.0,Male,Operations,64407.44,14.1,2017-09-04,5,vijay.reddy616@company.com,Hyderabad,Inactive
EMP10618,Priya Reddy,50.0,Male,IT,96889.37,15.5,2024-11-25,4,priya.reddy617@company.com,Bengaluru,Active
EMP10619,Meena Patel,40.0,Male,Sales,107499.02,13.3,2016-07-28,5,meena.patel618@company.com,Coimbatore,Active
EMP10620,Meena Nair,26.0,Male,Sales,119584.96,34.3,2018-06-17,2,meena.nair619@company.com,Mumbai,Inactive
EMP10621,Bala Patel,41.0,Male,Sales,114293.52,17.6,2025-02-27,2,bala.patel620@company.com,Coimbatore,Inactive
EMP10622,Sanjay Singh,44.0,Female,Operations,112879.48,22.1,2021-09-27,1,sanjay.singh621@company.com,Mumbai,Active
EMP10623,Naveen Nair,31.0,Female,Marketing,77695.33,26.2,2021-04-01,4,naveen.nair622@company.com,Hyderabad,Inactive
EMP10624,Priya Patel,43.0,Male,IT,68241.34,23.4,2016-04-18,1,priya.patel623@company.com,Chennai,Inactive
EMP10625,Arun Patel,36.0,Female,HR,104624.72,28.1,2020-03-28,2,arun.patel624@company.com,Hyderabad,On Leave
EMP10626,Vijay Singh,51.0,Male,IT,108753.49,20.5,2015-06-02,4,vijay.singh625@company.com,Chennai,Active
EMP10627,Meena Iyer,47.0,Female,Operations,95353.65,3.3,2025-06-20,5,meena.iyer626@company.com,Chennai,Active
EMP10628,Naveen Sharma,47.0,Female,IT,33033.71,21.2,2018-07-16,3,naveen.sharma627@company.com,Coimbatore,On Leave
EMP10629,Naveen Khan,28.0,Female,HR,72649.69,34.2,2022-11-21,1,naveen.khan628@company.com,Pune,On Leave
EMP10630,Vijay Khan,56.0,Female,IT,44052.53,7.6,2015-07-25,5,vijay.khan629@company.com,Mumbai,Active
EMP10631,Sanjay Patel,51.0,Male,IT,37154.01,12.2,2019-07-12,1,sanjay.patel630@company.com,Hyderabad,Active
EMP10632,Arun Singh,38.0,Female,Marketing,105992.01,32.8,2017-11-02,2,arun.singh631@company.com,Coimbatore,Active
EMP10633,Arun Das,28.0,Female,Marketing,45025.34,8.0,2018-02-06,2,arun.das632@company.com,Coimbatore,Active
EMP10634,Divya Das,53.0,Male,HR,40911.65,5.2,2017-05-25,4,divya.das633@company.com,Chennai,Active
EMP10635,Bala Iyer,44.0,Female,Finance,100837.85,11.4,2022-08-28,2,bala.iyer634@company.com,Chennai,Inactive
EMP10636,Vijay Raj,60.0,Male,Finance,59731.59,12.4,2018-05-26,4,vijay.raj635@company.com,Bengaluru,Inactive
EMP10637,Divya Reddy,52.0,Female,Operations,98796.32,2.7,2022-08-23,2,divya.reddy636@company.com,Hyderabad,On Leave
EMP10638,Divya Iyer,52.0,Male,Operations,53729.85,19.7,2019-06-10,3,divya.iyer637@company.com,Mumbai,Inactive
EMP10639,Vijay Sharma,44.0,Female,Sales,32815.87,16.1,2024-09-23,2,vijay.sharma638@company.com,Bengaluru,On Leave
EMP10640,Divya Sharma,55.0,Female,Operations,68550.99,25.4,2016-03-12,1,divya.sharma639@company.com,Chennai,On Leave
EMP10641,Vijay Kumar,36.0,Male,IT,43928.37,1.6,2021-07-13,1,vijay.kumar640@company.com,Mumbai,Inactive
EMP10642,Vijay Raj,53.0,Male,Sales,109504.33,13.0,2025-05-18,5,vijay.raj641@company.com,Coimbatore,Inactive
EMP10643,Kavin Das,37.0,Male,Finance,87325.23,19.6,2020-03-28,1,kavin.das642@company.com,Coimbatore,On Leave
EMP10644,Naveen Nair,56.0,Male,HR,100973.2,4.3,2021-04-27,1,naveen.nair643@company.com,Bengaluru,Active
EMP10645,Bala Das,53.0,Male,Finance,36970.19,6.9,2015-01-05,3,bala.das644@company.com,Chennai,On Leave
EMP10646,Arun Reddy,34.0,Male,Sales,80034.87,17.1,2020-04-28,1,arun.reddy645@company.com,Pune,Inactive
EMP10647,Priya Nair,34.0,Female,Sales,87858.39,4.9,2020-08-28,5,priya.nair646@company.com,Bengaluru,On Leave
EMP10648,Bala Nair,51.0,Male,Marketing,106154.77,17.2,2020-02-16,5,bala.nair647@company.com,Pune,On Leave
EMP10649,Divya Nair,59.0,Male,HR,117143.02,20.0,2023-06-14,3,divya.nair648@company.com,Chennai,Inactive
EMP10650,Naveen Patel,31.0,Male,HR,59902.12,3.0,2015-11-05,4,naveen.patel649@company.com,Chennai,Inactive
EMP10651,Priya Sharma,46.0,Male,Operations,27397.55,8.8,2019-10-20,4,priya.sharma650@company.com,Chennai,On Leave
EMP10652,Naveen Khan,34.0,Male,Marketing,84230.39,21.0,2015-04-20,5,naveen.khan651@company.com,Hyderabad,On Leave
EMP10653,Priya Sharma,38.0,Male,Marketing,39444.61,16.0,2015-08-26,2,priya.sharma652@company.com,Hyderabad,Active
EMP10654,Bala Das,48.0,Female,IT,28805.62,10.2,2022-11-26,3,bala.das653@company.com,Coimbatore,Inactive
EMP10655,Meena Patel,34.0,Female,IT,69466.56,16.3,2023-07-02,2,meena.patel654@company.com,Chennai,Active
EMP10656,Vijay Iyer,38.0,Female,Sales,91887.91,32.7,2016-02-13,3,vijay.iyer655@company.com,Coimbatore,Active
EMP10657,Arun Reddy,42.0,Female,HR,97474.87,1.6,2015-08-19,4,arun.reddy656@company.com,Bengaluru,On Leave
EMP10658,Kavin Raj,36.0,Female,HR,111507.54,17.8,2019-07-20,1,kavin.raj657@company.com,Coimbatore,Active
EMP10659,Bala Nair,30.0,Female,HR,104722.14,5.6,2017-11-02,1,bala.nair658@company.com,Bengaluru,Inactive
EMP10660,Rahul Patel,53.0,Female,HR,29713.37,25.4,2023-09-08,3,rahul.patel659@company.com,Pune,On Leave
EMP10661,Divya Das,33.0,Female,Sales,61076.39,28.1,2017-11-07,3,divya.das660@company.com,Bengaluru,Active
EMP10662,Arun Patel,52.0,Male,Sales,98413.28,8.3,2019-05-08,2,arun.patel661@company.com,Hyderabad,Inactive
EMP10663,Meena Khan,59.0,Male,HR,26819.77,28.9,2020-08-09,1,meena.khan662@company.com,Coimbatore,On Leave
EMP10664,Bala Das,56.0,Male,Marketing,64765.32,10.2,2019-03-02,3,bala.das663@company.com,Hyderabad,On Leave
EMP10665,Sanjay Kumar,60.0,Female,Sales,50222.16,21.4,2017-08-06,4,sanjay.kumar664@company.com,Mumbai,Inactive
EMP10666,Vijay Singh,23.0,Female,Sales,83863.51,21.0,2018-04-22,2,vijay.singh665@company.com,Bengaluru,Active
EMP10667,Arun Iyer,57.0,Male,Marketing,116519.23,0.4,2015-09-04,4,arun.iyer666@company.com,Mumbai,On Leave
EMP10668,Bala Nair,40.0,Male,IT,54628.55,11.9,2022-08-27,4,bala.nair667@company.com,Coimbatore,Active
EMP10669,Divya Kumar,22.0,Female,Sales,33454.02,34.7,2015-12-08,2,divya.kumar668@company.com,Chennai,On Leave
EMP10670,Kavin Sharma,25.0,Male,Marketing,43856.65,5.8,2022-12-24,5,kavin.sharma669@company.com,Bengaluru,Inactive
EMP10671,Bala Reddy,46.0,Female,Marketing,111757.1,6.6,2022-06-10,1,bala.reddy670@company.com,Hyderabad,On Leave
EMP10672,Meena Iyer,47.0,Female,Sales,86514.06,9.6,2017-03-24,5,meena.iyer671@company.com,Chennai,On Leave
EMP10673,Bala Reddy,24.0,Male,IT,96919.57,1.9,2017-12-09,5,bala.reddy672@company.com,Coimbatore,On Leave
EMP10674,Bala Khan,47.0,Female,HR,93126.45,30.0,2016-04-12,4,bala.khan673@company.com,Bengaluru,On Leave
EMP10675,Priya Patel,44.0,Female,Sales,53391.43,3.7,2020-09-02,3,priya.patel674@company.com,Pune,Inactive
EMP10676,Arun Sharma,42.0,Female,Finance,65845.97,29.1,2020-05-01,4,arun.sharma675@company.com,Hyderabad,Active
EMP10677,Arun Reddy,59.0,Male,Finance,89804.55,33.2,2018-09-21,1,arun.reddy676@company.com,Pune,Active
EMP10678,Rahul Patel,26.0,Female,Finance,58737.51,1.6,2021-04-27,2,rahul.patel677@company.com,Chennai,Inactive
EMP10679,Meena Patel,42.0,Male,Sales,102993.2,19.8,2021-03-08,2,meena.patel678@company.com,Pune,On Leave
EMP10680,Kavin Sharma,31.0,Female,Finance,56045.5,0.4,2021-11-05,2,kavin.sharma679@company.com,Pune,Inactive
EMP10681,Meena Reddy,58.0,Male,Marketing,36277.36,34.3,2019-09-27,2,meena.reddy680@company.com,Pune,Active
EMP10682,Rahul Singh,22.0,Female,Sales,91471.99,21.6,2025-12-12,4,rahul.singh681@company.com,Pune,Inactive
EMP10683,Arun Iyer,60.0,Female,IT,41389.77,19.9,2020-12-26,1,arun.iyer682@company.com,Chennai,Inactive
EMP10684,Divya Iyer,60.0,Male,Marketing,117123.75,15.1,2016-07-20,1,divya.iyer683@company.com,Chennai,Active
EMP10685,Kavin Kumar,33.0,Male,IT,74740.72,7.6,2019-01-01,1,kavin.kumar684@company.com,Chennai,Inactive
EMP10686,Naveen Singh,42.0,Female,Finance,95792.05,2.7,2017-08-15,1,naveen.singh685@company.com,Bengaluru,Inactive
EMP10687,Bala Kumar,38.0,Female,IT,77944.5,5.5,2020-01-16,5,bala.kumar686@company.com,Bengaluru,Inactive
EMP10688,Divya Nair,27.0,Female,Marketing,78740.38,6.4,2022-06-27,5,divya.nair687@company.com,Mumbai,Inactive
EMP10689,Divya Patel,52.0,Female,Operations,53812.16,32.6,2020-05-22,2,divya.patel688@company.com,Pune,Active
EMP10690,Arun Reddy,44.0,Male,HR,75499.35,1.1,2019-10-20,3,arun.reddy689@company.com,Coimbatore,On Leave
EMP10691,Kavin Singh,39.0,Female,Operations,56550.43,32.5,2021-12-23,3,kavin.singh690@company.com,Coimbatore,Inactive
EMP10692,Sanjay Kumar,56.0,Male,Operations,32296.29,12.4,2018-03-26,4,sanjay.kumar691@company.com,Chennai,Inactive
EMP10693,Divya Khan,45.0,Female,HR,83123.95,13.1,2025-02-01,3,divya.khan692@company.com,Coimbatore,Inactive
EMP10694,Meena Reddy,53.0,Female,Sales,96252.7,18.6,2019-04-08,3,meena.reddy693@company.com,Bengaluru,Inactive
EMP10695,Kavin Nair,37.0,Female,Finance,103593.7,1.5,2024-12-13,2,kavin.nair694@company.com,Pune,On Leave
EMP10696,Vijay Raj,52.0,Female,HR,34094.26,11.1,2025-09-07,5,vijay.raj695@company.com,Mumbai,On Leave
EMP10697,Sanjay Khan,23.0,Male,Marketing,109187.27,32.7,2017-07-10,5,sanjay.khan696@company.com,Bengaluru,Inactive
EMP10698,Rahul Raj,37.0,Female,Finance,63305.01,26.3,2016-02-05,5,rahul.raj697@company.com,Bengaluru,On Leave
EMP10699,Meena Patel,50.0,Female,Operations,62831.64,15.5,2021-05-06,2,meena.patel698@company.com,Pune,On Leave
EMP10700,Kavin Sharma,25.0,Female,Marketing,97972.18,17.5,2024-02-15,2,kavin.sharma699@company.com,Coimbatore,Active
EMP10701,Naveen Sharma,53.0,Female,Operations,51066.54,31.6,2020-08-27,3,naveen.sharma700@company.com,Chennai,On Leave
EMP10702,Meena Patel,32.0,Male,Sales,92720.37,24.4,2018-01-09,3,meena.patel701@company.com,Hyderabad,Inactive
EMP10703,Vijay Khan,26.0,Male,IT,106433.21,28.7,2017-06-01,4,vijay.khan702@company.com,Bengaluru,On Leave
EMP10704,Sanjay Nair,43.0,Female,Operations,99413.31,9.3,2025-10-03,1,sanjay.nair703@company.com,Bengaluru,On Leave
EMP10705,Divya Iyer,33.0,Female,IT,87653.07,24.1,2015-11-09,1,divya.iyer704@company.com,Bengaluru,Active
EMP10706,Divya Patel,44.0,Female,Operations,31240.75,31.0,2019-04-23,1,divya.patel705@company.com,Mumbai,Active
EMP10707,Bala Singh,49.0,Female,Finance,37397.62,19.8,2023-10-14,2,bala.singh706@company.com,Coimbatore,On Leave
EMP10708,Priya Das,51.0,Female,Finance,34523.33,0.6,2017-04-16,2,priya.das707@company.com,Bengaluru,On Leave
EMP10709,Rahul Raj,31.0,Male,Sales,47212.22,0.8,2019-06-13,1,rahul.raj708@company.com,Chennai,On Leave
EMP10710,Rahul Singh,23.0,Female,Marketing,113014.06,14.7,2020-11-11,1,rahul.singh709@company.com,Chennai,On Leave
EMP10711,Sanjay Patel,39.0,Male,Sales,106505.73,25.6,2020-09-12,3,sanjay.patel710@company.com,Chennai,Active
EMP10712,Kavin Das,33.0,Male,Sales,59590.71,19.8,2020-02-26,3,kavin.das711@company.com,Mumbai,Inactive
EMP10713,Naveen Sharma,48.0,Male,HR,92396.69,9.5,2021-07-14,4,naveen.sharma712@company.com,Hyderabad,Inactive
EMP10714,Naveen Kumar,33.0,Male,HR,63997.1,5.7,2015-08-04,5,naveen.kumar713@company.com,Hyderabad,Inactive
EMP10715,Divya Khan,29.0,Male,IT,113387.85,3.3,2020-12-05,2,divya.khan714@company.com,Hyderabad,Active
EMP10716,Vijay Reddy,28.0,Female,Operations,29872.92,17.2,2019-03-15,4,vijay.reddy715@company.com,Hyderabad,Inactive
EMP10717,Rahul Reddy,40.0,Male,HR,45543.8,7.3,2019-11-23,4,rahul.reddy716@company.com,Chennai,On Leave
EMP10718,Naveen Kumar,50.0,Male,Finance,39178.7,9.4,2018-02-22,2,naveen.kumar717@company.com,Mumbai,Active
EMP10719,Arun Singh,26.0,Female,IT,103598.87,20.5,2017-07-02,5,arun.singh718@company.com,Pune,Inactive
EMP10720,Divya Raj,50.0,Female,Sales,57757.67,11.8,2018-09-07,3,divya.raj719@company.com,Mumbai,On Leave
EMP10721,Divya Raj,40.0,Female,HR,86569.98,30.6,2023-04-09,4,divya.raj720@company.com,Bengaluru,Inactive
EMP10722,Sanjay Khan,39.0,Male,Marketing,29302.99,23.0,2025-05-22,2,sanjay.khan721@company.com,Bengaluru,Inactive
EMP10723,Naveen Nair,25.0,Female,Finance,50711.17,2.8,2024-09-10,4,naveen.nair722@company.com,Coimbatore,Active
EMP10724,Arun Singh,40.0,Male,IT,41060.87,12.3,2017-09-21,5,arun.singh723@company.com,Pune,Active
EMP10725,Arun Khan,52.0,Female,Marketing,52496.75,16.4,2016-11-20,2,arun.khan724@company.com,Coimbatore,Active
EMP10726,Arun Reddy,23.0,Male,Operations,83783.35,23.3,2021-05-11,1,arun.reddy725@company.com,Bengaluru,On Leave
EMP10727,Vijay Kumar,32.0,Male,Operations,77838.12,27.3,2024-02-12,1,vijay.kumar726@company.com,Chennai,On Leave
EMP10728,Arun Raj,54.0,Male,Sales,71762.07,6.8,2019-10-07,2,arun.raj727@company.com,Hyderabad,Inactive
EMP10729,Sanjay Patel,45.0,Male,Sales,73605.67,2.1,2025-08-18,3,sanjay.patel728@company.com,Pune,Active
EMP10730,Arun Patel,32.0,Female,Sales,105454.29,11.4,2024-11-17,2,arun.patel729@company.com,Pune,Active
EMP10731,Vijay Khan,37.0,Male,Operations,25513.47,0.0,2018-06-28,1,vijay.khan730@company.com,Coimbatore,Inactive
EMP10732,Sanjay Khan,53.0,Male,HR,46495.88,24.2,2022-01-13,1,sanjay.khan731@company.com,Bengaluru,Active
EMP10733,Rahul Singh,58.0,Male,Marketing,86790.4,7.4,2023-04-18,3,rahul.singh732@company.com,Coimbatore,Inactive
EMP10734,Naveen Reddy,48.0,Female,Finance,94744.37,11.9,2024-09-02,4,naveen.reddy733@company.com,Coimbatore,Active
EMP10735,Kavin Nair,30.0,Male,Finance,69207.01,0.5,2023-02-16,4,kavin.nair734@company.com,Coimbatore,Active
EMP10736,Bala Raj,60.0,Male,Marketing,84980.66,14.9,2018-08-22,3,bala.raj735@company.com,Pune,Inactive
EMP10737,Bala Iyer,23.0,Male,HR,88063.33,33.8,2019-12-20,5,bala.iyer736@company.com,Pune,On Leave
EMP10738,Meena Singh,60.0,Female,Sales,72526.46,2.4,2019-02-24,2,meena.singh737@company.com,Bengaluru,Inactive
EMP10739,Arun Raj,33.0,Female,IT,39315.31,29.8,2018-06-14,5,arun.raj738@company.com,Chennai,Inactive
EMP10740,Naveen Reddy,57.0,Male,Operations,82520.72,10.8,2018-04-18,3,naveen.reddy739@company.com,Chennai,Active
EMP10741,Arun Sharma,44.0,Female,Operations,25105.65,9.5,2025-05-04,5,arun.sharma740@company.com,Pune,Active
EMP10742,Naveen Nair,35.0,Male,Marketing,67024.82,1.5,2015-07-14,5,naveen.nair741@company.com,Bengaluru,On Leave
EMP10743,Naveen Das,28.0,Female,IT,36995.76,28.5,2015-09-22,4,naveen.das742@company.com,Chennai,Inactive
EMP10744,Rahul Patel,55.0,Female,Sales,55234.89,31.3,2021-08-27,3,rahul.patel743@company.com,Pune,Inactive
EMP10745,Divya Raj,54.0,Male,IT,26295.23,11.3,2017-06-23,5,divya.raj744@company.com,Pune,On Leave
EMP10746,Divya Raj,41.0,Female,Sales,78745.77,18.0,2020-09-22,2,divya.raj745@company.com,Mumbai,Inactive
EMP10747,Divya Khan,26.0,Male,Sales,61929.0,8.4,2021-01-20,4,divya.khan746@company.com,Bengaluru,On Leave
EMP10748,Divya Nair,44.0,Female,Sales,32698.67,29.0,2020-08-11,5,divya.nair747@company.com,Chennai,Inactive
EMP10749,Arun Raj,47.0,Male,Finance,31252.12,31.2,2017-01-26,5,arun.raj748@company.com,Pune,Inactive
EMP10750,Sanjay Khan,22.0,Female,Operations,63256.85,23.5,2020-08-16,3,sanjay.khan749@company.com,Mumbai,Active
EMP10751,Sanjay Iyer,54.0,Male,Operations,85077.64,4.5,2025-12-12,4,sanjay.iyer750@company.com,Pune,On Leave
EMP10752,Priya Singh,41.0,Female,Sales,96579.85,30.6,2020-03-06,3,priya.singh751@company.com,Bengaluru,On Leave
EMP10753,Divya Iyer,34.0,Male,Marketing,89001.66,26.9,2018-05-13,3,divya.iyer752@company.com,Chennai,Active
EMP10754,Sanjay Nair,40.0,Female,Sales,46473.15,19.3,2024-03-26,3,sanjay.nair753@company.com,Coimbatore,Active
EMP10755,Naveen Singh,34.0,Male,Finance,76430.57,3.0,2017-07-19,4,naveen.singh754@company.com,Bengaluru,Active
EMP10756,Sanjay Reddy,36.0,Female,Sales,76712.76,8.2,2024-10-27,3,sanjay.reddy755@company.com,Coimbatore,Active
EMP10757,Rahul Khan,59.0,Female,Sales,74705.24,9.5,2020-04-06,1,rahul.khan756@company.com,Chennai,Inactive
EMP10758,Naveen Raj,49.0,Male,Sales,110303.85,28.3,2025-04-22,3,naveen.raj757@company.com,Pune,On Leave
EMP10759,Bala Reddy,60.0,Male,Sales,69287.25,6.6,2024-06-14,4,bala.reddy758@company.com,Chennai,On Leave
EMP10760,Bala Khan,58.0,Male,Marketing,26988.74,11.1,2023-09-22,1,bala.khan759@company.com,Pune,Inactive
EMP10761,Rahul Das,25.0,Female,Finance,62614.04,26.5,2024-11-28,1,rahul.das760@company.com,Chennai,Active
EMP10762,Naveen Iyer,44.0,Female,Marketing,100051.41,11.1,2025-09-26,1,naveen.iyer761@company.com,Mumbai,Inactive
EMP10763,Rahul Raj,50.0,Male,HR,57234.0,17.7,2017-12-17,3,rahul.raj762@company.com,Pune,Active
EMP10764,Naveen Das,37.0,Female,Operations,35843.3,32.9,2022-09-19,2,naveen.das763@company.com,Bengaluru,On Leave
EMP10765,Bala Kumar,59.0,Female,IT,68261.4,14.5,2021-06-17,2,bala.kumar764@company.com,Hyderabad,Active
EMP10766,Bala Patel,31.0,Male,Marketing,70354.54,21.1,2016-06-27,4,bala.patel765@company.com,Coimbatore,Active
EMP10767,Priya Singh,54.0,Female,Sales,37048.28,13.7,2016-04-17,4,priya.singh766@company.com,Coimbatore,On Leave
EMP10768,Bala Reddy,47.0,Male,HR,45417.07,1.5,2016-09-03,5,bala.reddy767@company.com,Pune,On Leave
EMP10769,Rahul Nair,45.0,Male,Operations,101286.13,18.9,2025-11-27,1,rahul.nair768@company.com,Mumbai,On Leave
EMP10770,Rahul Kumar,39.0,Female,Marketing,41348.17,30.8,2017-11-27,4,rahul.kumar769@company.com,Pune,Active
EMP10771,Vijay Nair,58.0,Male,Marketing,32658.46,32.9,2024-07-09,4,vijay.nair770@company.com,Coimbatore,On Leave
EMP10772,Divya Raj,51.0,Female,Sales,32617.74,16.7,2018-02-26,5,divya.raj771@company.com,Pune,On Leave
EMP10773,Sanjay Reddy,28.0,Male,Sales,89456.66,11.3,2024-07-26,5,sanjay.reddy772@company.com,Mumbai,On Leave
EMP10774,Meena Reddy,27.0,Male,Finance,93596.28,1.4,2020-03-05,2,meena.reddy773@company.com,Bengaluru,Inactive
EMP10775,Divya Reddy,52.0,Female,Marketing,119585.59,0.4,2024-01-10,5,divya.reddy774@company.com,Pune,On Leave
EMP10776,Sanjay Das,33.0,Male,Operations,115300.62,0.8,2023-06-21,4,sanjay.das775@company.com,Pune,On Leave
EMP10777,Kavin Singh,50.0,Female,Marketing,51631.8,4.6,2016-04-07,5,kavin.singh776@company.com,Pune,Inactive
EMP10778,Divya Sharma,39.0,Female,Marketing,81948.81,31.6,2020-05-26,1,divya.sharma777@company.com,Mumbai,On Leave
EMP10779,Bala Das,52.0,Female,Marketing,102946.32,28.9,2016-04-17,2,bala.das778@company.com,Hyderabad,On Leave
EMP10780,Sanjay Patel,50.0,Male,Sales,31470.36,7.6,2020-10-25,1,sanjay.patel779@company.com,Chennai,On Leave
EMP10781,Arun Reddy,42.0,Male,IT,64343.4,33.5,2021-12-28,3,arun.reddy780@company.com,Chennai,On Leave
EMP10782,Kavin Patel,30.0,Female,IT,26997.01,28.7,2019-07-05,2,kavin.patel781@company.com,Bengaluru,On Leave
EMP10783,Divya Kumar,53.0,Male,Operations,104537.54,19.0,2024-07-27,3,divya.kumar782@company.com,Bengaluru,Active
EMP10784,Naveen Nair,40.0,Male,HR,95517.89,8.5,2017-06-12,5,naveen.nair783@company.com,Mumbai,On Leave
EMP10785,Sanjay Reddy,50.0,Female,IT,70912.96,13.4,2021-10-20,4,sanjay.reddy784@company.com,Mumbai,On Leave
EMP10786,Arun Reddy,42.0,Female,Sales,27451.89,19.4,2017-09-28,5,arun.reddy785@company.com,Hyderabad,On Leave
EMP10787,Sanjay Kumar,28.0,Male,HR,34310.73,1.5,2023-06-24,1,sanjay.kumar786@company.com,Pune,Inactive
EMP10788,Vijay Nair,58.0,Female,IT,67863.35,11.6,2022-08-17,1,vijay.nair787@company.com,Pune,On Leave
EMP10789,Vijay Iyer,33.0,Male,Operations,118482.99,27.9,2023-04-25,3,vijay.iyer788@company.com,Mumbai,Active
EMP10790,Meena Nair,27.0,Male,IT,90009.85,33.2,2016-11-14,4,meena.nair789@company.com,Pune,Active
EMP10791,Divya Iyer,39.0,Female,HR,88877.03,5.9,2017-08-27,1,divya.iyer790@company.com,Hyderabad,Active
EMP10792,Meena Iyer,53.0,Female,Finance,27280.48,11.7,2023-02-16,3,meena.iyer791@company.com,Coimbatore,Active
EMP10793,Arun Das,47.0,Male,Sales,81939.17,25.5,2021-05-25,4,arun.das792@company.com,Pune,Active
EMP10794,Divya Das,39.0,Female,Marketing,100763.83,23.7,2021-02-15,4,divya.das793@company.com,Chennai,On Leave
EMP10795,Rahul Khan,34.0,Female,Marketing,51657.08,12.2,2025-03-03,5,rahul.khan794@company.com,Bengaluru,Active
EMP10796,Sanjay Singh,47.0,Male,IT,108059.2,29.1,2022-09-01,3,sanjay.singh795@company.com,Mumbai,Active
EMP10797,Priya Iyer,43.0,Female,Marketing,42184.73,28.0,2016-12-23,4,priya.iyer796@company.com,Hyderabad,Active
EMP10798,Kavin Singh,49.0,Female,Operations,94498.4,13.0,2025-04-17,5,kavin.singh797@company.com,Bengaluru,Inactive
EMP10799,Meena Singh,47.0,Male,Marketing,109563.12,22.8,2022-06-13,4,meena.singh798@company.com,Mumbai,Inactive
EMP10800,Bala Das,43.0,Male,Sales,37845.64,23.6,2022-12-23,5,bala.das799@company.com,Coimbatore,On Leave
EMP10801,Arun Das,47.0,Female,Sales,111168.99,34.7,2015-06-23,3,arun.das800@company.com,Chennai,Inactive
EMP10802,Sanjay Patel,44.0,Female,HR,70961.24,14.6,2025-02-23,1,sanjay.patel801@company.com,Mumbai,Inactive
EMP10803,Rahul Kumar,42.0,Female,Finance,69815.28,19.4,2016-08-19,3,rahul.kumar802@company.com,Pune,Active
EMP10804,Sanjay Raj,28.0,Male,HR,99120.2,19.7,2020-11-09,5,sanjay.raj803@company.com,Coimbatore,On Leave
EMP10805,Bala Singh,52.0,Female,Operations,43596.78,18.0,2015-07-20,5,bala.singh804@company.com,Pune,Active
EMP10806,Bala Singh,49.0,Female,Marketing,81933.43,18.0,2023-10-18,1,bala.singh805@company.com,Pune,On Leave
EMP10807,Bala Sharma,27.0,Female,HR,111261.43,8.5,2020-11-14,2,bala.sharma806@company.com,Hyderabad,On Leave
EMP10808,Arun Raj,24.0,Female,HR,41568.88,16.5,2022-03-18,1,arun.raj807@company.com,Chennai,Active
EMP10809,Sanjay Raj,45.0,Female,Marketing,74530.82,31.4,2018-09-13,1,sanjay.raj808@company.com,Coimbatore,Inactive
EMP10810,Priya Nair,55.0,Female,Operations,109612.55,20.9,2017-07-19,1,priya.nair809@company.com,Hyderabad,Inactive
EMP10811,Arun Reddy,37.0,Male,Operations,53096.02,9.0,2024-03-01,2,arun.reddy810@company.com,Chennai,On Leave
EMP10812,Vijay Raj,37.0,Male,Operations,43871.23,8.6,2016-09-13,5,vijay.raj811@company.com,Mumbai,Active
EMP10813,Naveen Iyer,27.0,Female,HR,83464.97,2.9,2021-10-10,1,naveen.iyer812@company.com,Bengaluru,On Leave
EMP10814,Vijay Raj,39.0,Female,Finance,51912.02,14.0,2023-04-08,1,vijay.raj813@company.com,Hyderabad,Inactive
EMP10815,Arun Nair,30.0,Male,IT,52885.81,9.3,2017-09-20,5,arun.nair814@company.com,Mumbai,Active
EMP10816,Priya Iyer,26.0,Female,Finance,78636.11,23.2,2016-04-10,5,priya.iyer815@company.com,Pune,Active
EMP10817,Naveen Kumar,31.0,Male,Marketing,44797.96,4.7,2017-09-21,3,naveen.kumar816@company.com,Mumbai,Active
EMP10818,Arun Kumar,56.0,Male,Marketing,110806.24,0.9,2018-08-13,4,arun.kumar817@company.com,Mumbai,Inactive
EMP10819,Meena Singh,58.0,Female,Operations,47711.31,26.5,2018-07-02,4,meena.singh818@company.com,Pune,On Leave
EMP10820,Kavin Reddy,44.0,Male,Operations,83935.27,28.1,2019-07-14,2,kavin.reddy819@company.com,Mumbai,Active
EMP10821,Divya Singh,26.0,Male,Marketing,97756.57,24.2,2016-04-12,1,divya.singh820@company.com,Bengaluru,Active
EMP10822,Divya Khan,23.0,Male,HR,116694.92,15.0,2024-07-06,3,divya.khan821@company.com,Mumbai,Inactive
EMP10823,Meena Raj,56.0,Female,Finance,65609.32,22.6,2019-03-22,3,meena.raj822@company.com,Chennai,Active
EMP10824,Naveen Das,40.0,Male,IT,74723.68,32.3,2022-09-04,1,naveen.das823@company.com,Pune,On Leave
EMP10825,Bala Patel,56.0,Female,Marketing,105381.8,6.4,2020-04-07,3,bala.patel824@company.com,Chennai,Active
EMP10826,Rahul Nair,46.0,Female,Finance,110808.57,9.4,2017-08-18,4,rahul.nair825@company.com,Mumbai,On Leave
EMP10827,Vijay Sharma,37.0,Female,Marketing,101838.5,30.6,2021-11-10,2,vijay.sharma826@company.com,Mumbai,Inactive
EMP10828,Priya Sharma,57.0,Male,HR,38936.04,24.2,2021-06-25,1,priya.sharma827@company.com,Bengaluru,Active
EMP10829,Priya Patel,45.0,Female,Finance,46971.59,8.5,2016-12-03,3,priya.patel828@company.com,Coimbatore,On Leave
EMP10830,Rahul Nair,59.0,Female,Sales,25488.26,15.6,2019-06-24,3,rahul.nair829@company.com,Bengaluru,Inactive
EMP10831,Sanjay Raj,29.0,Male,IT,107768.9,10.1,2020-11-07,1,sanjay.raj830@company.com,Pune,On Leave
EMP10832,Meena Sharma,22.0,Male,Marketing,81794.8,2.9,2020-04-03,3,meena.sharma831@company.com,Coimbatore,Inactive
EMP10833,Bala Kumar,24.0,Female,Marketing,41041.55,1.9,2025-01-27,4,bala.kumar832@company.com,Pune,Active
EMP10834,Vijay Singh,44.0,Female,HR,40986.47,29.3,2019-01-18,4,vijay.singh833@company.com,Mumbai,Inactive
EMP10835,Divya Das,58.0,Female,Sales,73555.8,21.2,2017-05-16,3,divya.das834@company.com,Coimbatore,On Leave
EMP10836,Divya Nair,56.0,Female,Marketing,104691.12,23.5,2015-12-24,4,divya.nair835@company.com,Mumbai,Active
EMP10837,Naveen Iyer,44.0,Male,HR,83140.81,10.7,2016-06-27,2,naveen.iyer836@company.com,Pune,Active
EMP10838,Sanjay Sharma,57.0,Male,Sales,47141.92,24.3,2023-02-24,5,sanjay.sharma837@company.com,Coimbatore,Active
EMP10839,Rahul Das,53.0,Male,HR,119570.04,31.9,2015-02-15,4,rahul.das838@company.com,Coimbatore,Inactive
EMP10840,Bala Patel,35.0,Male,Finance,57688.7,18.2,2020-07-23,5,bala.patel839@company.com,Coimbatore,Active
EMP10841,Sanjay Das,46.0,Male,Sales,38145.3,34.4,2020-02-17,5,sanjay.das840@company.com,Hyderabad,Inactive
EMP10842,Arun Das,35.0,Female,HR,107571.61,18.6,2018-05-21,3,arun.das841@company.com,Pune,On Leave
EMP10843,Meena Khan,58.0,Female,Marketing,102924.07,22.7,2015-11-17,2,meena.khan842@company.com,Mumbai,Active
EMP10844,Priya Das,23.0,Female,Marketing,113428.29,23.1,2020-01-07,1,priya.das843@company.com,Pune,Active
EMP10845,Priya Singh,26.0,Female,Marketing,49662.31,0.1,2017-09-05,1,priya.singh844@company.com,Hyderabad,Inactive
EMP10846,Rahul Nair,26.0,Male,Marketing,106897.23,3.7,2025-04-22,2,rahul.nair845@company.com,Chennai,On Leave
EMP10847,Rahul Sharma,50.0,Female,IT,36434.54,2.4,2016-07-01,1,rahul.sharma846@company.com,Chennai,On Leave
EMP10848,Kavin Sharma,22.0,Male,IT,36318.36,17.9,2016-11-11,3,kavin.sharma847@company.com,Coimbatore,Inactive
EMP10849,Kavin Reddy,53.0,Female,Finance,92545.09,8.2,2021-04-28,2,kavin.reddy848@company.com,Pune,Active
EMP10850,Rahul Nair,44.0,Female,IT,96274.78,9.6,2015-08-18,5,rahul.nair849@company.com,Mumbai,Active
EMP10851,Arun Singh,58.0,Male,HR,90218.82,28.5,2015-02-23,3,arun.singh850@company.com,Coimbatore,On Leave
EMP10852,Divya Iyer,51.0,Male,HR,98914.4,16.1,2017-07-24,2,divya.iyer851@company.com,Mumbai,Active
EMP10853,Divya Patel,28.0,Male,IT,96684.09,8.7,2015-04-14,1,divya.patel852@company.com,Mumbai,Inactive
EMP10854,Meena Raj,50.0,Female,IT,92105.34,12.1,2025-12-10,3,meena.raj853@company.com,Hyderabad,On Leave
EMP10855,Rahul Sharma,27.0,Male,IT,57046.41,29.0,2020-08-01,1,rahul.sharma854@company.com,Hyderabad,On Leave
EMP10856,Vijay Sharma,45.0,Female,Marketing,76070.54,6.5,2020-09-23,4,vijay.sharma855@company.com,Pune,On Leave
EMP10857,Divya Das,56.0,Male,Sales,59510.92,15.4,2025-04-19,1,divya.das856@company.com,Mumbai,On Leave
EMP10858,Kavin Reddy,55.0,Male,Sales,104799.79,11.9,2016-07-26,1,kavin.reddy857@company.com,Coimbatore,Active
EMP10859,Kavin Iyer,59.0,Male,Marketing,55438.12,5.8,2022-06-03,3,kavin.iyer858@company.com,Pune,Inactive
EMP10860,Vijay Raj,55.0,Male,IT,111395.8,6.7,2018-05-06,5,vijay.raj859@company.com,Hyderabad,On Leave
EMP10861,Sanjay Iyer,22.0,Male,HR,115767.58,8.6,2019-12-27,5,sanjay.iyer860@company.com,Chennai,Inactive
EMP10862,Vijay Iyer,47.0,Female,HR,73619.14,26.9,2024-11-17,1,vijay.iyer861@company.com,Pune,On Leave
EMP10863,Sanjay Reddy,44.0,Female,Finance,118175.41,21.2,2016-04-14,3,sanjay.reddy862@company.com,Chennai,On Leave
EMP10864,Kavin Nair,23.0,Male,Sales,40918.82,10.9,2019-12-06,1,kavin.nair863@company.com,Bengaluru,On Leave
EMP10865,Priya Sharma,41.0,Male,Finance,88019.44,4.1,2024-06-19,2,priya.sharma864@company.com,Hyderabad,Active
EMP10866,Meena Khan,27.0,Male,Marketing,64284.07,1.4,2024-07-15,4,meena.khan865@company.com,Hyderabad,Inactive
EMP10867,Arun Kumar,48.0,Male,Marketing,58471.07,1.5,2021-11-25,5,arun.kumar866@company.com,Mumbai,Active
EMP10868,Priya Singh,23.0,Female,Operations,97534.01,3.8,2021-06-23,5,priya.singh867@company.com,Bengaluru,Inactive
EMP10869,Bala Sharma,47.0,Female,Sales,97957.15,22.0,2016-01-09,1,bala.sharma868@company.com,Pune,On Leave
EMP10870,Meena Iyer,44.0,Female,Sales,95843.18,28.9,2016-11-07,1,meena.iyer869@company.com,Mumbai,Inactive
EMP10871,Priya Singh,22.0,Female,Sales,78377.06,23.5,2020-07-10,2,priya.singh870@company.com,Mumbai,On Leave
EMP10872,Divya Das,55.0,Female,Marketing,90437.0,19.3,2015-01-10,3,divya.das871@company.com,Mumbai,Inactive
EMP10873,Meena Khan,33.0,Male,Finance,82089.82,24.4,2025-12-17,3,meena.khan872@company.com,Pune,Inactive
EMP10874,Bala Singh,23.0,Male,Sales,60931.33,18.1,2023-07-28,2,bala.singh873@company.com,Pune,Active
EMP10875,Kavin Iyer,54.0,Male,Sales,106097.18,25.4,2025-05-06,1,kavin.iyer874@company.com,Bengaluru,On Leave
EMP10876,Divya Reddy,45.0,Male,Operations,38980.51,10.4,2015-08-05,1,divya.reddy875@company.com,Chennai,Active
EMP10877,Rahul Khan,23.0,Female,Sales,62740.79,8.6,2022-09-04,1,rahul.khan876@company.com,Chennai,Active
EMP10878,Kavin Das,38.0,Female,HR,40360.98,33.8,2022-10-11,5,kavin.das877@company.com,Mumbai,Active
EMP10879,Priya Khan,42.0,Male,Operations,67158.28,9.9,2024-01-18,2,priya.khan878@company.com,Mumbai,Inactive
EMP10880,Divya Nair,41.0,Female,Sales,112066.47,11.5,2023-01-04,2,divya.nair879@company.com,Chennai,Active
EMP10881,Kavin Kumar,41.0,Male,Marketing,80397.14,20.3,2023-11-15,4,kavin.kumar880@company.com,Mumbai,On Leave
EMP10882,Vijay Sharma,58.0,Male,Operations,107899.46,3.0,2024-09-26,2,vijay.sharma881@company.com,Chennai,Inactive
EMP10883,Arun Sharma,49.0,Female,HR,84302.87,29.0,2017-02-01,2,arun.sharma882@company.com,Bengaluru,Inactive
EMP10884,Priya Reddy,40.0,Male,Marketing,79050.77,26.7,2015-08-03,3,priya.reddy883@company.com,Coimbatore,On Leave
EMP10885,Bala Raj,47.0,Female,Marketing,59509.26,27.8,2019-06-07,4,bala.raj884@company.com,Bengaluru,On Leave
EMP10886,Naveen Patel,37.0,Female,IT,28901.48,26.1,2015-01-25,2,naveen.patel885@company.com,Mumbai,Active
EMP10887,Priya Khan,37.0,Female,HR,61809.31,20.4,2021-12-06,4,priya.khan886@company.com,Bengaluru,Active
EMP10888,Sanjay Raj,37.0,Female,Marketing,87861.87,7.7,2024-10-14,1,sanjay.raj887@company.com,Chennai,On Leave
EMP10889,Naveen Raj,47.0,Female,Marketing,27552.43,13.3,2017-04-04,5,naveen.raj888@company.com,Bengaluru,On Leave
EMP10890,Rahul Reddy,47.0,Female,Marketing,115927.81,14.9,2015-12-26,4,rahul.reddy889@company.com,Hyderabad,Active
EMP10891,Rahul Nair,54.0,Male,Marketing,92191.5,8.8,2016-12-26,5,rahul.nair890@company.com,Chennai,Inactive
EMP10892,Meena Raj,49.0,Male,Sales,65732.61,1.9,2024-09-23,5,meena.raj891@company.com,Pune,Active
EMP10893,Naveen Reddy,44.0,Male,Finance,61831.04,4.8,2016-04-20,3,naveen.reddy892@company.com,Mumbai,On Leave
EMP10894,Meena Singh,24.0,Female,Finance,71774.42,24.5,2018-03-02,4,meena.singh893@company.com,Chennai,Inactive
EMP10895,Bala Iyer,27.0,Female,IT,72239.12,6.2,2016-12-20,3,bala.iyer894@company.com,Hyderabad,Inactive
EMP10896,Kavin Khan,51.0,Male,Finance,55953.34,6.7,2017-06-20,3,kavin.khan895@company.com,Coimbatore,On Leave
EMP10897,Rahul Singh,58.0,Female,IT,98795.85,29.7,2025-03-26,5,rahul.singh896@company.com,Pune,Active
EMP10898,Kavin Singh,44.0,Female,IT,99957.17,4.2,2017-06-17,2,kavin.singh897@company.com,Coimbatore,On Leave
EMP10899,Divya Raj,42.0,Female,HR,96061.53,29.3,2020-08-10,5,divya.raj898@company.com,Chennai,On Leave
EMP10900,Vijay Kumar,56.0,Female,Marketing,54095.45,9.3,2024-12-06,4,vijay.kumar899@company.com,Chennai,Inactive
EMP10901,Vijay Das,55.0,Female,Sales,30018.54,25.4,2015-03-19,1,vijay.das900@company.com,Mumbai,Inactive
EMP10902,Divya Iyer,33.0,Male,Finance,30444.48,6.1,2016-10-21,1,divya.iyer901@company.com,Hyderabad,Active
EMP10903,Arun Iyer,25.0,Male,Sales,80355.18,4.3,2015-10-02,5,arun.iyer902@company.com,Hyderabad,On Leave
EMP10904,Sanjay Das,32.0,Female,Sales,84221.06,21.1,2023-02-08,2,sanjay.das903@company.com,Pune,Active
EMP10905,Bala Iyer,32.0,Male,Sales,37955.18,25.5,2019-04-16,4,bala.iyer904@company.com,Bengaluru,On Leave
EMP10906,Arun Singh,50.0,Female,Sales,61627.59,17.7,2020-02-21,5,arun.singh905@company.com,Mumbai,Active
EMP10907,Naveen Khan,51.0,Female,Finance,113622.43,32.3,2021-09-01,2,naveen.khan906@company.com,Coimbatore,On Leave
EMP10908,Kavin Patel,59.0,Female,Sales,104459.48,30.2,2020-12-10,2,kavin.patel907@company.com,Mumbai,Inactive
EMP10909,Divya Nair,27.0,Female,Sales,77517.41,25.9,2022-03-10,5,divya.nair908@company.com,Coimbatore,Inactive
EMP10910,Naveen Reddy,27.0,Male,Finance,83347.69,8.3,2022-01-27,2,naveen.reddy909@company.com,Hyderabad,Active
EMP10911,Vijay Singh,49.0,Male,HR,35085.23,29.3,2024-11-10,1,vijay.singh910@company.com,Pune,Inactive
EMP10912,Sanjay Reddy,53.0,Male,Sales,118212.25,16.3,2021-02-25,4,sanjay.reddy911@company.com,Coimbatore,Active
EMP10913,Rahul Kumar,44.0,Male,IT,36207.39,1.6,2022-01-21,2,rahul.kumar912@company.com,Hyderabad,Inactive
EMP10914,Sanjay Iyer,39.0,Female,Operations,34553.46,13.8,2018-03-19,2,sanjay.iyer913@company.com,Bengaluru,Inactive
EMP10915,Meena Iyer,39.0,Male,Marketing,56580.54,11.0,2019-10-23,4,meena.iyer914@company.com,Chennai,Inactive
EMP10916,Divya Kumar,32.0,Male,IT,107512.92,19.8,2015-08-25,4,divya.kumar915@company.com,Bengaluru,Inactive
EMP10917,Rahul Das,40.0,Female,Finance,90091.58,10.2,2024-07-27,1,rahul.das916@company.com,Bengaluru,Inactive
EMP10918,Naveen Kumar,33.0,Male,Sales,112840.97,2.0,2022-02-25,5,naveen.kumar917@company.com,Chennai,Inactive
EMP10919,Vijay Khan,47.0,Male,Operations,76908.67,8.7,2017-10-08,3,vijay.khan918@company.com,Pune,On Leave
EMP10920,Meena Das,33.0,Female,Finance,111092.18,26.0,2016-05-22,4,meena.das919@company.com,Pune,On Leave
EMP10921,Rahul Raj,23.0,Female,Sales,26002.36,13.8,2024-08-12,4,rahul.raj920@company.com,Mumbai,Inactive
EMP10922,Divya Sharma,30.0,Female,Operations,63609.57,30.8,2019-11-10,4,divya.sharma921@company.com,Bengaluru,Inactive
EMP10923,Bala Raj,34.0,Female,IT,50797.29,11.1,2024-08-07,4,bala.raj922@company.com,Bengaluru,Active
EMP10924,Naveen Patel,53.0,Female,Operations,53310.65,21.9,2018-05-06,1,naveen.patel923@company.com,Bengaluru,On Leave
EMP10925,Meena Nair,25.0,Female,Finance,46450.01,21.6,2019-07-21,5,meena.nair924@company.com,Pune,On Leave
EMP10926,Priya Sharma,48.0,Male,IT,105490.59,7.2,2025-04-08,5,priya.sharma925@company.com,Chennai,Active
EMP10927,Meena Raj,46.0,Male,IT,25833.84,13.4,2015-12-09,4,meena.raj926@company.com,Coimbatore,Inactive
EMP10928,Bala Raj,26.0,Male,Sales,111756.82,13.6,2022-03-05,2,bala.raj927@company.com,Mumbai,Active
EMP10929,Priya Iyer,55.0,Male,HR,96385.22,32.9,2024-11-10,4,priya.iyer928@company.com,Chennai,Inactive
EMP10930,Bala Reddy,54.0,Female,Finance,45439.78,22.0,2019-03-10,3,bala.reddy929@company.com,Coimbatore,Active
EMP10931,Rahul Sharma,36.0,Male,IT,95161.88,2.2,2017-06-19,2,rahul.sharma930@company.com,Mumbai,Active
EMP10932,Arun Das,33.0,Female,Finance,115682.62,32.1,2022-04-25,4,arun.das931@company.com,Hyderabad,Inactive
EMP10933,Sanjay Nair,55.0,Male,IT,101174.82,15.2,2019-02-11,3,sanjay.nair932@company.com,Pune,On Leave
EMP10934,Vijay Khan,55.0,Female,Sales,96838.26,13.8,2023-02-15,4,vijay.khan933@company.com,Pune,On Leave
EMP10935,Sanjay Iyer,37.0,Male,Finance,30553.51,10.5,2024-01-07,2,sanjay.iyer934@company.com,Bengaluru,Inactive
EMP10936,Bala Nair,38.0,Female,Finance,62998.39,2.0,2017-10-22,2,bala.nair935@company.com,Bengaluru,Inactive
EMP10937,Divya Patel,59.0,Male,HR,100587.72,2.7,2025-09-04,2,divya.patel936@company.com,Chennai,On Leave
EMP10938,Naveen Patel,45.0,Female,Sales,37450.57,27.9,2022-03-11,2,naveen.patel937@company.com,Mumbai,Active
EMP10939,Rahul Patel,45.0,Male,HR,69353.42,12.6,2023-11-04,4,rahul.patel938@company.com,Hyderabad,Inactive
EMP10940,Arun Iyer,51.0,Female,Finance,116837.08,24.4,2020-02-25,2,arun.iyer939@company.com,Coimbatore,Inactive
EMP10941,Priya Singh,33.0,Female,IT,77223.14,14.6,2024-07-22,5,priya.singh940@company.com,Pune,On Leave
EMP10942,Priya Singh,41.0,Male,Finance,30187.98,34.0,2019-05-15,1,priya.singh941@company.com,Chennai,Inactive
EMP10943,Sanjay Khan,58.0,Female,Operations,106496.49,10.7,2016-04-04,4,sanjay.khan942@company.com,Pune,Inactive
EMP10944,Sanjay Patel,40.0,Male,Sales,69804.5,8.0,2019-04-27,2,sanjay.patel943@company.com,Coimbatore,Active
EMP10945,Divya Patel,23.0,Female,HR,57587.54,34.6,2024-09-13,5,divya.patel944@company.com,Pune,Inactive
EMP10946,Meena Khan,31.0,Male,Sales,49201.13,12.3,2017-05-08,1,meena.khan945@company.com,Coimbatore,Inactive
EMP10947,Divya Kumar,49.0,Male,Marketing,116334.38,22.3,2019-01-09,1,divya.kumar946@company.com,Chennai,Active
EMP10948,Meena Patel,26.0,Male,IT,26847.56,6.6,2018-08-06,3,meena.patel947@company.com,Pune,Inactive
EMP10949,Kavin Raj,40.0,Male,IT,99432.64,0.4,2022-01-11,1,kavin.raj948@company.com,Chennai,Inactive
EMP10950,Naveen Reddy,57.0,Female,Finance,70313.42,13.6,2020-09-01,2,naveen.reddy949@company.com,Hyderabad,Inactive
EMP10951,Arun Das,48.0,Female,HR,83431.63,32.4,2022-07-20,4,arun.das950@company.com,Coimbatore,Active
EMP10952,Priya Raj,59.0,Male,Marketing,51475.96,33.6,2022-05-18,1,priya.raj951@company.com,Hyderabad,Active
EMP10953,Meena Reddy,50.0,Male,HR,103246.33,24.8,2017-10-21,3,meena.reddy952@company.com,Chennai,On Leave
EMP10954,Priya Nair,24.0,Male,IT,94350.16,12.5,2021-04-20,4,priya.nair953@company.com,Pune,Active
EMP10955,Rahul Raj,55.0,Female,Marketing,53805.88,33.8,2021-06-19,5,rahul.raj954@company.com,Pune,Active
EMP10956,Priya Patel,34.0,Male,Finance,57983.26,27.8,2016-03-19,2,priya.patel955@company.com,Coimbatore,On Leave
EMP10957,Sanjay Iyer,41.0,Female,HR,99879.09,0.8,2016-04-19,1,sanjay.iyer956@company.com,Bengaluru,Inactive
EMP10958,Kavin Das,26.0,Male,HR,119565.04,10.1,2025-07-17,4,kavin.das957@company.com,Pune,Active
EMP10959,Kavin Reddy,25.0,Female,Finance,117858.37,29.9,2018-08-09,4,kavin.reddy958@company.com,Chennai,Active
EMP10960,Vijay Raj,45.0,Male,Sales,91022.16,18.0,2023-03-12,2,vijay.raj959@company.com,Coimbatore,Active
EMP10961,Vijay Nair,38.0,Female,Operations,105925.36,28.6,2021-01-01,4,vijay.nair960@company.com,Mumbai,Active
EMP10962,Bala Singh,30.0,Female,IT,99269.08,16.9,2017-06-27,3,bala.singh961@company.com,Hyderabad,Active
EMP10963,Arun Kumar,33.0,Male,Finance,92021.55,6.6,2015-10-15,3,arun.kumar962@company.com,Pune,Active
EMP10964,Divya Nair,53.0,Female,IT,86588.27,17.9,2016-11-28,2,divya.nair963@company.com,Bengaluru,On Leave
EMP10965,Rahul Singh,60.0,Female,HR,107889.4,8.5,2022-06-02,4,rahul.singh964@company.com,Pune,Inactive
EMP10966,Divya Patel,39.0,Female,HR,37484.18,9.2,2023-11-09,3,divya.patel965@company.com,Hyderabad,On Leave
EMP10967,Sanjay Patel,56.0,Male,Marketing,77283.37,18.0,2018-07-20,1,sanjay.patel966@company.com,Pune,Inactive
EMP10968,Vijay Sharma,49.0,Female,Marketing,55494.72,18.4,2020-07-16,4,vijay.sharma967@company.com,Bengaluru,Inactive
EMP10969,Meena Khan,59.0,Male,Marketing,35109.12,28.8,2023-01-07,1,meena.khan968@company.com,Coimbatore,Active
EMP10970,Rahul Patel,52.0,Female,Finance,71646.88,11.2,2016-10-06,4,rahul.patel969@company.com,Mumbai,Inactive
EMP10971,Arun Iyer,33.0,Male,Sales,73837.78,27.3,2024-01-04,1,arun.iyer970@company.com,Pune,Active
EMP10972,Vijay Das,52.0,Male,Marketing,105744.92,13.3,2021-07-02,2,vijay.das971@company.com,Coimbatore,Inactive
EMP10973,Sanjay Reddy,59.0,Female,IT,118716.3,9.7,2016-12-15,2,sanjay.reddy972@company.com,Mumbai,On Leave
EMP10974,Sanjay Sharma,58.0,Female,Marketing,68731.26,7.6,2020-06-10,3,sanjay.sharma973@company.com,Bengaluru,Inactive
EMP10975,Naveen Raj,24.0,Male,HR,31548.15,16.9,2015-07-13,2,naveen.raj974@company.com,Mumbai,On Leave
EMP10976,Arun Sharma,25.0,Male,IT,33508.77,25.0,2018-06-19,5,arun.sharma975@company.com,Chennai,Active
EMP10977,Rahul Singh,53.0,Female,HR,91882.99,7.6,2017-05-24,4,rahul.singh976@company.com,Chennai,On Leave
EMP10978,Rahul Iyer,45.0,Female,Marketing,115693.3,28.0,2023-05-08,3,rahul.iyer977@company.com,Pune,On Leave
EMP10979,Arun Das,52.0,Male,IT,50440.29,15.1,2018-11-06,1,arun.das978@company.com,Mumbai,On Leave
EMP10980,Arun Singh,57.0,Female,Operations,54719.25,2.1,2023-02-25,5,arun.singh979@company.com,Hyderabad,Active
EMPX301,Divya Patel,58.0,Female,Sales,62149.06,17.5,2015-10-06,2,divya.patel300@company.com,Chennai,On Leave
EMPX302,Kavin Khan,56.0,Male,Sales,89058.86,18.6,2020-03-16,4,kavin.khan301@company.com,Coimbatore,On Leave
EMPX303,Sanjay Das,35.0,Male,HR,32687.33,14.1,2016-11-02,3,sanjay.das302@company.com,Mumbai,On Leave
EMPX304,Priya Nair,39.0,Female,HR,115945.67,20.1,2024-09-02,1,priya.nair303@company.com,Pune,Inactive
EMPX305,Meena Kumar,54.0,Male,Finance,112661.93,17.0,2020-04-03,3,meena.kumar304@company.com,Chennai,Inactive
EMP10401,Rahul Das,40.0,Female,IT,107911.61,3.9,2020-05-04,1,rahul.das400@company.com,Chennai,Inactive
EMP10402,Kavin Nair,51.0,Male,Finance,29381.74,19.9,2018-09-14,3,kavin.nair401@company.com,Bengaluru,Inactive
EMP10403,Meena Das,56.0,Male,Operations,46503.39,25.6,2023-04-27,4,meena.das402@company.com,Coimbatore,Active
EMP10404,Rahul Patel,49.0,Female,IT,105965.07,23.4,2020-09-24,5,rahul.patel403@company.com,Hyderabad,On Leave
EMP10405,Bala Patel,51.0,Male,Finance,65772.35,9.4,2016-05-21,5,bala.patel404@company.com,Mumbai,Active
EMP10406,Divya Nair,41.0,Female,IT,45921.4,17.1,2019-09-09,4,divya.nair405@company.com,Hyderabad,On Leave
EMP10407,Priya Iyer,56.0,Male,Sales,103782.25,30.8,2015-08-13,4,priya.iyer406@company.com,Mumbai,On Leave
EMP10408,Kavin Khan,33.0,Female,HR,69121.16,4.8,2017-10-20,5,kavin.khan407@company.com,Mumbai,Inactive
EMP10409,Bala Khan,43.0,Male,HR,82673.51,22.1,2018-09-19,4,bala.khan408@company.com,Chennai,On Leave
EMP10410,Vijay Iyer,28.0,Female,IT,37510.88,8.2,2017-06-12,2,vijay.iyer409@company.com,Coimbatore,Inactive
EMP10411,Bala Singh,45.0,Male,Operations,82061.85,26.0,2015-08-23,1,bala.singh410@company.com,Mumbai,Inactive
EMP10412,Sanjay Nair,39.0,Female,HR,59376.04,16.5,2024-11-08,3,sanjay.nair411@company.com,Hyderabad,Active
EMP10413,Rahul Khan,22.0,Female,HR,67794.2,16.6,2017-08-14,3,rahul.khan412@company.com,Mumbai,Inactive
EMP10414,Arun Reddy,41.0,Male,Finance,44664.29,18.1,2020-01-14,1,arun.reddy413@company.com,Chennai,On Leave
EMP10415,Vijay Raj,29.0,Male,HR,28488.53,3.8,2024-07-21,5,vijay.raj414@company.com,Hyderabad,Inactive
