LoanID,Age,Gender,Married,Dependents,Education,SelfEmployed,EmploymentType,CreditHistory,PropertyArea,LoanPurpose,LoanTermMonths,ApplicantIncome,CoapplicantIncome,LoanAmount,LoanStatus
LOAN00001,59,Female,No,1,Graduate,No,Salaried,Good,Semiurban,Personal,360,39577,3296,192937,Approved
LOAN00002,49,Female,No,1,Graduate,No,Business Owner,Good,Semiurban,Vehicle,240,40680,6131,166815,Approved
LOAN00003,35,Male,Yes,0,Graduate,No,Government,Good,Rural,Home,360,49001,10262,144545,Approved
LOAN00004,63,Female,No,2,Not Graduate,No,Business Owner,Poor,Urban,Home,360,79765,10121,381431,Rejected
LOAN00005,28,Male,Yes,0,Graduate,No,Freelancer,Good,Urban,Home,360,45210,12048,157967,Approved
LOAN00006,41,Female,Yes,3+,Graduate,No,Business Owner,Good,Rural,Home,120,45767,18410,196599,Approved
LOAN00007,59,Female,Yes,3+,Not Graduate,No,Government,Good,Semiurban,Education,360,22190,41228,135298,Approved
LOAN00008,39,Female,Yes,3+,Graduate,No,Salaried,Good,Semiurban,Medical,300,91299,4277,376876,Approved
LOAN00009,43,Female,Yes,1,Graduate,No,Business Owner,Good,Semiurban,Business,240,29322,8226,105990,Approved
LOAN00010,31,Male,No,2,Graduate,No,Salaried,Good,Semiurban,Vehicle,240,10973,26784,152155,Rejected
LOAN00011,31,Female,Yes,2,Graduate,Yes,Freelancer,Good,Rural,Vehicle,360,13042,12835,71215,Approved
LOAN00012,44,Female,No,0,Graduate,No,Freelancer,Good,Rural,Personal,360,42036,4890,186663,Approved
LOAN00013,56,Female,Yes,1,Not Graduate,No,Salaried,Good,Semiurban,Home,120,20478,8688,86029,Approved
LOAN00014,60,Male,Yes,0,Graduate,Yes,Freelancer,Good,Urban,Vehicle,360,37205,12377,198202,Approved
LOAN00015,44,Male,Yes,1,Graduate,No,Salaried,Good,Semiurban,Personal,180,18534,6948,84839,Approved
LOAN00016,23,Male,No,0,Graduate,No,Salaried,Poor,Semiurban,Home,180,41659,17593,114070,Rejected
LOAN00017,42,Female,No,0,Not Graduate,Yes,Salaried,Good,Semiurban,Home,360,46813,5604,113639,Approved
LOAN00018,22,Female,No,0,Graduate,No,Salaried,Average,Semiurban,Medical,240,39306,7620,132416,Approved
LOAN00019,44,Male,No,0,Graduate,Yes,Salaried,Good,Urban,Vehicle,240,26546,1937,124923,Approved
LOAN00020,64,Male,Yes,1,Graduate,No,Salaried,Good,Semiurban,Home,240,53925,5070,230571,Approved
LOAN00021,50,Female,Yes,0,Graduate,No,Freelancer,Good,Semiurban,Business,360,30342,27972,165484,Approved
LOAN00022,58,Female,No,1,Graduate,No,Government,Good,Rural,Education,300,33364,5028,158015,Approved
LOAN00023,22,Female,Yes,0,Graduate,No,Business Owner,Good,Semiurban,Education,360,28872,9957,141942,Approved
LOAN00024,41,Female,Yes,1,Not Graduate,No,Salaried,Good,Urban,Education,240,32191,18119,125255,Approved
LOAN00025,53,Male,Yes,1,Graduate,No,Government,Average,Semiurban,Home,360,84294,8065,355301,Approved
LOAN00026,32,Male,Yes,1,Graduate,No,Freelancer,Average,Rural,Business,240,36235,24751,181275,Approved
LOAN00027,42,Female,Yes,2,Graduate,No,Salaried,Good,Semiurban,Vehicle,300,20510,11609,101239,Approved
LOAN00028,64,Female,Yes,0,Graduate,No,Government,Good,Semiurban,Personal,360,23584,18635,91820,Approved
LOAN00029,45,Female,Yes,2,Graduate,No,Salaried,Average,Semiurban,Home,240,32071,7491,160287,Rejected
LOAN00030,47,Female,Yes,0,Graduate,No,Business Owner,Average,Urban,Personal,300,25398,12952,42993,Approved
LOAN00031,62,Female,Yes,1,Not Graduate,No,Business Owner,Good,Rural,Home,240,55678,18612,230629,Rejected
LOAN00032,48,Male,Yes,1,Graduate,No,Salaried,Average,Urban,Education,60,19194,13156,97240,Rejected
LOAN00033,36,Male,No,0,Graduate,No,Government,Good,Semiurban,Personal,180,34421,5021,108155,Approved
LOAN00034,35,Male,Yes,1,Graduate,No,Salaried,Good,Urban,Education,360,57227,6934,238574,Approved
LOAN00035,64,Male,Yes,1,Graduate,No,Salaried,Good,Urban,Home,360,27350,13131,165718,Approved
LOAN00036,23,Female,No,0,Graduate,Yes,Government,Average,Semiurban,Home,240,44248,7573,175724,Approved
LOAN00037,57,Female,Yes,0,Not Graduate,Yes,Government,Poor,Semiurban,Education,240,35662,10818,126232,Rejected
LOAN00038,27,Male,Yes,0,Not Graduate,No,Freelancer,Poor,Semiurban,Vehicle,120,35803,8138,153938,Rejected
LOAN00039,41,Male,No,3+,Graduate,No,Business Owner,Good,Semiurban,Medical,180,45723,1557,211767,Approved
LOAN00040,29,Female,Yes,2,Graduate,No,Salaried,Poor,Semiurban,Vehicle,360,15733,3824,100260,Rejected
LOAN00041,59,Male,No,0,Not Graduate,No,Government,Good,Semiurban,Personal,360,62412,15918,242936,Approved
LOAN00042,38,Female,No,0,Graduate,No,Salaried,Good,Semiurban,Vehicle,180,15465,4812,81961,Approved
LOAN00043,24,Female,Yes,1,Graduate,No,Salaried,Good,Semiurban,Personal,240,60546,4406,199753,Approved
LOAN00044,45,Female,Yes,2,Graduate,No,Business Owner,Good,Semiurban,Home,360,44148,13423,142354,Approved
LOAN00045,34,Male,Yes,0,Not Graduate,No,Salaried,Good,Semiurban,Personal,180,44932,17955,134343,Approved
LOAN00046,29,Male,Yes,0,Graduate,Yes,Salaried,Good,Rural,Education,240,75098,13216,273954,Approved
LOAN00047,46,Female,Yes,3+,Not Graduate,No,Salaried,Poor,Urban,Personal,360,61855,17525,146709,Rejected
LOAN00048,22,Female,Yes,0,Not Graduate,No,Salaried,Good,Rural,Home,360,52385,7973,147463,Approved
LOAN00049,40,Male,Yes,0,Graduate,No,Salaried,Good,Urban,Vehicle,300,31808,9627,138291,Approved
LOAN00050,48,Female,Yes,3+,Graduate,No,Salaried,Poor,Urban,Vehicle,360,30874,11436,94983,Approved
LOAN00051,27,Male,Yes,1,Not Graduate,No,Salaried,Good,Urban,Medical,180,53033,11939,169342,Rejected
LOAN00052,64,Female,Yes,0,Graduate,No,Freelancer,Good,Semiurban,Vehicle,360,44524,2671,145631,Approved
LOAN00053,28,Male,Yes,0,Graduate,No,Government,Average,Urban,Education,180,41586,6295,128357,Approved
LOAN00054,55,Female,No,0,Graduate,No,Business Owner,Good,Rural,Business,360,35397,1823,94372,Approved
LOAN00055,34,Male,Yes,0,Graduate,No,Business Owner,Average,Rural,Education,360,30227,6840,148871,Rejected
LOAN00056,37,Male,Yes,3+,Graduate,No,Salaried,Good,Semiurban,Home,300,19429,9432,72905,Approved
LOAN00057,56,Male,No,0,Graduate,No,Salaried,Average,Semiurban,Home,360,48514,678,227234,Rejected
LOAN00058,60,Male,Yes,2,Graduate,No,Salaried,Good,Rural,Home,360,33465,4894,119665,Approved
LOAN00059,24,Female,Yes,3+,Not Graduate,No,Business Owner,Good,Rural,Business,180,32500,28229,173312,Approved
LOAN00060,22,Female,Yes,0,Graduate,No,Freelancer,Good,Semiurban,Personal,360,16064,10734,65742,Approved
LOAN00061,26,Male,No,0,Graduate,No,Business Owner,Good,Semiurban,Personal,360,37862,3877,190682,Approved
LOAN00062,62,Male,Yes,1,Graduate,No,Salaried,Average,Semiurban,Home,360,19663,16140,100432,Approved
LOAN00063,24,Female,Yes,3+,Graduate,No,Salaried,Poor,Semiurban,Home,180,29864,9154,85999,Approved
LOAN00064,49,Female,Yes,2,Graduate,No,Government,Average,Urban,Home,180,51881,11331,212294,Approved
LOAN00065,38,Female,No,0,Graduate,No,Salaried,Good,Semiurban,Home,240,37364,3141,119186,Approved
LOAN00066,46,Male,Yes,2,Graduate,Yes,Freelancer,Poor,Urban,Home,180,34634,7905,189128,Rejected
LOAN00067,64,Male,Yes,1,Graduate,No,Business Owner,Good,Urban,Education,300,26187,21713,169649,Approved
LOAN00068,54,Female,No,3+,Not Graduate,No,Freelancer,Good,Semiurban,Business,120,28385,1260,64876,Approved
LOAN00069,30,Male,Yes,0,Graduate,No,Government,Good,Rural,Business,180,74118,11395,186109,Approved
LOAN00070,56,Female,No,1,Graduate,Yes,Government,Good,Rural,Business,240,51580,4448,172903,Approved
LOAN00071,34,Male,Yes,3+,Not Graduate,No,Business Owner,Average,Semiurban,Home,300,29497,8895,130035,Rejected
LOAN00072,51,Female,No,0,Graduate,No,Business Owner,Good,Semiurban,Vehicle,360,34631,5195,138027,Approved
LOAN00073,35,Male,Yes,1,Not Graduate,No,Salaried,Good,Urban,Personal,360,40591,14356,210415,Approved
LOAN00074,28,Female,No,0,Not Graduate,No,Government,Average,Semiurban,Home,120,44229,4555,161336,Rejected
LOAN00075,34,Male,No,0,Graduate,Yes,Business Owner,Poor,Urban,Home,120,35920,1849,147657,Rejected
LOAN00076,43,Female,Yes,0,Graduate,No,Salaried,Average,Urban,Home,120,16372,15658,66334,Approved
LOAN00077,60,Male,Yes,3+,Graduate,No,Salaried,Good,Semiurban,Home,240,35805,8312,186690,Approved
LOAN00078,41,Female,Yes,0,Graduate,No,Salaried,Good,Urban,Education,120,34835,16531,117226,Approved
LOAN00079,36,Female,Yes,1,Not Graduate,No,Business Owner,Good,Urban,Home,360,91655,13560,379322,Rejected
LOAN00080,65,Female,Yes,2,Graduate,No,Business Owner,Good,Rural,Education,180,121941,18356,281017,Approved
LOAN00081,38,Female,Yes,0,Not Graduate,No,Salaried,Poor,Urban,Home,360,48483,11605,176226,Rejected
LOAN00082,44,Female,Yes,1,Not Graduate,No,Salaried,Poor,Urban,Vehicle,300,26777,15647,128835,Rejected
LOAN00083,46,Female,Yes,2,Graduate,Yes,Government,Average,Urban,Home,240,49294,8185,100636,Rejected
LOAN00084,45,Male,Yes,2,Graduate,No,Government,Good,Urban,Business,360,16910,16601,109783,Approved
LOAN00085,65,Female,Yes,1,Graduate,No,Government,Average,Urban,Home,360,28575,5137,134515,Approved
LOAN00086,61,Male,Yes,1,Graduate,No,Salaried,Poor,Rural,Home,360,17468,8948,62470,Rejected
LOAN00087,49,Male,Yes,0,Graduate,Yes,Freelancer,Good,Urban,Personal,360,46525,7198,125470,Approved
LOAN00088,35,Male,Yes,3+,Graduate,No,Business Owner,Good,Rural,Business,240,21061,89637,235559,Approved
LOAN00089,65,Male,Yes,0,Graduate,No,Salaried,Average,Urban,Home,360,31916,16176,139259,Approved
LOAN00090,21,Female,Yes,2,Not Graduate,No,Salaried,Good,Semiurban,Business,240,35601,5709,164496,Approved
LOAN00091,45,Female,Yes,0,Graduate,No,Salaried,Poor,Semiurban,Business,360,35846,4814,104947,Approved
LOAN00092,27,Female,Yes,3+,Graduate,No,Salaried,Good,Semiurban,Education,240,29355,3838,91707,Approved
LOAN00093,29,Male,No,2,Graduate,No,Unemployed,Average,Semiurban,Education,240,42257,5530,122628,Rejected
LOAN00094,44,Male,Yes,2,Not Graduate,Yes,Salaried,Average,Rural,Personal,360,20653,6573,86061,Rejected
LOAN00095,21,Male,No,0,Graduate,No,Salaried,Good,Urban,Home,180,79434,2952,167075,Approved
LOAN00096,64,Male,No,0,Graduate,Yes,Business Owner,Average,Semiurban,Education,180,22804,2980,71797,Rejected
LOAN00097,28,Male,No,1,Not Graduate,No,Salaried,Good,Rural,Home,240,36970,2145,138874,Approved
LOAN00098,44,Male,No,2,Graduate,No,Business Owner,Good,Urban,Vehicle,360,48109,3899,216419,Approved
LOAN00099,31,Male,Yes,0,Graduate,No,Salaried,Good,Urban,Personal,360,49376,16777,125749,Approved
LOAN00100,37,Female,Yes,3+,Graduate,No,Government,Good,Urban,Personal,360,51478,5773,263050,Approved
LOAN00101,28,Female,No,3+,Not Graduate,No,Salaried,Average,Semiurban,Vehicle,360,17734,5257,45005,Rejected
LOAN00102,55,Female,Yes,0,Graduate,No,Business Owner,Poor,Urban,Medical,300,24033,6230,99874,Rejected
LOAN00103,55,Female,Yes,2,Graduate,No,Freelancer,Good,Urban,Vehicle,120,38605,14266,90222,Approved
LOAN00104,53,Female,No,1,Graduate,No,Government,Good,Semiurban,Vehicle,180,45095,3921,136714,Approved
LOAN00105,25,Male,No,1,Not Graduate,No,Government,Good,Semiurban,Medical,360,63940,4393,145699,Approved
LOAN00106,62,Female,No,0,Graduate,Yes,Business Owner,Average,Urban,Home,240,28816,2466,85180,Approved
LOAN00107,59,Female,No,1,Graduate,No,Salaried,Poor,Urban,Business,180,24167,1685,113234,Rejected
LOAN00108,61,Male,No,2,Not Graduate,No,Business Owner,Good,Semiurban,Vehicle,300,28394,2020,85470,Approved
LOAN00109,48,Male,Yes,0,Graduate,No,Freelancer,Good,Rural,Personal,360,100383,9841,306238,Approved
LOAN00110,27,Female,No,1,Not Graduate,No,Government,Good,Semiurban,Personal,240,71339,2168,292767,Approved
LOAN00111,29,Male,Yes,2,Not Graduate,Yes,Salaried,Good,Rural,Personal,360,33649,10541,155847,Approved
LOAN00112,28,Female,Yes,2,Not Graduate,No,Salaried,Average,Urban,Personal,360,64742,10053,164390,Rejected
LOAN00113,32,Female,No,0,Graduate,Yes,Government,Good,Urban,Business,360,28068,5300,159400,Approved
LOAN00114,54,Male,Yes,2,Graduate,No,Salaried,Average,Semiurban,Home,360,55800,9304,176992,Rejected
LOAN00115,53,Male,Yes,1,Not Graduate,No,Salaried,Average,Rural,Home,240,19526,4369,91840,Rejected
LOAN00116,43,Male,Yes,0,Not Graduate,No,Salaried,Average,Semiurban,Business,360,42635,22440,196294,Rejected
LOAN00117,44,Male,No,0,Graduate,No,Business Owner,Average,Rural,Education,360,57455,3564,165308,Rejected
LOAN00118,57,Male,Yes,1,Not Graduate,Yes,Unemployed,Poor,Rural,Education,360,31351,19197,161965,Rejected
LOAN00119,55,Female,No,3+,Graduate,No,Business Owner,Poor,Urban,Education,360,47860,1684,148279,Rejected
LOAN00120,64,Male,Yes,0,Graduate,No,Salaried,Good,Urban,Personal,240,28206,7503,132925,Approved
LOAN00121,60,Male,No,2,Graduate,No,Salaried,Good,Urban,Education,360,41631,4694,147526,Approved
LOAN00122,42,Male,No,0,Not Graduate,No,Salaried,Good,Urban,Personal,120,29240,4273,128846,Approved
LOAN00123,47,Female,Yes,1,Graduate,No,Business Owner,Average,Urban,Personal,360,52502,21633,197881,Rejected
LOAN00124,55,Male,Yes,3+,Graduate,Yes,Business Owner,Good,Rural,Education,360,20559,2621,84699,Approved
LOAN00125,21,Male,Yes,2,Not Graduate,No,Salaried,Good,Urban,Education,360,22998,8340,130583,Approved
LOAN00126,55,Female,No,0,Graduate,No,Freelancer,Good,Urban,Vehicle,360,65354,8081,274506,Approved
LOAN00127,57,Female,No,1,Graduate,No,Freelancer,Average,Urban,Vehicle,180,12007,4441,83053,Rejected
LOAN00128,34,Male,No,0,Graduate,No,Salaried,Good,Rural,Home,120,27216,6475,59492,Approved
LOAN00129,23,Female,Yes,0,Graduate,No,Salaried,Good,Semiurban,Home,360,34066,15346,114700,Approved
LOAN00130,21,Male,No,2,Graduate,No,Unemployed,Good,Rural,Home,240,42568,2483,175722,Approved
LOAN00131,25,Male,No,2,Not Graduate,No,Salaried,Average,Rural,Home,240,29290,7456,114796,Approved
LOAN00132,46,Male,No,0,Graduate,No,Freelancer,Good,Semiurban,Home,360,21882,4380,104739,Approved
LOAN00133,34,Male,No,3+,Not Graduate,No,Business Owner,Good,Urban,Home,240,63059,4530,160383,Approved
LOAN00134,59,Female,Yes,1,Graduate,No,Government,Average,Urban,Business,360,58335,9027,272645,Rejected
LOAN00135,47,Male,Yes,0,Graduate,No,Freelancer,Good,Urban,Medical,300,30617,11685,127118,Rejected
LOAN00136,29,Male,No,1,Graduate,No,Freelancer,Good,Semiurban,Vehicle,360,16223,4918,75509,Approved
LOAN00137,35,Female,No,1,Graduate,No,Government,Good,Urban,Personal,360,41680,3259,70311,Approved
LOAN00138,35,Female,Yes,1,Graduate,No,Government,Good,Urban,Vehicle,180,39411,3357,176893,Approved
LOAN00139,46,Male,Yes,1,Graduate,No,Business Owner,Average,Semiurban,Vehicle,240,26898,14766,107857,Rejected
LOAN00140,62,Female,Yes,1,Graduate,No,Salaried,Good,Semiurban,Education,240,15066,8427,70224,Approved
LOAN00141,33,Male,Yes,0,Graduate,No,Salaried,Good,Semiurban,Home,360,32138,6820,120423,Approved
LOAN00142,52,Female,Yes,2,Graduate,No,Freelancer,Average,Urban,Personal,240,51275,17086,217875,Approved
LOAN00143,59,Female,No,1,Graduate,No,Freelancer,Average,Rural,Personal,240,54870,12063,221518,Rejected
LOAN00144,52,Female,No,0,Not Graduate,No,Salaried,Good,Semiurban,Education,360,35601,7684,194904,Approved
LOAN00145,24,Male,Yes,2,Graduate,Yes,Salaried,Good,Urban,Home,240,27431,6722,86819,Approved
LOAN00146,50,Male,Yes,3+,Graduate,No,Freelancer,Average,Rural,Vehicle,360,50539,16332,200841,Rejected
LOAN00147,57,Male,Yes,3+,Not Graduate,No,Salaried,Average,Rural,Home,360,21771,9381,124850,Rejected
LOAN00148,43,Male,Yes,0,Not Graduate,No,Business Owner,Good,Urban,Home,300,19739,21540,173476,Approved
LOAN00149,59,Male,No,0,Graduate,No,Freelancer,Average,Urban,Personal,360,34898,5065,98253,Approved
LOAN00150,65,Female,No,1,Graduate,No,Business Owner,Good,Semiurban,Business,120,72831,5601,195506,Approved
LOAN00151,35,Male,Yes,0,Graduate,No,Salaried,Good,Urban,Vehicle,360,74071,9459,223521,Approved
LOAN00152,63,Male,No,3+,Graduate,No,Salaried,Good,Rural,Personal,360,20070,3252,79168,Approved
LOAN00153,49,Female,No,0,Not Graduate,Yes,Salaried,Good,Urban,Business,240,29829,2280,123691,Approved
LOAN00154,56,Male,No,0,Not Graduate,Yes,Salaried,Good,Rural,Business,180,108581,5353,324322,Approved
LOAN00155,33,Female,Yes,0,Graduate,No,Business Owner,Good,Semiurban,Home,360,26641,12894,129533,Approved
LOAN00156,52,Male,No,0,Not Graduate,No,Business Owner,Good,Semiurban,Home,240,75273,1078,156612,Approved
LOAN00157,27,Male,Yes,2,Graduate,No,Salaried,Good,Urban,Vehicle,360,56343,7980,152640,Approved
LOAN00158,42,Male,Yes,1,Graduate,No,Salaried,Good,Urban,Education,120,62062,22643,222910,Approved
LOAN00159,48,Male,Yes,0,Not Graduate,No,Salaried,Good,Urban,Home,240,29714,3939,96529,Approved
LOAN00160,22,Female,Yes,0,Graduate,No,Unemployed,Average,Urban,Home,360,30112,6616,86060,Approved
LOAN00161,62,Male,Yes,1,Not Graduate,No,Business Owner,Good,Urban,Education,240,24106,37382,171703,Approved
LOAN00162,65,Female,Yes,0,Not Graduate,Yes,Government,Average,Rural,Education,360,52025,5511,230552,Rejected
LOAN00163,26,Male,Yes,1,Graduate,Yes,Government,Good,Urban,Business,180,17389,23174,56419,Approved
LOAN00164,48,Male,No,1,Graduate,Yes,Business Owner,Good,Rural,Education,240,33741,3511,124016,Approved
LOAN00165,48,Female,No,2,Graduate,No,Freelancer,Good,Semiurban,Home,360,75774,2479,221072,Approved
LOAN00166,64,Male,Yes,3+,Graduate,No,Salaried,Poor,Rural,Business,360,47455,19171,233524,Approved
LOAN00167,64,Female,No,3+,Graduate,No,Freelancer,Good,Rural,Personal,360,57022,10091,175789,Approved
LOAN00168,40,Female,No,3+,Graduate,No,Salaried,Good,Urban,Home,360,17330,3297,43308,Approved
LOAN00169,50,Female,No,0,Not Graduate,No,Government,Good,Rural,Vehicle,360,23218,3694,96738,Approved
LOAN00170,31,Female,Yes,0,Graduate,Yes,Salaried,Poor,Semiurban,Business,360,61875,11918,209509,Rejected
LOAN00171,48,Male,No,0,Graduate,No,Government,Poor,Rural,Vehicle,60,38430,14818,155442,Rejected
LOAN00172,45,Male,No,3+,Graduate,No,Salaried,Good,Semiurban,Home,360,22746,3435,93566,Approved
LOAN00173,59,Male,No,3+,Not Graduate,No,Government,Good,Semiurban,Personal,180,48140,3981,232630,Approved
LOAN00174,53,Female,Yes,2,Graduate,No,Salaried,Good,Urban,Business,120,28564,9908,131378,Approved
LOAN00175,21,Female,Yes,0,Graduate,No,Freelancer,Good,Urban,Personal,120,113766,3559,368443,Approved
LOAN00176,47,Male,No,3+,Not Graduate,No,Business Owner,Good,Semiurban,Home,240,47551,2249,73234,Approved
LOAN00177,33,Female,Yes,0,Graduate,No,Salaried,Average,Rural,Vehicle,360,23976,11954,98988,Rejected
LOAN00178,61,Male,Yes,0,Graduate,No,Business Owner,Average,Semiurban,Vehicle,240,53985,7186,192664,Approved
LOAN00179,23,Female,Yes,0,Not Graduate,Yes,Government,Good,Urban,Education,60,75105,13352,222624,Approved
LOAN00180,59,Male,No,0,Graduate,No,Salaried,Good,Rural,Education,300,36218,5897,157187,Approved
LOAN00181,26,Female,No,1,Not Graduate,No,Government,Good,Rural,Business,240,25705,2863,112579,Approved
LOAN00182,28,Female,Yes,0,Graduate,No,Business Owner,Good,Urban,Home,360,37047,25143,206111,Approved
LOAN00183,47,Male,No,1,Graduate,No,Government,Good,Urban,Vehicle,240,27563,2674,93751,Approved
LOAN00184,29,Male,Yes,1,Not Graduate,No,Salaried,Good,Urban,Home,180,32330,8166,124085,Approved
LOAN00185,57,Male,No,2,Graduate,No,Business Owner,Good,Rural,Home,240,19439,4339,99359,Approved
LOAN00186,53,Male,No,1,Not Graduate,No,Government,Good,Rural,Business,240,53844,8871,207214,Approved
LOAN00187,62,Male,No,0,Not Graduate,No,Salaried,Average,Urban,Home,360,21651,6329,95420,Rejected
LOAN00188,64,Female,No,2,Not Graduate,No,Business Owner,Good,Urban,Medical,300,47747,2595,140058,Approved
LOAN00189,44,Female,Yes,3+,Not Graduate,No,Salaried,Good,Rural,Personal,240,31671,15304,146107,Approved
LOAN00190,35,Female,No,0,Graduate,No,Salaried,Good,Rural,Business,240,40147,3112,180531,Approved
LOAN00191,52,Male,Yes,1,Graduate,No,Business Owner,Good,Rural,Personal,240,29330,6248,107325,Approved
LOAN00192,52,Female,No,0,Graduate,Yes,Freelancer,Poor,Semiurban,Personal,360,39668,5918,158884,Rejected
LOAN00193,44,Female,No,0,Graduate,Yes,Business Owner,Average,Urban,Home,180,44121,4609,132652,Approved
LOAN00194,61,Male,No,1,Not Graduate,No,Salaried,Good,Semiurban,Personal,360,31011,1742,136159,Approved
LOAN00195,32,Female,Yes,2,Graduate,No,Salaried,Average,Urban,Home,360,16676,5248,99636,Approved
LOAN00196,59,Female,No,0,Graduate,No,Salaried,Good,Rural,Education,60,42263,6780,111222,Approved
LOAN00197,22,Male,Yes,2,Graduate,No,Business Owner,Poor,Urban,Business,360,43298,18722,194328,Rejected
LOAN00198,23,Male,Yes,2,Graduate,No,Government,Good,Rural,Vehicle,360,19058,20511,130458,Approved
LOAN00199,57,Male,No,3+,Not Graduate,No,Government,Good,Urban,Home,360,23354,14643,128902,Approved
LOAN00200,37,Male,Yes,0,Graduate,Yes,Salaried,Good,Rural,Home,240,31054,21098,130794,Approved
LOAN00201,22,Female,No,3+,Graduate,No,Government,Average,Urban,Business,360,12930,3708,62298,Approved
LOAN00202,22,Female,Yes,0,Not Graduate,No,Business Owner,Good,Semiurban,Education,240,49939,16305,211335,Approved
LOAN00203,48,Female,Yes,1,Graduate,Yes,Freelancer,Average,Semiurban,Vehicle,120,29145,20573,117013,Approved
LOAN00204,43,Male,No,0,Graduate,No,Salaried,Good,Urban,Business,360,41351,2917,205373,Approved
LOAN00205,57,Male,Yes,0,Graduate,No,Freelancer,Poor,Rural,Home,360,22516,12287,129781,Rejected
LOAN00206,52,Female,Yes,2,Graduate,No,Salaried,Good,Semiurban,Home,180,90027,10132,260428,Approved
LOAN00207,53,Female,No,0,Graduate,No,Salaried,Poor,Semiurban,Business,360,19163,6377,84330,Rejected
LOAN00208,21,Male,Yes,0,Not Graduate,No,Salaried,Good,Rural,Education,360,29018,13298,80230,Approved
LOAN00209,39,Male,Yes,0,Graduate,No,Salaried,Good,Rural,Home,180,62292,7124,216804,Approved
LOAN00210,22,Female,Yes,1,Not Graduate,No,Salaried,Poor,Semiurban,Home,240,21650,20552,119717,Rejected
LOAN00211,64,Male,No,0,Not Graduate,No,Salaried,Poor,Rural,Home,240,37834,371,151015,Rejected
LOAN00212,46,Male,No,2,Graduate,No,Salaried,Average,Urban,Home,360,48150,13263,152466,Approved
LOAN00213,52,Female,No,0,Graduate,No,Freelancer,Good,Urban,Business,360,18437,1577,64905,Approved
LOAN00214,26,Male,Yes,0,Graduate,No,Salaried,Good,Semiurban,Vehicle,120,26879,3890,123076,Approved
LOAN00215,52,Male,No,0,Graduate,Yes,Business Owner,Good,Urban,Business,360,39560,3268,117601,Approved
LOAN00216,24,Male,No,1,Not Graduate,No,Salaried,Good,Semiurban,Personal,360,44533,3906,82644,Approved
LOAN00217,31,Male,No,0,Graduate,No,Government,Good,Urban,Home,360,25084,4053,72613,Approved
LOAN00218,37,Female,Yes,0,Graduate,No,Government,Good,Semiurban,Education,180,83138,11060,211870,Approved
LOAN00219,58,Male,No,3+,Graduate,No,Salaried,Average,Rural,Business,300,45090,5383,75442,Approved
LOAN00220,44,Male,No,1,Graduate,No,Business Owner,Average,Semiurban,Business,360,51508,2793,124706,Approved
LOAN00221,25,Female,Yes,0,Graduate,No,Salaried,Good,Rural,Vehicle,240,50166,15406,169235,Approved
LOAN00222,54,Female,Yes,0,Graduate,No,Government,Good,Rural,Vehicle,240,17971,15825,62392,Approved
LOAN00223,26,Female,No,3+,Graduate,No,Business Owner,Good,Urban,Business,360,34488,2505,99788,Approved
LOAN00224,42,Male,Yes,0,Graduate,No,Salaried,Average,Urban,Home,120,36051,6042,182887,Rejected
LOAN00225,31,Male,No,0,Graduate,No,Salaried,Good,Urban,Vehicle,360,32388,1751,140063,Approved
LOAN00226,36,Female,No,2,Not Graduate,No,Salaried,Good,Rural,Vehicle,240,39869,1856,117478,Approved
LOAN00227,53,Female,No,1,Graduate,Yes,Salaried,Good,Urban,Medical,60,14069,5537,87674,Approved
LOAN00228,29,Male,Yes,1,Graduate,No,Freelancer,Good,Urban,Vehicle,180,38470,15840,153836,Approved
LOAN00229,26,Male,Yes,0,Graduate,No,Business Owner,Average,Rural,Vehicle,120,31682,13883,120011,Approved
LOAN00230,36,Male,No,0,Graduate,No,Salaried,Average,Semiurban,Business,120,14014,3452,59896,Approved
LOAN00231,49,Female,Yes,1,Not Graduate,Yes,Salaried,Good,Urban,Personal,360,43918,8931,141763,Approved
LOAN00232,23,Female,No,0,Graduate,No,Salaried,Good,Urban,Medical,180,21343,5767,105951,Approved
LOAN00233,40,Male,Yes,1,Graduate,No,Salaried,Poor,Rural,Vehicle,360,30600,10903,137381,Approved
LOAN00234,56,Male,Yes,1,Not Graduate,No,Government,Good,Rural,Business,300,32387,13700,164728,Approved
LOAN00235,39,Female,Yes,0,Not Graduate,Yes,Salaried,Average,Urban,Home,300,15823,23290,64208,Rejected
LOAN00236,46,Female,Yes,3+,Graduate,No,Business Owner,Average,Semiurban,Vehicle,240,16640,10884,79371,Approved
LOAN00237,23,Male,No,2,Graduate,No,Salaried,Average,Rural,Vehicle,360,46417,3966,174565,Approved
LOAN00238,39,Female,Yes,2,Graduate,No,Salaried,Good,Rural,Vehicle,300,27675,11708,143509,Approved
LOAN00239,40,Female,Yes,0,Graduate,No,Business Owner,Good,Rural,Home,180,30430,7824,96945,Approved
LOAN00240,52,Male,Yes,0,Not Graduate,No,Business Owner,Poor,Semiurban,Business,360,37526,4746,206228,Rejected
LOAN00241,27,Female,Yes,1,Graduate,Yes,Salaried,Good,Rural,Home,240,16462,17709,67316,Approved
LOAN00242,61,Male,Yes,0,Not Graduate,Yes,Business Owner,Good,Urban,Vehicle,120,30228,9379,100727,Approved
LOAN00243,53,Female,No,3+,Graduate,No,Business Owner,Good,Urban,Home,300,34552,3435,87760,Approved
LOAN00244,60,Female,Yes,0,Graduate,No,Salaried,Good,Semiurban,Vehicle,360,80341,12735,259633,Approved
LOAN00245,59,Female,Yes,1,Graduate,No,Business Owner,Average,Semiurban,Home,240,24001,12829,99023,Rejected
LOAN00246,38,Female,Yes,0,Not Graduate,No,Freelancer,Good,Rural,Home,360,51792,35259,242626,Approved
LOAN00247,60,Male,No,1,Graduate,No,Salaried,Average,Urban,Business,360,36286,13655,159606,Rejected
LOAN00248,21,Female,Yes,0,Graduate,No,Business Owner,Average,Rural,Home,360,21785,20755,143587,Approved
LOAN00249,31,Female,Yes,0,Graduate,Yes,Salaried,Good,Urban,Business,240,27315,16122,145938,Approved
LOAN00250,48,Male,No,0,Graduate,No,Salaried,Good,Semiurban,Personal,360,53628,1876,101484,Approved
LOAN00251,45,Female,Yes,3+,Graduate,No,Business Owner,Average,Urban,Medical,240,51516,13480,178559,Approved
LOAN00252,43,Female,Yes,0,Not Graduate,No,Government,Good,Semiurban,Home,360,28735,9910,103710,Approved
LOAN00253,51,Male,Yes,3+,Graduate,No,Government,Poor,Semiurban,Personal,240,42390,7240,154594,Rejected
LOAN00254,50,Female,No,2,Not Graduate,No,Salaried,Average,Urban,Education,360,22773,5086,112988,Rejected
LOAN00255,62,Female,Yes,0,Graduate,No,Salaried,Good,Urban,Personal,120,33542,7395,102994,Approved
LOAN00256,55,Male,No,2,Graduate,No,Business Owner,Average,Semiurban,Vehicle,120,29932,3738,134929,Approved
LOAN00257,27,Female,No,0,Graduate,No,Salaried,Good,Rural,Home,360,55232,4072,194722,Approved
LOAN00258,36,Male,Yes,3+,Graduate,No,Freelancer,Good,Urban,Education,240,44725,7865,175785,Approved
LOAN00259,46,Male,Yes,1,Not Graduate,No,Freelancer,Average,Urban,Home,240,26790,9654,93231,Rejected
LOAN00260,22,Male,Yes,0,Graduate,Yes,Government,Average,Urban,Vehicle,360,28017,3549,128707,Approved
LOAN00261,21,Female,No,0,Graduate,No,Salaried,Good,Rural,Education,360,35844,3784,147811,Approved
LOAN00262,32,Female,Yes,0,Graduate,No,Salaried,Good,Urban,Vehicle,180,33773,9178,101261,Approved
LOAN00263,25,Male,Yes,3+,Not Graduate,No,Government,Good,Urban,Business,180,32023,29822,140346,Approved
LOAN00264,57,Male,Yes,0,Graduate,No,Freelancer,Good,Rural,Medical,360,30996,15994,160858,Approved
LOAN00265,52,Female,No,1,Graduate,No,Government,Good,Semiurban,Personal,360,67551,817,173054,Approved
LOAN00266,29,Male,Yes,0,Graduate,No,Salaried,Good,Urban,Education,240,29633,28822,176356,Approved
LOAN00267,61,Female,No,3+,Graduate,No,Business Owner,Good,Rural,Vehicle,360,41564,3436,126945,Approved
LOAN00268,55,Female,Yes,0,Graduate,Yes,Business Owner,Poor,Semiurban,Personal,300,108034,5537,344576,Rejected
LOAN00269,39,Male,Yes,1,Not Graduate,No,Salaried,Good,Semiurban,Personal,180,24812,10432,70032,Approved
LOAN00270,36,Female,Yes,1,Graduate,No,Business Owner,Good,Urban,Home,180,39605,19753,153159,Approved
LOAN00271,23,Male,Yes,2,Graduate,No,Business Owner,Average,Rural,Home,240,40539,5540,178028,Rejected
LOAN00272,40,Female,Yes,0,Graduate,Yes,Salaried,Average,Urban,Home,360,36135,5874,78247,Rejected
LOAN00273,44,Female,Yes,0,Graduate,No,Salaried,Poor,Urban,Education,120,36994,32331,173768,Approved
LOAN00274,53,Female,No,0,Graduate,Yes,Business Owner,Good,Urban,Home,180,24452,3343,154958,Approved
LOAN00275,44,Male,No,2,Not Graduate,Yes,Business Owner,Good,Rural,Education,360,42680,11310,118431,Approved
LOAN00276,31,Female,No,0,Not Graduate,No,Government,Good,Semiurban,Business,180,15887,674,45654,Approved
LOAN00277,28,Male,Yes,1,Not Graduate,No,Salaried,Good,Semiurban,Education,360,81554,12982,257282,Rejected
LOAN00278,56,Male,Yes,0,Not Graduate,No,Salaried,Good,Urban,Business,180,78501,9739,191765,Approved
LOAN00279,58,Male,Yes,2,Graduate,No,Unemployed,Good,Semiurban,Home,360,31315,24585,221408,Approved
LOAN00280,60,Female,No,3+,Graduate,Yes,Government,Good,Rural,Personal,240,58296,11613,182500,Approved
LOAN00281,40,Female,No,1,Graduate,No,Salaried,Good,Urban,Personal,180,31824,9194,123778,Approved
LOAN00282,55,Female,Yes,0,Graduate,Yes,Government,Average,Rural,Business,360,36476,11499,118001,Approved
LOAN00283,45,Female,Yes,0,Graduate,No,Salaried,Good,Urban,Personal,360,26731,10696,85540,Approved
LOAN00284,55,Male,Yes,0,Graduate,No,Salaried,Average,Rural,Home,360,52517,18691,173815,Rejected
LOAN00285,45,Female,Yes,0,Graduate,No,Salaried,Good,Urban,Vehicle,360,27957,18927,112698,Approved
LOAN00286,49,Male,Yes,1,Not Graduate,No,Salaried,Good,Semiurban,Home,300,51706,4105,179991,Approved
LOAN00287,38,Female,No,1,Not Graduate,Yes,Government,Good,Rural,Education,300,35635,2416,133168,Approved
LOAN00288,38,Female,No,3+,Not Graduate,Yes,Freelancer,Good,Rural,Home,360,36035,4944,110598,Rejected
LOAN00289,22,Female,Yes,0,Graduate,No,Unemployed,Good,Urban,Business,360,18563,8369,57645,Approved
LOAN00290,55,Female,Yes,2,Graduate,No,Freelancer,Average,Semiurban,Home,360,37307,14363,141493,Rejected
LOAN00291,36,Male,No,1,Graduate,No,Salaried,Average,Urban,Business,360,21685,2948,99777,Approved
LOAN00292,61,Male,Yes,1,Graduate,No,Freelancer,Good,Rural,Education,180,37336,5626,176618,Approved
LOAN00293,56,Female,Yes,0,Graduate,Yes,Unemployed,Good,Semiurban,Personal,180,86933,8743,176532,Approved
LOAN00294,53,Male,Yes,1,Graduate,No,Freelancer,Poor,Urban,Business,240,19432,4259,94265,Approved
LOAN00295,24,Male,Yes,1,Graduate,No,Freelancer,Good,Urban,Home,360,33992,11646,183158,Approved
LOAN00296,53,Male,Yes,2,Graduate,No,Government,Good,Rural,Home,360,27283,13779,108281,Approved
LOAN00297,34,Female,No,3+,Graduate,No,Salaried,Good,Semiurban,Personal,360,22739,3313,96094,Approved
LOAN00298,41,Male,Yes,0,Graduate,No,Freelancer,Average,Urban,Education,240,25437,28121,141554,Rejected
LOAN00299,40,Male,Yes,0,Graduate,Yes,Government,Good,Urban,Business,180,70394,11363,298977,Approved
LOAN00300,28,Female,No,1,Graduate,No,Unemployed,Good,Urban,Business,360,79334,6647,280279,Approved
LOAN00301,27,Female,Yes,1,Graduate,No,Salaried,Good,Semiurban,Home,360,22678,6447,130464,Approved
LOAN00302,23,Male,No,0,Graduate,No,Business Owner,Good,Rural,Home,180,43495,3356,139363,Approved
LOAN00303,37,Male,No,2,Graduate,No,Freelancer,Good,Rural,Education,360,24015,1942,73662,Approved
LOAN00304,53,Male,Yes,3+,Not Graduate,No,Salaried,Average,Semiurban,Home,240,26762,44801,142518,Rejected
LOAN00305,32,Male,No,3+,Not Graduate,No,Business Owner,Good,Rural,Home,240,14441,6733,47477,Approved
LOAN00306,42,Male,Yes,0,Graduate,No,Salaried,Good,Semiurban,Home,360,94781,24945,414104,Approved
LOAN00307,42,Female,No,3+,Graduate,No,Salaried,Good,Urban,Home,360,59530,3989,295326,Approved
LOAN00308,50,Female,Yes,2,Graduate,No,Salaried,Good,Rural,Home,360,27085,5448,120445,Approved
LOAN00309,58,Female,No,1,Graduate,No,Business Owner,Average,Urban,Medical,120,41282,15605,195058,Rejected
LOAN00310,58,Male,No,1,Graduate,No,Salaried,Good,Urban,Business,240,30334,5006,116357,Approved
LOAN00311,65,Female,Yes,2,Graduate,No,Business Owner,Good,Rural,Vehicle,240,55586,10164,163888,Approved
LOAN00312,28,Male,Yes,1,Graduate,No,Salaried,Good,Urban,Home,240,31146,13951,152313,Approved
LOAN00313,47,Female,No,0,Graduate,No,Salaried,Good,Rural,Home,300,33268,7471,134776,Approved
LOAN00314,47,Female,No,1,Graduate,No,Salaried,Good,Rural,Personal,240,26959,4022,62634,Approved
LOAN00315,54,Male,Yes,1,Graduate,Yes,Salaried,Average,Semiurban,Business,240,47655,20503,127416,Rejected
LOAN00316,41,Female,No,0,Not Graduate,No,Business Owner,Good,Urban,Home,240,98145,3823,178231,Approved
LOAN00317,50,Male,Yes,3+,Graduate,Yes,Government,Average,Urban,Education,360,31955,18975,166253,Rejected
LOAN00318,53,Female,Yes,2,Graduate,No,Salaried,Average,Urban,Business,360,31790,3411,87490,Approved
LOAN00319,48,Male,Yes,1,Not Graduate,No,Salaried,Average,Semiurban,Personal,360,35907,2657,119331,Rejected
LOAN00320,53,Male,Yes,0,Not Graduate,Yes,Freelancer,Good,Rural,Home,180,40827,18028,205219,Approved
LOAN00321,25,Female,No,1,Graduate,Yes,Salaried,Good,Semiurban,Business,240,31744,3744,142756,Approved
LOAN00322,39,Male,Yes,0,Graduate,No,Unemployed,Poor,Semiurban,Vehicle,60,30439,41036,109598,Rejected
LOAN00323,24,Female,No,0,Graduate,No,Freelancer,Average,Semiurban,Medical,180,37689,1432,111133,Approved
LOAN00324,55,Male,Yes,1,Graduate,Yes,Salaried,Average,Semiurban,Personal,240,16515,6002,81744,Approved
LOAN00325,37,Female,Yes,0,Not Graduate,No,Salaried,Good,Rural,Home,120,28387,30092,160811,Approved
LOAN00326,64,Female,Yes,1,Not Graduate,No,Business Owner,Good,Urban,Vehicle,360,14758,16211,113684,Approved
LOAN00327,48,Male,Yes,0,Graduate,Yes,Salaried,Average,Rural,Vehicle,360,29094,27702,105568,Approved
LOAN00328,50,Male,Yes,0,Graduate,No,Salaried,Good,Semiurban,Vehicle,180,23701,7693,102145,Approved
LOAN00329,49,Male,Yes,0,Graduate,No,Salaried,Good,Urban,Personal,360,48153,13612,215706,Approved
LOAN00330,26,Male,Yes,3+,Graduate,No,Government,Good,Urban,Personal,180,26086,6468,125366,Approved
LOAN00331,55,Male,Yes,1,Not Graduate,No,Business Owner,Good,Urban,Home,360,30808,3837,114378,Approved
LOAN00332,61,Female,Yes,2,Not Graduate,No,Salaried,Good,Semiurban,Home,360,13814,17077,56357,Approved
LOAN00333,57,Female,Yes,0,Graduate,No,Freelancer,Good,Urban,Vehicle,360,57531,8316,242884,Approved
LOAN00334,44,Female,No,0,Graduate,No,Salaried,Good,Rural,Home,180,22273,2929,89322,Approved
LOAN00335,49,Female,No,3+,Graduate,No,Business Owner,Good,Semiurban,Home,240,29226,7147,98791,Approved
LOAN00336,51,Female,Yes,0,Graduate,No,Salaried,Good,Rural,Education,120,51542,12205,155430,Approved
LOAN00337,55,Female,Yes,0,Not Graduate,No,Business Owner,Good,Urban,Personal,240,51629,11367,234045,Approved
LOAN00338,53,Male,Yes,1,Graduate,No,Unemployed,Average,Urban,Home,360,22029,8184,77278,Rejected
LOAN00339,41,Female,No,0,Graduate,No,Salaried,Good,Urban,Business,360,46034,8299,99078,Approved
LOAN00340,52,Female,Yes,2,Graduate,No,Salaried,Good,Urban,Home,360,21657,17321,107111,Approved
LOAN00341,43,Female,Yes,1,Not Graduate,No,Salaried,Average,Rural,Home,300,40317,2467,187560,Rejected
LOAN00342,53,Male,Yes,0,Graduate,Yes,Salaried,Poor,Urban,Education,360,25517,15972,114284,Approved
LOAN00343,23,Male,Yes,0,Not Graduate,Yes,Salaried,Good,Semiurban,Home,240,22999,14460,97011,Approved
LOAN00344,38,Male,Yes,0,Not Graduate,No,Government,Good,Urban,Personal,180,36896,5228,144416,Approved
LOAN00345,45,Female,No,3+,Not Graduate,No,Government,Good,Semiurban,Personal,360,26224,4593,80156,Approved
LOAN00346,62,Female,Yes,2,Graduate,No,Salaried,Good,Rural,Vehicle,240,90072,15571,395592,Approved
LOAN00347,51,Male,No,0,Graduate,No,Business Owner,Average,Semiurban,Home,120,27502,5130,135135,Approved
LOAN00348,23,Female,Yes,0,Graduate,No,Business Owner,Poor,Semiurban,Business,180,21240,28114,111262,Approved
LOAN00349,60,Male,Yes,2,Graduate,No,Business Owner,Poor,Urban,Home,360,24234,38981,136652,Rejected
LOAN00350,44,Male,No,1,Graduate,No,Salaried,Good,Rural,Home,360,36033,2042,84987,Approved
LOAN00351,52,Male,Yes,0,Graduate,No,Salaried,Good,Semiurban,Business,240,38192,10292,155621,Approved
LOAN00352,42,Female,No,0,Graduate,No,Business Owner,Poor,Semiurban,Vehicle,360,41743,1634,103316,Rejected
LOAN00353,43,Female,Yes,0,Not Graduate,No,Salaried,Good,Semiurban,Home,360,54731,3930,194770,Approved
LOAN00354,22,Male,Yes,1,Graduate,No,Government,Good,Rural,Home,360,17122,9215,88640,Approved
LOAN00355,47,Female,No,3+,Graduate,No,Freelancer,Average,Semiurban,Personal,360,55867,2749,124004,Approved
LOAN00356,62,Male,Yes,0,Not Graduate,No,Salaried,Good,Semiurban,Education,360,24071,7467,124499,Approved
LOAN00357,22,Female,No,1,Not Graduate,No,Salaried,Good,Semiurban,Personal,360,43510,2348,111502,Approved
LOAN00358,46,Female,Yes,0,Not Graduate,No,Government,Average,Urban,Medical,240,78786,11835,321681,Rejected
LOAN00359,37,Female,No,0,Not Graduate,Yes,Business Owner,Good,Semiurban,Business,240,25356,842,123324,Approved
LOAN00360,60,Male,Yes,0,Not Graduate,No,Government,Good,Semiurban,Home,300,24888,8382,130152,Approved
LOAN00361,53,Female,Yes,2,Graduate,No,Salaried,Good,Semiurban,Vehicle,60,22904,15702,128497,Approved
LOAN00362,29,Female,No,1,Graduate,No,Business Owner,Good,Semiurban,Home,240,31192,4529,144490,Approved
LOAN00363,63,Male,No,1,Graduate,No,Business Owner,Good,Urban,Home,300,64178,10758,244398,Approved
LOAN00364,59,Female,No,0,Graduate,Yes,Government,Good,Rural,Vehicle,180,21995,1776,79676,Approved
LOAN00365,49,Male,No,0,Graduate,Yes,Salaried,Good,Rural,Education,180,29080,13790,99949,Approved
LOAN00366,62,Female,No,0,Graduate,Yes,Salaried,Average,Rural,Home,300,56336,17539,198053,Rejected
LOAN00367,46,Male,Yes,2,Graduate,No,Salaried,Good,Urban,Business,360,48088,15921,211553,Approved
LOAN00368,55,Female,Yes,0,Graduate,No,Government,Average,Semiurban,Vehicle,360,29002,18286,171751,Rejected
LOAN00369,45,Female,Yes,2,Graduate,No,Government,Good,Rural,Home,300,33027,5115,211444,Approved
LOAN00370,44,Male,Yes,0,Not Graduate,No,Unemployed,Average,Semiurban,Home,300,54838,32695,172642,Rejected
LOAN00371,33,Male,Yes,0,Graduate,No,Unemployed,Good,Semiurban,Home,240,73998,11086,311351,Approved
LOAN00372,27,Male,Yes,1,Not Graduate,No,Salaried,Good,Rural,Education,180,78077,10150,325538,Approved
LOAN00373,56,Male,Yes,0,Graduate,No,Salaried,Average,Semiurban,Vehicle,180,67569,13668,167620,Approved
LOAN00374,65,Male,No,0,Not Graduate,No,Salaried,Good,Semiurban,Vehicle,360,26862,2672,88509,Approved
LOAN00375,40,Female,Yes,0,Not Graduate,No,Salaried,Good,Urban,Business,300,82321,11841,280326,Approved
LOAN00376,21,Male,Yes,1,Graduate,No,Government,Good,Urban,Home,360,26043,11619,59964,Approved
LOAN00377,28,Male,Yes,1,Graduate,No,Government,Average,Urban,Home,360,17275,18083,106621,Approved
LOAN00378,36,Female,No,0,Graduate,No,Salaried,Good,Rural,Home,180,38199,11907,182489,Approved
LOAN00379,34,Male,No,1,Not Graduate,Yes,Business Owner,Good,Semiurban,Home,300,70566,2667,282964,Approved
LOAN00380,32,Female,No,0,Not Graduate,Yes,Government,Good,Semiurban,Home,240,48954,3636,231057,Approved
LOAN00381,43,Female,Yes,0,Not Graduate,No,Business Owner,Good,Rural,Education,240,35131,5936,136966,Approved
LOAN00382,35,Female,Yes,0,Graduate,No,Salaried,Good,Semiurban,Home,300,41403,20969,164476,Approved
LOAN00383,48,Female,Yes,3+,Graduate,No,Business Owner,Good,Semiurban,Vehicle,360,46141,9257,204164,Approved
LOAN00384,54,Female,Yes,0,Not Graduate,No,Salaried,Good,Urban,Vehicle,360,38809,7638,134689,Approved
LOAN00385,22,Male,Yes,0,Graduate,No,Business Owner,Good,Rural,Business,360,31796,14242,69704,Approved
LOAN00386,52,Male,Yes,0,Graduate,No,Salaried,Average,Urban,Home,60,26021,13221,94989,Rejected
LOAN00387,43,Male,Yes,0,Graduate,No,Salaried,Average,Urban,Personal,180,38198,9596,159906,Approved
LOAN00388,42,Female,No,1,Not Graduate,No,Unemployed,Average,Urban,Medical,120,34367,5044,91830,Rejected
LOAN00389,45,Male,No,0,Graduate,No,Business Owner,Good,Urban,Home,240,36375,4941,97379,Approved
LOAN00390,42,Female,Yes,0,Graduate,No,Business Owner,Poor,Urban,Vehicle,240,58145,3868,257532,Rejected
LOAN00391,42,Female,Yes,1,Graduate,No,Unemployed,Good,Semiurban,Personal,360,32486,26945,154049,Approved
LOAN00392,62,Female,Yes,0,Not Graduate,No,Salaried,Poor,Urban,Business,300,33069,5576,126843,Approved
LOAN00393,26,Female,Yes,2,Graduate,No,Salaried,Good,Semiurban,Home,360,39555,4513,217569,Approved
LOAN00394,35,Male,No,1,Graduate,No,Government,Good,Urban,Education,360,118378,8097,355532,Approved
LOAN00395,63,Female,Yes,0,Graduate,No,Salaried,Good,Urban,Business,180,22218,10745,25000,Approved
LOAN00396,57,Female,No,1,Not Graduate,No,Government,Good,Semiurban,Education,360,59358,3458,230004,Approved
LOAN00397,53,Male,Yes,0,Not Graduate,No,Salaried,Average,Rural,Personal,300,31744,9537,108786,Rejected
LOAN00398,28,Male,No,1,Not Graduate,No,Salaried,Average,Rural,Vehicle,300,35332,2682,84079,Approved
LOAN00399,64,Female,Yes,0,Graduate,No,Business Owner,Poor,Rural,Home,360,20121,16785,119460,Rejected
LOAN00400,64,Female,No,0,Not Graduate,No,Salaried,Good,Semiurban,Business,120,84644,3845,214913,Approved
LOAN00401,25,Female,Yes,1,Graduate,No,Freelancer,Good,Semiurban,Vehicle,360,40141,11087,151270,Approved
LOAN00402,59,Female,No,3+,Graduate,No,Business Owner,Good,Semiurban,Home,360,48848,9801,196104,Approved
LOAN00403,24,Female,Yes,3+,Graduate,No,Government,Poor,Semiurban,Education,360,18500,16145,77841,Approved
LOAN00404,26,Male,Yes,1,Graduate,No,Government,Good,Urban,Personal,360,27200,12537,112730,Approved
LOAN00405,65,Male,No,0,Not Graduate,Yes,Salaried,Average,Semiurban,Business,300,43722,3606,195722,Rejected
LOAN00406,52,Male,No,0,Graduate,No,Government,Good,Urban,Home,120,33778,1701,89460,Approved
LOAN00407,50,Male,No,0,Graduate,No,Business Owner,Good,Semiurban,Home,180,44400,4790,161897,Approved
LOAN00408,55,Female,No,1,Graduate,No,Freelancer,Poor,Semiurban,Business,240,93553,2288,180819,Rejected
LOAN00409,60,Female,No,0,Graduate,No,Government,Good,Urban,Business,180,45573,19287,232230,Approved
LOAN00410,36,Female,Yes,3+,Graduate,No,Business Owner,Good,Urban,Home,360,29675,6947,80448,Approved
LOAN00411,33,Male,Yes,0,Graduate,No,Business Owner,Good,Urban,Business,240,27089,11959,127340,Approved
LOAN00412,62,Female,Yes,0,Graduate,No,Business Owner,Average,Rural,Home,360,25735,10233,116114,Rejected
LOAN00413,50,Female,No,0,Graduate,No,Salaried,Good,Urban,Home,360,29958,7188,80204,Approved
LOAN00414,39,Female,Yes,2,Graduate,No,Salaried,Good,Urban,Business,180,30532,5316,132299,Approved
LOAN00415,37,Female,Yes,1,Not Graduate,No,Business Owner,Good,Rural,Home,300,38312,8946,181591,Rejected
LOAN00416,39,Male,Yes,1,Graduate,No,Salaried,Good,Semiurban,Personal,300,46062,4974,226017,Approved
LOAN00417,48,Male,No,0,Not Graduate,Yes,Salaried,Good,Urban,Home,300,44177,16023,110280,Approved
LOAN00418,46,Male,Yes,2,Not Graduate,Yes,Salaried,Good,Urban,Business,300,38540,24513,164230,Approved
LOAN00419,57,Male,Yes,0,Not Graduate,Yes,Business Owner,Poor,Urban,Education,120,39756,17498,178425,Rejected
LOAN00420,46,Male,Yes,3+,Graduate,No,Salaried,Poor,Urban,Education,360,113670,13486,441919,Rejected
LOAN00421,43,Female,Yes,1,Graduate,Yes,Freelancer,Good,Urban,Vehicle,300,26236,11348,132281,Approved
LOAN00422,29,Female,Yes,0,Not Graduate,No,Salaried,Average,Semiurban,Education,360,35718,5833,158359,Approved
LOAN00423,32,Female,No,1,Graduate,No,Business Owner,Good,Rural,Vehicle,360,16263,20313,102749,Approved
LOAN00424,21,Female,Yes,1,Graduate,No,Salaried,Good,Semiurban,Business,180,30567,24897,188597,Approved
LOAN00425,21,Male,No,0,Graduate,No,Freelancer,Good,Semiurban,Business,120,24235,9311,105935,Approved
LOAN00426,54,Female,Yes,3+,Graduate,No,Salaried,Good,Urban,Vehicle,360,26149,10702,105301,Approved
LOAN00427,52,Male,No,0,Not Graduate,No,Unemployed,Good,Urban,Business,360,21299,3279,59919,Approved
LOAN00428,45,Male,Yes,0,Graduate,No,Government,Good,Rural,Business,240,19763,8967,113452,Approved
LOAN00429,60,Male,Yes,0,Graduate,No,Government,Average,Urban,Vehicle,240,38370,5143,202698,Rejected
LOAN00430,65,Male,No,0,Graduate,No,Government,Good,Rural,Personal,180,49994,7645,176332,Approved
LOAN00431,21,Male,Yes,1,Graduate,No,Salaried,Average,Semiurban,Education,240,25663,14180,146845,Rejected
LOAN00432,36,Male,Yes,0,Graduate,No,Business Owner,Good,Rural,Business,240,14581,13294,70031,Approved
LOAN00433,59,Male,No,2,Graduate,No,Freelancer,Good,Urban,Home,240,38177,9250,114542,Approved
LOAN00434,25,Female,Yes,0,Graduate,No,Freelancer,Good,Urban,Education,360,44858,2528,136024,Approved
LOAN00435,42,Male,No,3+,Graduate,No,Government,Good,Rural,Education,240,49177,8557,122453,Approved
LOAN00436,49,Male,Yes,1,Not Graduate,No,Freelancer,Average,Rural,Personal,120,22935,15802,76179,Rejected
LOAN00437,23,Male,No,2,Graduate,No,Unemployed,Average,Urban,Business,240,27649,8525,144924,Approved
LOAN00438,32,Female,Yes,0,Graduate,No,Salaried,Good,Rural,Vehicle,360,22039,21617,134372,Approved
LOAN00439,46,Male,Yes,0,Graduate,No,Government,Average,Urban,Home,300,26038,10303,114156,Rejected
LOAN00440,36,Male,Yes,0,Graduate,No,Freelancer,Poor,Urban,Education,360,25453,13881,102596,Rejected
LOAN00441,57,Male,Yes,1,Not Graduate,No,Freelancer,Good,Semiurban,Personal,300,28871,5993,133717,Approved
LOAN00442,42,Male,Yes,2,Not Graduate,No,Salaried,Good,Semiurban,Home,240,32430,15549,92587,Approved
LOAN00443,49,Male,Yes,0,Graduate,No,Government,Average,Rural,Home,180,38239,17537,154129,Rejected
LOAN00444,34,Male,Yes,0,Graduate,Yes,Government,Good,Semiurban,Education,360,24823,7128,107589,Approved
LOAN00445,48,Male,Yes,2,Not Graduate,No,Salaried,Average,Urban,Vehicle,300,34102,4639,131690,Approved
LOAN00446,25,Male,Yes,0,Graduate,No,Business Owner,Good,Semiurban,Education,360,24147,8346,125059,Approved
LOAN00447,50,Male,No,1,Graduate,Yes,Salaried,Good,Urban,Education,360,16484,7512,69611,Approved
LOAN00448,25,Female,Yes,1,Not Graduate,No,Unemployed,Good,Semiurban,Business,360,46317,15667,220080,Approved
LOAN00449,32,Female,Yes,2,Graduate,No,Business Owner,Good,Semiurban,Home,120,26950,8157,124022,Approved
LOAN00450,36,Male,Yes,0,Not Graduate,No,Salaried,Poor,Urban,Vehicle,360,16649,16832,112048,Rejected
LOAN00451,46,Male,Yes,0,Graduate,No,Salaried,Good,Semiurban,Home,300,46734,4280,202462,Approved
LOAN00452,46,Female,No,1,Graduate,Yes,Freelancer,Good,Semiurban,Education,240,32439,2206,120799,Approved
LOAN00453,41,Male,Yes,3+,Graduate,No,Salaried,Poor,Semiurban,Business,300,44523,6917,71495,Approved
LOAN00454,59,Male,No,0,Graduate,No,Business Owner,Good,Semiurban,Personal,360,43838,5826,108478,Approved
LOAN00455,56,Female,Yes,0,Graduate,No,Government,Good,Urban,Vehicle,180,22193,3147,84713,Approved
LOAN00456,53,Male,No,1,Graduate,No,Government,Good,Urban,Vehicle,240,55200,3013,143741,Approved
LOAN00457,50,Male,Yes,3+,Graduate,No,Salaried,Good,Urban,Education,240,15919,8790,58408,Approved
LOAN00458,57,Male,No,2,Graduate,Yes,Unemployed,Good,Urban,Home,240,30372,7033,112872,Approved
LOAN00459,43,Female,Yes,3+,Graduate,No,Freelancer,Good,Semiurban,Home,120,29480,11274,95166,Approved
LOAN00460,30,Male,Yes,0,Graduate,No,Salaried,Good,Rural,Personal,180,25605,6169,130948,Approved
LOAN00461,25,Female,Yes,0,Graduate,No,Salaried,Poor,Semiurban,Personal,180,63053,2821,272339,Rejected
LOAN00462,56,Female,Yes,1,Graduate,Yes,Salaried,Good,Semiurban,Medical,240,41588,6888,156695,Approved
LOAN00463,54,Male,No,2,Graduate,Yes,Government,Good,Semiurban,Home,360,19271,5526,64818,Approved
LOAN00464,51,Male,Yes,0,Graduate,Yes,Salaried,Good,Urban,Business,180,20567,5297,107554,Approved
LOAN00465,30,Male,Yes,0,Graduate,No,Salaried,Average,Rural,Business,240,95741,7038,342399,Rejected
LOAN00466,39,Male,No,2,Graduate,No,Freelancer,Good,Rural,Vehicle,240,29302,2496,135239,Approved
LOAN00467,52,Male,Yes,0,Not Graduate,Yes,Business Owner,Average,Semiurban,Business,360,25382,5108,25503,Approved
LOAN00468,21,Female,No,0,Graduate,No,Government,Good,Urban,Vehicle,120,61108,2087,185553,Approved
LOAN00469,25,Female,No,1,Graduate,Yes,Freelancer,Poor,Rural,Education,180,16323,3088,103210,Rejected
LOAN00470,65,Female,Yes,1,Not Graduate,No,Salaried,Good,Urban,Home,180,67789,9255,200252,Approved
LOAN00471,24,Male,No,2,Graduate,No,Government,Average,Rural,Home,360,25361,2234,95087,Approved
LOAN00472,36,Female,Yes,0,Graduate,No,Salaried,Good,Rural,Home,360,45785,7363,163707,Approved
LOAN00473,44,Female,Yes,1,Not Graduate,No,Business Owner,Average,Urban,Education,180,29275,9445,53164,Rejected
LOAN00474,36,Female,Yes,1,Graduate,No,Business Owner,Good,Rural,Home,240,17882,12448,109034,Approved
LOAN00475,22,Male,Yes,1,Not Graduate,No,Salaried,Good,Rural,Home,180,39352,6482,118364,Approved
LOAN00476,48,Female,No,1,Graduate,No,Unemployed,Good,Rural,Business,180,55632,3566,215440,Approved
LOAN00477,52,Male,No,0,Graduate,No,Business Owner,Average,Semiurban,Personal,360,12622,2389,77958,Approved
LOAN00478,47,Male,Yes,0,Not Graduate,No,Salaried,Average,Urban,Personal,300,21589,19686,131585,Rejected
LOAN00479,40,Male,Yes,0,Graduate,No,Government,Good,Semiurban,Home,360,63389,12812,268548,Approved
LOAN00480,44,Female,No,0,Graduate,No,Business Owner,Good,Semiurban,Home,240,43431,2328,122247,Approved
LOAN00481,32,Female,Yes,1,Graduate,No,Freelancer,Good,Urban,Home,360,44748,3385,192341,Approved
LOAN00482,55,Male,Yes,2,Graduate,No,Business Owner,Average,Semiurban,Medical,240,55210,20723,239882,Approved
LOAN00483,53,Male,Yes,2,Graduate,No,Government,Average,Semiurban,Business,240,44826,6327,129491,Approved
LOAN00484,53,Male,No,2,Graduate,No,Salaried,Average,Urban,Home,360,38807,4116,103673,Approved
LOAN00485,63,Male,Yes,0,Graduate,No,Salaried,Good,Urban,Personal,180,60010,7619,206708,Approved
LOAN00486,57,Male,No,0,Graduate,No,Business Owner,Poor,Urban,Education,360,30469,7096,97149,Rejected
LOAN00487,32,Male,No,0,Graduate,No,Salaried,Average,Semiurban,Personal,360,36046,4340,189154,Approved
LOAN00488,23,Female,Yes,0,Graduate,No,Freelancer,Good,Semiurban,Home,180,52661,4778,159772,Approved
LOAN00489,21,Male,Yes,0,Graduate,No,Salaried,Good,Urban,Education,360,25740,9337,91606,Approved
LOAN00490,53,Male,No,1,Not Graduate,No,Salaried,Good,Rural,Business,120,68955,2823,211803,Approved
LOAN00491,60,Male,Yes,3+,Graduate,No,Salaried,Good,Urban,Personal,240,41403,6490,198273,Approved
LOAN00492,30,Female,No,0,Graduate,No,Freelancer,Good,Semiurban,Personal,360,21655,3123,109965,Approved
LOAN00493,63,Female,No,0,Not Graduate,No,Government,Good,Rural,Business,360,33286,3702,109050,Approved
LOAN00494,64,Female,No,2,Not Graduate,Yes,Salaried,Good,Rural,Home,120,19465,6283,89876,Rejected
LOAN00495,49,Male,No,0,Graduate,No,Business Owner,Good,Urban,Education,360,37747,20646,214379,Rejected
LOAN00496,33,Female,No,2,Not Graduate,No,Salaried,Good,Rural,Medical,360,30624,1967,110284,Approved
LOAN00497,32,Male,No,2,Graduate,No,Business Owner,Good,Rural,Business,180,24609,1715,125140,Approved
LOAN00498,51,Female,Yes,3+,Not Graduate,Yes,Salaried,Average,Semiurban,Vehicle,360,16300,13796,72106,Rejected
LOAN00499,22,Female,Yes,0,Graduate,Yes,Business Owner,Good,Semiurban,Education,360,25430,13445,127300,Approved
LOAN00500,55,Female,Yes,1,Graduate,No,Business Owner,Good,Urban,Business,360,33481,5727,93883,Approved
LOAN00501,43,Female,No,1,Graduate,Yes,Government,Good,Semiurban,Education,180,30718,4620,109689,Approved
LOAN00502,37,Female,Yes,1,Not Graduate,No,Salaried,Average,Semiurban,Vehicle,360,19167,16484,66012,Rejected
LOAN00503,46,Male,No,0,Graduate,No,Freelancer,Average,Rural,Personal,120,36667,6800,103057,Approved
LOAN00504,28,Female,Yes,0,Graduate,No,Business Owner,Good,Semiurban,Business,360,23307,5638,110147,Approved
LOAN00505,49,Male,No,1,Graduate,No,Government,Poor,Semiurban,Education,360,54987,2300,114449,Approved
LOAN00506,46,Female,Yes,1,Not Graduate,No,Salaried,Good,Urban,Home,240,58754,12951,168709,Approved
LOAN00507,30,Male,No,2,Not Graduate,No,Salaried,Poor,Urban,Home,180,32348,866,148851,Rejected
LOAN00508,46,Male,Yes,2,Graduate,Yes,Government,Good,Urban,Personal,360,73811,5841,317006,Approved
LOAN00509,54,Male,Yes,1,Graduate,No,Salaried,Good,Urban,Home,360,34083,30654,151808,Approved
LOAN00510,61,Male,Yes,0,Graduate,No,Salaried,Good,Semiurban,Personal,240,20227,9880,88766,Approved
LOAN00511,27,Male,No,2,Graduate,No,Salaried,Good,Rural,Vehicle,240,61905,4354,123781,Approved
LOAN00512,24,Female,Yes,1,Not Graduate,No,Government,Good,Semiurban,Vehicle,360,75083,5095,278846,Approved
LOAN00513,65,Male,Yes,3+,Graduate,No,Salaried,Average,Semiurban,Personal,240,56816,12152,133358,Approved
LOAN00514,31,Male,No,3+,Graduate,No,Government,Average,Semiurban,Business,120,25752,3019,147886,Approved
LOAN00515,49,Female,No,0,Graduate,No,Business Owner,Good,Urban,Personal,360,20829,1702,50187,Approved
LOAN00516,56,Male,No,2,Graduate,No,Salaried,Good,Urban,Home,240,31019,3916,133630,Approved
LOAN00517,45,Female,Yes,0,Graduate,No,Salaried,Good,Urban,Business,240,110678,14658,305231,Rejected
LOAN00518,41,Female,Yes,0,Graduate,No,Salaried,Good,Semiurban,Vehicle,180,21384,6901,90786,Approved
LOAN00519,56,Female,No,1,Graduate,No,Business Owner,Good,Urban,Home,360,52541,2801,223244,Approved
LOAN00520,30,Female,Yes,0,Graduate,No,Freelancer,Good,Urban,Vehicle,180,34834,13036,172812,Approved
LOAN00521,57,Male,No,2,Graduate,No,Business Owner,Average,Semiurban,Vehicle,360,55541,3819,148569,Approved
LOAN00522,29,Female,Yes,0,Graduate,No,Salaried,Good,Rural,Personal,360,20599,8455,113218,Approved
LOAN00523,44,Male,Yes,0,Graduate,No,Freelancer,Good,Semiurban,Home,120,32459,6178,64315,Approved
LOAN00524,55,Male,Yes,1,Not Graduate,No,Government,Good,Rural,Vehicle,360,24243,10402,134518,Approved
LOAN00525,55,Female,Yes,2,Graduate,No,Freelancer,Good,Semiurban,Home,240,24872,10713,130264,Approved
LOAN00526,56,Male,Yes,3+,Graduate,No,Government,Good,Semiurban,Vehicle,360,50589,20232,147698,Approved
LOAN00527,38,Female,Yes,2,Not Graduate,No,Salaried,Average,Semiurban,Education,240,21948,3204,97710,Approved
LOAN00528,59,Female,No,2,Graduate,No,Government,Good,Rural,Business,360,41375,3284,138577,Approved
LOAN00529,52,Female,Yes,0,Graduate,No,Salaried,Good,Urban,Education,240,37239,14157,131085,Rejected
LOAN00530,44,Female,No,0,Graduate,Yes,Salaried,Average,Urban,Home,60,23642,2778,118733,Approved
LOAN00531,43,Male,No,0,Graduate,No,Government,Good,Urban,Home,360,26057,4777,115692,Approved
LOAN00532,52,Male,Yes,1,Graduate,No,Government,Average,Semiurban,Home,60,42204,44656,245481,Rejected
LOAN00533,57,Female,Yes,2,Graduate,No,Freelancer,Good,Rural,Business,360,35907,9094,132186,Approved
LOAN00534,32,Male,No,0,Not Graduate,Yes,Salaried,Good,Urban,Personal,180,36947,6349,150871,Approved
LOAN00535,33,Female,Yes,2,Not Graduate,No,Salaried,Average,Urban,Home,240,32706,3917,125252,Rejected
LOAN00536,43,Female,No,1,Graduate,No,Business Owner,Average,Rural,Home,360,31768,6568,141157,Rejected
LOAN00537,45,Female,No,0,Graduate,No,Government,Good,Semiurban,Education,180,35965,2105,73899,Approved
LOAN00538,55,Male,No,0,Graduate,No,Salaried,Good,Semiurban,Vehicle,360,69400,3966,322067,Approved
LOAN00539,61,Male,Yes,2,Graduate,No,Government,Average,Rural,Home,300,46078,15004,130771,Approved
LOAN00540,50,Male,Yes,2,Graduate,No,Salaried,Good,Semiurban,Home,240,34238,7890,142147,Approved
LOAN00541,37,Male,No,3+,Not Graduate,No,Government,Good,Semiurban,Home,360,22319,6197,75607,Approved
LOAN00542,40,Female,Yes,0,Graduate,No,Government,Average,Urban,Education,240,30075,5484,140680,Approved
LOAN00543,45,Male,No,3+,Not Graduate,No,Salaried,Good,Urban,Home,240,24002,13433,117289,Approved
LOAN00544,42,Male,Yes,0,Graduate,No,Salaried,Average,Semiurban,Education,360,25375,14677,127168,Rejected
LOAN00545,33,Male,Yes,0,Not Graduate,No,Government,Average,Semiurban,Vehicle,240,15651,7772,95009,Approved
LOAN00546,39,Female,No,3+,Graduate,No,Business Owner,Average,Rural,Business,180,36131,516,136789,Rejected
LOAN00547,56,Female,Yes,0,Graduate,No,Freelancer,Average,Rural,Home,360,92086,8170,216508,Rejected
LOAN00548,32,Male,Yes,1,Graduate,No,Business Owner,Good,Rural,Business,360,39667,20663,178083,Approved
LOAN00549,61,Male,Yes,0,Graduate,Yes,Salaried,Good,Urban,Education,300,50379,18847,161872,Approved
LOAN00550,39,Male,No,1,Graduate,No,Government,Good,Rural,Personal,300,55933,1167,218260,Approved
LOAN00551,32,Male,Yes,3+,Graduate,Yes,Salaried,Average,Semiurban,Home,360,31920,27030,151639,Approved
LOAN00552,29,Female,No,0,Graduate,No,Government,Average,Urban,Vehicle,300,32896,1622,89491,Approved
LOAN00553,27,Female,Yes,2,Graduate,No,Salaried,Good,Semiurban,Vehicle,240,19370,12155,118214,Approved
LOAN00554,48,Male,No,0,Not Graduate,No,Freelancer,Good,Urban,Home,360,39680,2107,176633,Rejected
LOAN00555,34,Male,No,1,Graduate,No,Salaried,Poor,Urban,Personal,180,37240,2959,124592,Approved
LOAN00556,51,Female,Yes,0,Graduate,No,Salaried,Good,Rural,Education,360,24704,14867,142446,Approved
LOAN00557,39,Male,Yes,0,Graduate,No,Salaried,Good,Semiurban,Business,360,60891,18415,187720,Approved
LOAN00558,36,Female,Yes,0,Not Graduate,No,Freelancer,Average,Urban,Home,360,25604,5036,104496,Rejected
LOAN00559,25,Male,No,0,Graduate,No,Business Owner,Poor,Semiurban,Home,360,130786,11261,405410,Rejected
LOAN00560,55,Male,Yes,3+,Graduate,No,Government,Average,Rural,Business,240,43545,39961,219380,Approved
LOAN00561,32,Male,No,0,Graduate,Yes,Salaried,Average,Semiurban,Home,240,35960,14110,102517,Approved
LOAN00562,45,Male,Yes,0,Not Graduate,Yes,Freelancer,Good,Urban,Education,360,86901,26027,203707,Approved
LOAN00563,41,Female,Yes,0,Not Graduate,Yes,Freelancer,Average,Urban,Education,240,12999,13472,91085,Rejected
LOAN00564,56,Male,Yes,0,Graduate,No,Salaried,Good,Urban,Business,360,31927,15319,132150,Approved
LOAN00565,43,Male,Yes,2,Graduate,No,Salaried,Average,Rural,Education,180,29879,6338,139357,Approved
LOAN00566,36,Male,Yes,3+,Graduate,No,Business Owner,Good,Semiurban,Home,360,33473,4166,67437,Approved
LOAN00567,59,Male,No,0,Graduate,No,Salaried,Good,Semiurban,Business,300,40205,4083,100609,Approved
LOAN00568,65,Male,No,2,Graduate,Yes,Salaried,Good,Semiurban,Education,240,33032,3970,83513,Approved
LOAN00569,62,Male,Yes,1,Not Graduate,No,Freelancer,Good,Rural,Home,300,68217,11343,166690,Approved
LOAN00570,59,Female,No,0,Not Graduate,Yes,Salaried,Average,Semiurban,Home,360,44175,2091,157883,Rejected
LOAN00571,34,Male,No,2,Graduate,No,Freelancer,Poor,Semiurban,Home,60,45152,7317,170010,Rejected
LOAN00572,51,Male,No,1,Graduate,No,Government,Average,Urban,Home,360,44715,3068,161856,Rejected
LOAN00573,25,Female,Yes,1,Graduate,No,Business Owner,Average,Urban,Personal,300,20337,8012,73342,Approved
LOAN00574,55,Male,Yes,3+,Graduate,No,Business Owner,Good,Rural,Education,180,39771,12545,131065,Approved
LOAN00575,43,Female,Yes,0,Not Graduate,Yes,Salaried,Average,Rural,Home,360,40393,16710,105955,Rejected
LOAN00576,49,Male,No,3+,Graduate,No,Government,Average,Rural,Home,240,21896,5538,93970,Rejected
LOAN00577,63,Female,Yes,2,Graduate,Yes,Salaried,Average,Rural,Home,240,54106,12292,230331,Approved
LOAN00578,31,Female,Yes,1,Graduate,No,Business Owner,Good,Rural,Business,300,14518,11709,104721,Approved
LOAN00579,38,Female,Yes,1,Graduate,No,Unemployed,Good,Semiurban,Home,360,112856,9849,481791,Approved
LOAN00580,32,Female,Yes,0,Not Graduate,No,Business Owner,Average,Rural,Education,360,35707,6645,191447,Rejected
LOAN00581,29,Male,Yes,3+,Graduate,No,Freelancer,Good,Semiurban,Education,180,24712,11250,115650,Approved
LOAN00582,30,Female,Yes,1,Not Graduate,No,Salaried,Average,Urban,Personal,240,47953,17126,153184,Approved
LOAN00583,64,Male,Yes,0,Graduate,No,Salaried,Poor,Urban,Home,120,48135,10207,209023,Rejected
LOAN00584,37,Male,Yes,0,Not Graduate,No,Government,Good,Rural,Education,360,91195,6297,299641,Approved
LOAN00585,58,Male,No,1,Graduate,No,Salaried,Average,Urban,Vehicle,240,80982,3700,224218,Approved
LOAN00586,27,Female,No,0,Not Graduate,No,Freelancer,Average,Rural,Education,360,19962,1347,76778,Rejected
LOAN00587,33,Male,No,0,Graduate,No,Salaried,Average,Urban,Vehicle,240,32160,4423,168142,Approved
LOAN00588,60,Female,No,1,Graduate,No,Government,Good,Urban,Business,360,24117,3180,105579,Approved
LOAN00589,62,Female,Yes,0,Graduate,No,Salaried,Average,Urban,Education,300,50715,6460,144970,Approved
LOAN00590,29,Female,Yes,0,Graduate,No,Business Owner,Good,Urban,Business,360,68648,10689,313038,Approved
LOAN00591,47,Female,No,0,Graduate,Yes,Business Owner,Good,Urban,Medical,120,20081,2065,159652,Approved
LOAN00592,22,Male,No,0,Graduate,No,Business Owner,Average,Urban,Business,300,35297,2045,78236,Rejected
LOAN00593,25,Male,Yes,2,Not Graduate,No,Salaried,Average,Rural,Personal,360,27328,14152,163500,Rejected
LOAN00594,49,Male,Yes,1,Graduate,No,Business Owner,Average,Urban,Home,360,53103,14111,224739,Rejected
LOAN00595,57,Male,Yes,0,Not Graduate,No,Salaried,Good,Urban,Education,60,43664,12144,136872,Approved
LOAN00596,58,Male,Yes,0,Not Graduate,Yes,Salaried,Good,Urban,Personal,360,61643,12901,223027,Approved
LOAN00597,39,Male,Yes,1,Graduate,No,Salaried,Poor,Semiurban,Home,240,30047,13271,144122,Rejected
LOAN00598,28,Male,Yes,0,Graduate,No,Business Owner,Good,Semiurban,Medical,180,34458,7507,153466,Approved
LOAN00599,65,Female,No,0,Graduate,No,Salaried,Average,Semiurban,Home,300,43363,4240,174965,Rejected
LOAN00600,21,Female,Yes,0,Graduate,No,Unemployed,Average,Urban,Personal,300,32145,11330,131581,Approved
LOAN00601,42,Male,Yes,2,Graduate,No,Business Owner,Average,Urban,Education,360,41546,7926,151710,Rejected
LOAN00602,37,Female,Yes,2,Not Graduate,No,Salaried,Good,Semiurban,Home,240,64316,12217,308796,Approved
LOAN00603,27,Male,No,2,Graduate,No,Business Owner,Average,Rural,Personal,240,94856,4415,404037,Approved
LOAN00604,45,Male,Yes,2,Graduate,No,Government,Average,Urban,Home,300,29151,4518,138480,Rejected
LOAN00605,65,Female,Yes,1,Graduate,No,Salaried,Good,Semiurban,Home,240,95453,5077,435341,Approved
LOAN00606,24,Male,Yes,1,Not Graduate,No,Freelancer,Good,Urban,Home,360,28969,10464,105827,Rejected
LOAN00607,56,Male,Yes,1,Graduate,No,Business Owner,Good,Urban,Business,360,53692,4149,134149,Approved
LOAN00608,26,Female,No,0,Graduate,No,Salaried,Good,Semiurban,Medical,300,29072,2140,110595,Approved
LOAN00609,51,Female,No,1,Graduate,No,Government,Average,Semiurban,Home,60,22849,5752,112053,Approved
LOAN00610,39,Female,Yes,2,Graduate,No,Salaried,Average,Urban,Education,360,62958,18607,268303,Approved
LOAN00611,64,Female,Yes,1,Not Graduate,No,Salaried,Poor,Urban,Home,180,35521,8764,75237,Approved
LOAN00612,59,Female,No,0,Not Graduate,No,Government,Good,Rural,Vehicle,180,64718,6304,150202,Approved
LOAN00613,47,Male,Yes,0,Graduate,No,Business Owner,Average,Rural,Home,180,50940,13068,206057,Rejected
LOAN00614,30,Male,Yes,1,Graduate,No,Government,Good,Rural,Home,180,43696,15646,76583,Approved
LOAN00615,46,Male,Yes,2,Graduate,No,Business Owner,Average,Semiurban,Home,360,46538,13066,118719,Rejected
LOAN00616,39,Male,No,3+,Graduate,No,Freelancer,Good,Semiurban,Business,360,59272,31989,309411,Rejected
LOAN00617,59,Female,Yes,0,Graduate,No,Government,Poor,Urban,Personal,360,55100,9760,178072,Rejected
LOAN00618,23,Male,Yes,2,Graduate,No,Salaried,Average,Urban,Business,180,30271,15062,116447,Approved
LOAN00619,65,Female,No,1,Graduate,No,Government,Poor,Semiurban,Home,300,43929,6290,124245,Approved
LOAN00620,33,Female,Yes,3+,Not Graduate,No,Business Owner,Average,Semiurban,Business,360,71345,5635,310573,Rejected
LOAN00621,48,Female,Yes,1,Graduate,Yes,Salaried,Average,Urban,Vehicle,360,37063,14996,184286,Rejected
LOAN00622,40,Female,No,1,Not Graduate,No,Business Owner,Good,Rural,Home,360,29076,4430,58248,Approved
LOAN00623,48,Female,Yes,1,Graduate,No,Salaried,Average,Urban,Home,180,27457,9075,139704,Approved
LOAN00624,28,Male,Yes,2,Graduate,No,Freelancer,Good,Urban,Home,360,53216,21270,124767,Approved
LOAN00625,61,Female,Yes,3+,Not Graduate,No,Business Owner,Good,Urban,Vehicle,240,32592,10591,164056,Approved
LOAN00626,59,Male,Yes,0,Graduate,No,Unemployed,Good,Semiurban,Business,300,42745,8233,127109,Approved
LOAN00627,21,Female,Yes,0,Graduate,No,Salaried,Average,Urban,Business,360,31900,9089,154768,Approved
LOAN00628,23,Male,Yes,3+,Graduate,No,Business Owner,Good,Urban,Home,360,61591,9271,246993,Approved
LOAN00629,33,Female,Yes,1,Graduate,No,Salaried,Good,Semiurban,Home,360,38855,6629,140109,Approved
LOAN00630,48,Female,No,1,Not Graduate,No,Business Owner,Average,Semiurban,Medical,360,69056,2068,278214,Rejected
LOAN00631,45,Male,Yes,1,Not Graduate,No,Freelancer,Poor,Semiurban,Home,120,67927,5520,209726,Rejected
LOAN00632,53,Male,Yes,0,Graduate,Yes,Freelancer,Average,Urban,Personal,300,34903,8955,208425,Approved
LOAN00633,58,Female,Yes,2,Graduate,Yes,Government,Good,Semiurban,Business,360,66171,8025,197866,Approved
LOAN00634,26,Male,No,2,Graduate,No,Government,Good,Semiurban,Home,240,31195,6503,90366,Approved
LOAN00635,64,Female,Yes,0,Graduate,No,Salaried,Good,Urban,Education,240,40936,27139,157846,Approved
LOAN00636,65,Female,Yes,0,Graduate,No,Salaried,Good,Rural,Personal,180,25569,12781,133706,Approved
LOAN00637,52,Male,Yes,2,Graduate,No,Freelancer,Good,Semiurban,Education,240,47434,11636,154090,Approved
LOAN00638,65,Male,Yes,0,Graduate,No,Business Owner,Poor,Urban,Personal,360,41589,12586,207550,Rejected
LOAN00639,41,Male,Yes,3+,Graduate,No,Salaried,Good,Rural,Home,240,45770,6518,155193,Approved
LOAN00640,36,Female,No,0,Graduate,No,Business Owner,Good,Rural,Business,300,19692,7169,94264,Rejected
LOAN00641,41,Male,Yes,1,Graduate,No,Salaried,Good,Rural,Personal,360,14836,13958,103118,Approved
LOAN00642,31,Male,Yes,3+,Graduate,No,Salaried,Good,Semiurban,Personal,60,21814,10647,115364,Approved
LOAN00643,57,Male,Yes,2,Not Graduate,Yes,Government,Good,Urban,Education,360,45461,13534,131020,Approved
LOAN00644,56,Female,No,0,Not Graduate,No,Salaried,Good,Urban,Business,240,49171,7941,211970,Approved
LOAN00645,55,Female,Yes,2,Graduate,No,Salaried,Poor,Semiurban,Home,360,60367,13329,153840,Approved
LOAN00646,39,Female,Yes,0,Graduate,No,Salaried,Good,Rural,Home,120,30272,19862,97682,Approved
LOAN00647,40,Male,Yes,0,Not Graduate,Yes,Government,Good,Semiurban,Home,180,39890,6940,120249,Approved
LOAN00648,38,Female,Yes,3+,Not Graduate,No,Unemployed,Good,Rural,Home,240,26490,24022,107631,Approved
LOAN00649,61,Female,Yes,2,Not Graduate,No,Freelancer,Good,Urban,Home,240,67193,4181,202716,Approved
LOAN00650,34,Female,Yes,1,Graduate,Yes,Salaried,Good,Semiurban,Home,360,26391,16271,99248,Approved
LOAN00651,35,Female,Yes,0,Not Graduate,No,Government,Good,Rural,Medical,60,61718,12096,226763,Approved
LOAN00652,51,Male,Yes,0,Graduate,No,Freelancer,Good,Rural,Business,360,32432,6138,112372,Approved
LOAN00653,21,Male,Yes,0,Not Graduate,No,Government,Good,Rural,Education,180,73781,20281,314667,Approved
LOAN00654,23,Female,Yes,1,Not Graduate,No,Freelancer,Good,Rural,Medical,360,39432,3685,187813,Approved
LOAN00655,36,Male,Yes,2,Graduate,No,Salaried,Good,Semiurban,Home,360,39046,29002,146225,Approved
LOAN00656,43,Female,No,1,Not Graduate,No,Business Owner,Good,Semiurban,Education,300,25865,5710,117817,Rejected
LOAN00657,31,Female,No,2,Graduate,No,Salaried,Good,Rural,Business,180,96294,3691,253678,Approved
LOAN00658,32,Male,No,0,Not Graduate,No,Salaried,Good,Semiurban,Home,360,56719,4593,234464,Approved
LOAN00659,30,Female,No,0,Graduate,No,Government,Good,Urban,Vehicle,180,45724,2370,122607,Approved
LOAN00660,52,Male,Yes,0,Not Graduate,No,Government,Good,Semiurban,Home,180,40449,19635,181647,Approved
LOAN00661,36,Male,No,0,Graduate,Yes,Freelancer,Good,Semiurban,Home,360,26975,5089,170986,Approved
LOAN00662,28,Female,Yes,0,Graduate,No,Business Owner,Good,Urban,Home,360,49167,1879,228276,Approved
LOAN00663,58,Female,No,3+,Graduate,No,Salaried,Good,Semiurban,Personal,360,35242,12519,157254,Approved
LOAN00664,32,Male,Yes,0,Graduate,No,Salaried,Good,Urban,Vehicle,360,37268,18700,213232,Approved
LOAN00665,44,Male,Yes,3+,Graduate,No,Salaried,Poor,Semiurban,Business,300,54227,14892,231247,Rejected
LOAN00666,48,Female,No,0,Graduate,Yes,Business Owner,Average,Rural,Business,360,41275,3485,184224,Rejected
LOAN00667,28,Female,Yes,3+,Graduate,No,Business Owner,Average,Semiurban,Home,300,36613,28644,167069,Rejected
LOAN00668,48,Female,Yes,1,Graduate,No,Salaried,Average,Rural,Business,240,69289,9635,296586,Approved
LOAN00669,56,Male,No,3+,Graduate,No,Unemployed,Poor,Urban,Education,360,25122,12087,135901,Rejected
LOAN00670,46,Male,Yes,0,Not Graduate,No,Salaried,Average,Rural,Home,180,17245,9970,69914,Rejected
LOAN00671,28,Male,Yes,2,Graduate,No,Government,Good,Urban,Vehicle,120,25382,21504,107702,Approved
LOAN00672,48,Female,No,3+,Graduate,No,Business Owner,Good,Urban,Home,360,38887,5367,114883,Approved
LOAN00673,48,Male,Yes,0,Graduate,No,Salaried,Good,Rural,Home,120,49640,37160,265453,Approved
LOAN00674,57,Male,Yes,0,Graduate,No,Government,Average,Rural,Personal,240,25982,16135,122049,Approved
LOAN00675,61,Female,Yes,0,Graduate,No,Freelancer,Poor,Urban,Business,240,190872,10325,467609,Rejected
LOAN00676,56,Male,Yes,3+,Graduate,No,Business Owner,Good,Rural,Business,300,39418,5325,107332,Approved
LOAN00677,47,Female,No,1,Not Graduate,No,Business Owner,Average,Semiurban,Education,360,38883,6361,184851,Rejected
LOAN00678,37,Female,Yes,1,Graduate,No,Salaried,Good,Rural,Education,180,20326,6690,111454,Approved
LOAN00679,29,Female,Yes,0,Graduate,No,Freelancer,Good,Semiurban,Vehicle,240,18972,14251,104665,Approved
LOAN00680,53,Male,Yes,0,Graduate,No,Government,Good,Semiurban,Vehicle,180,16279,16242,101565,Approved
LOAN00681,40,Male,Yes,2,Graduate,No,Salaried,Good,Semiurban,Business,360,67315,20419,165084,Approved
LOAN00682,33,Female,No,0,Graduate,No,Salaried,Good,Urban,Medical,360,62668,11920,149061,Approved
LOAN00683,48,Female,Yes,1,Not Graduate,No,Government,Average,Semiurban,Medical,300,36292,11476,148195,Rejected
LOAN00684,49,Female,Yes,3+,Graduate,No,Salaried,Average,Semiurban,Education,180,21021,24215,118697,Approved
LOAN00685,33,Male,Yes,0,Graduate,Yes,Freelancer,Average,Urban,Personal,360,32052,25959,138852,Rejected
LOAN00686,55,Female,No,1,Graduate,No,Business Owner,Good,Urban,Business,300,68847,4142,247255,Approved
LOAN00687,26,Female,No,0,Not Graduate,No,Business Owner,Average,Urban,Business,180,28944,11953,71939,Rejected
LOAN00688,38,Female,Yes,1,Graduate,No,Salaried,Good,Rural,Home,240,24199,22866,156490,Approved
LOAN00689,25,Female,Yes,0,Graduate,No,Salaried,Good,Semiurban,Business,240,30594,6556,106648,Approved
LOAN00690,45,Female,Yes,2,Graduate,Yes,Salaried,Average,Rural,Personal,360,31832,3542,70059,Approved
LOAN00691,22,Female,No,0,Graduate,No,Freelancer,Good,Rural,Vehicle,360,50622,5581,138757,Approved
LOAN00692,30,Male,Yes,1,Not Graduate,No,Freelancer,Good,Semiurban,Vehicle,360,13450,12379,62862,Approved
LOAN00693,50,Male,No,1,Graduate,No,Freelancer,Good,Rural,Home,360,39191,1644,99569,Approved
LOAN00694,65,Male,No,0,Graduate,No,Business Owner,Average,Urban,Education,360,26541,9445,142993,Approved
LOAN00695,25,Male,No,2,Not Graduate,No,Salaried,Good,Urban,Home,360,28538,1926,120446,Approved
LOAN00696,53,Male,No,0,Graduate,No,Salaried,Good,Semiurban,Home,120,50996,3087,136179,Approved
LOAN00697,21,Male,Yes,1,Graduate,Yes,Government,Average,Semiurban,Business,300,20215,11798,112707,Approved
LOAN00698,38,Male,Yes,0,Graduate,No,Business Owner,Average,Rural,Education,360,39378,11321,207569,Approved
LOAN00699,52,Male,Yes,2,Graduate,No,Salaried,Average,Semiurban,Business,360,45097,26846,181635,Rejected
LOAN00700,31,Female,No,0,Graduate,No,Salaried,Good,Urban,Education,180,47137,4464,191533,Approved
LOAN00701,41,Female,No,0,Not Graduate,No,Salaried,Good,Semiurban,Home,240,49916,9405,134200,Approved
LOAN00702,46,Male,No,0,Graduate,No,Salaried,Good,Semiurban,Home,240,46974,10970,106894,Approved
LOAN00703,45,Female,Yes,2,Graduate,No,Government,Good,Urban,Personal,240,50195,16346,137024,Approved
LOAN00704,42,Female,Yes,0,Not Graduate,No,Government,Average,Semiurban,Home,240,24432,8176,79800,Rejected
LOAN00705,47,Male,No,3+,Graduate,No,Government,Good,Rural,Home,300,67141,6798,295333,Approved
LOAN00706,33,Male,Yes,3+,Graduate,No,Government,Good,Rural,Personal,360,21310,15434,141488,Approved
LOAN00707,53,Male,Yes,0,Graduate,No,Government,Average,Semiurban,Medical,360,42901,11513,196040,Approved
LOAN00708,54,Female,Yes,1,Not Graduate,Yes,Business Owner,Average,Urban,Vehicle,360,26732,13223,111321,Rejected
LOAN00709,61,Female,Yes,0,Not Graduate,Yes,Salaried,Average,Urban,Home,360,16764,24048,97568,Rejected
LOAN00710,55,Male,Yes,0,Not Graduate,No,Government,Average,Semiurban,Home,240,28098,8787,101172,Rejected
LOAN00711,21,Male,Yes,2,Not Graduate,No,Salaried,Average,Rural,Medical,240,34430,5869,163130,Approved
LOAN00712,41,Male,Yes,1,Graduate,Yes,Salaried,Average,Urban,Personal,120,67786,6348,248419,Approved
LOAN00713,26,Male,No,1,Graduate,No,Salaried,Good,Urban,Business,360,82360,2239,313491,Approved
LOAN00714,48,Male,Yes,0,Not Graduate,No,Business Owner,Poor,Rural,Home,120,34258,28694,159021,Rejected
LOAN00715,37,Male,Yes,0,Graduate,No,Salaried,Good,Rural,Home,360,19437,16196,88830,Approved
LOAN00716,25,Female,Yes,0,Graduate,No,Salaried,Good,Semiurban,Home,240,20176,20792,121186,Approved
LOAN00717,51,Female,No,2,Graduate,No,Business Owner,Good,Urban,Business,360,51397,4346,129067,Approved
LOAN00718,25,Male,Yes,1,Graduate,No,Government,Average,Urban,Home,240,49945,9710,133504,Approved
LOAN00719,58,Female,Yes,2,Not Graduate,No,Business Owner,Poor,Urban,Medical,360,27631,29084,176246,Rejected
LOAN00720,23,Male,Yes,0,Graduate,No,Government,Good,Semiurban,Home,240,21410,7226,105773,Approved
LOAN00721,43,Male,Yes,0,Graduate,No,Salaried,Good,Urban,Vehicle,240,56756,36586,143198,Approved
LOAN00722,57,Male,Yes,0,Not Graduate,No,Salaried,Average,Rural,Home,360,20898,11781,44585,Rejected
LOAN00723,57,Female,No,0,Graduate,No,Business Owner,Poor,Rural,Business,360,29734,2998,82835,Rejected
LOAN00724,30,Female,No,0,Graduate,Yes,Business Owner,Good,Urban,Home,300,44939,4320,99346,Approved
LOAN00725,30,Female,Yes,2,Graduate,Yes,Freelancer,Good,Semiurban,Vehicle,360,14759,8443,71584,Approved
LOAN00726,39,Male,Yes,3+,Not Graduate,No,Government,Average,Semiurban,Business,360,55771,4181,121050,Approved
LOAN00727,37,Female,No,1,Not Graduate,No,Freelancer,Good,Rural,Home,360,105993,7643,163862,Rejected
LOAN00728,41,Male,Yes,1,Not Graduate,No,Government,Average,Rural,Personal,240,38225,12733,145031,Rejected
LOAN00729,34,Female,No,0,Graduate,No,Salaried,Good,Urban,Business,240,35754,2034,168839,Approved
LOAN00730,29,Male,Yes,3+,Graduate,Yes,Salaried,Good,Urban,Personal,180,37047,8181,124900,Approved
LOAN00731,21,Male,No,0,Not Graduate,No,Business Owner,Good,Rural,Personal,360,40182,4090,169211,Rejected
LOAN00732,65,Female,No,3+,Not Graduate,No,Salaried,Good,Semiurban,Personal,360,26148,11877,84333,Approved
LOAN00733,33,Female,No,1,Graduate,No,Salaried,Good,Urban,Home,360,21896,2784,111242,Approved
LOAN00734,24,Male,No,0,Graduate,No,Salaried,Good,Semiurban,Home,240,30980,4634,63420,Approved
LOAN00735,21,Female,Yes,3+,Not Graduate,Yes,Salaried,Average,Rural,Medical,180,38914,6587,176003,Approved
LOAN00736,60,Male,No,0,Not Graduate,No,Salaried,Good,Urban,Education,360,23172,5107,116741,Approved
LOAN00737,52,Female,Yes,1,Not Graduate,Yes,Salaried,Poor,Rural,Home,120,19812,12417,96740,Rejected
LOAN00738,54,Female,Yes,1,Not Graduate,No,Freelancer,Good,Urban,Vehicle,360,29787,4257,137770,Approved
LOAN00739,48,Female,No,0,Graduate,No,Business Owner,Average,Rural,Home,240,19930,7278,59466,Rejected
LOAN00740,51,Female,No,0,Graduate,Yes,Freelancer,Good,Semiurban,Vehicle,240,49134,2490,126751,Approved
LOAN00741,28,Female,No,1,Graduate,Yes,Freelancer,Good,Urban,Personal,360,7718,10728,77171,Approved
LOAN00742,59,Male,Yes,2,Graduate,No,Salaried,Good,Semiurban,Vehicle,120,21468,12497,112404,Approved
LOAN00743,46,Female,No,0,Not Graduate,No,Salaried,Good,Rural,Home,240,68603,10470,147918,Approved
LOAN00744,54,Male,No,3+,Graduate,No,Salaried,Average,Rural,Education,360,32867,1316,124580,Rejected
LOAN00745,23,Male,Yes,0,Graduate,No,Government,Average,Urban,Education,360,39449,21870,209405,Rejected
LOAN00746,32,Male,Yes,0,Graduate,No,Freelancer,Average,Semiurban,Education,360,34269,4057,88768,Approved
LOAN00747,21,Male,Yes,0,Graduate,Yes,Salaried,Good,Semiurban,Home,360,27384,17251,148055,Approved
LOAN00748,64,Female,Yes,0,Graduate,No,Salaried,Average,Semiurban,Education,120,59447,15389,199072,Rejected
LOAN00749,25,Male,No,0,Graduate,Yes,Unemployed,Good,Rural,Business,180,28076,3120,102268,Rejected
LOAN00750,50,Female,No,3+,Graduate,No,Business Owner,Poor,Urban,Business,300,25014,5505,58137,Rejected
LOAN00751,50,Male,No,0,Graduate,No,Government,Average,Urban,Personal,240,48803,4795,211413,Approved
LOAN00752,37,Male,No,0,Not Graduate,Yes,Salaried,Good,Semiurban,Business,240,15233,18993,128270,Approved
LOAN00753,43,Male,Yes,0,Graduate,No,Salaried,Good,Urban,Home,360,31938,4904,132508,Approved
LOAN00754,35,Male,No,2,Graduate,No,Government,Good,Rural,Business,60,28752,4632,86214,Approved
LOAN00755,57,Male,Yes,2,Graduate,No,Freelancer,Average,Semiurban,Vehicle,360,31670,10676,95143,Approved
LOAN00756,41,Female,No,0,Graduate,No,Freelancer,Good,Semiurban,Home,60,29150,4390,72974,Approved
LOAN00757,34,Male,Yes,0,Graduate,No,Business Owner,Average,Rural,Business,120,42993,12818,155723,Rejected
LOAN00758,22,Female,No,0,Not Graduate,No,Business Owner,Good,Semiurban,Home,240,59567,3153,261470,Approved
LOAN00759,31,Male,Yes,0,Not Graduate,No,Freelancer,Good,Semiurban,Home,360,44654,13757,208190,Approved
LOAN00760,59,Male,Yes,0,Graduate,No,Salaried,Good,Urban,Personal,180,31207,40306,227887,Approved
LOAN00761,58,Female,No,0,Graduate,No,Salaried,Good,Urban,Personal,360,48250,3099,158145,Approved
LOAN00762,54,Male,Yes,0,Not Graduate,No,Government,Average,Urban,Business,360,50862,10333,136618,Approved
LOAN00763,58,Male,Yes,1,Not Graduate,No,Salaried,Good,Semiurban,Vehicle,180,42720,25589,197437,Approved
LOAN00764,54,Male,Yes,0,Graduate,No,Business Owner,Good,Semiurban,Personal,300,58215,23288,257025,Approved
LOAN00765,38,Male,No,3+,Graduate,No,Freelancer,Good,Urban,Medical,360,12628,6164,32463,Approved
LOAN00766,50,Female,Yes,3+,Graduate,No,Unemployed,Good,Semiurban,Education,300,36756,16530,195701,Approved
LOAN00767,35,Male,Yes,1,Graduate,No,Salaried,Average,Urban,Business,180,41712,1860,202106,Approved
LOAN00768,47,Female,Yes,0,Graduate,No,Salaried,Good,Rural,Education,360,18647,5988,108611,Approved
LOAN00769,54,Female,Yes,0,Graduate,No,Government,Average,Urban,Home,360,40109,20784,168414,Approved
LOAN00770,58,Male,Yes,0,Graduate,No,Government,Average,Rural,Education,60,54815,8054,203569,Approved
LOAN00771,53,Female,Yes,2,Graduate,No,Freelancer,Average,Semiurban,Vehicle,120,32835,9699,93310,Rejected
LOAN00772,44,Male,Yes,1,Not Graduate,No,Business Owner,Good,Semiurban,Personal,180,48798,6282,186682,Approved
LOAN00773,35,Female,Yes,2,Not Graduate,Yes,Salaried,Good,Urban,Personal,180,57540,5705,133554,Approved
LOAN00774,50,Male,Yes,3+,Graduate,Yes,Business Owner,Average,Rural,Home,240,66444,2446,165798,Approved
LOAN00775,62,Female,No,0,Not Graduate,No,Government,Average,Urban,Business,300,61265,3981,139731,Rejected
LOAN00776,37,Male,Yes,1,Graduate,No,Government,Average,Semiurban,Home,240,67139,14463,190039,Approved
LOAN00777,25,Male,Yes,0,Not Graduate,No,Salaried,Good,Rural,Home,360,29004,12684,146206,Rejected
LOAN00778,49,Female,No,0,Graduate,No,Salaried,Good,Rural,Personal,360,30468,6914,63450,Approved
LOAN00779,24,Female,Yes,0,Graduate,No,Business Owner,Good,Semiurban,Education,360,11932,4641,76876,Approved
LOAN00780,30,Male,No,0,Graduate,No,Unemployed,Average,Rural,Vehicle,300,22487,10775,75829,Approved
LOAN00781,37,Male,Yes,3+,Graduate,Yes,Freelancer,Good,Semiurban,Home,120,62837,4928,157050,Approved
LOAN00782,30,Female,Yes,0,Not Graduate,Yes,Salaried,Good,Urban,Education,300,27662,6901,81199,Approved
LOAN00783,37,Female,Yes,1,Graduate,No,Salaried,Average,Semiurban,Business,360,43430,11819,134473,Approved
LOAN00784,40,Female,No,1,Graduate,No,Business Owner,Good,Urban,Home,180,40470,7048,177333,Approved
LOAN00785,44,Female,No,2,Graduate,No,Salaried,Good,Urban,Home,120,63469,4527,189705,Approved
LOAN00786,25,Female,Yes,0,Graduate,No,Government,Good,Rural,Home,240,14630,5840,88568,Approved
LOAN00787,54,Female,Yes,2,Graduate,No,Freelancer,Good,Semiurban,Business,240,42561,7609,145377,Approved
LOAN00788,26,Male,No,1,Graduate,No,Business Owner,Good,Urban,Medical,240,42250,3177,120077,Approved
LOAN00789,22,Male,Yes,0,Not Graduate,No,Salaried,Good,Rural,Personal,180,24686,16552,99529,Approved
LOAN00790,33,Female,Yes,0,Not Graduate,No,Government,Good,Urban,Medical,240,55944,14913,224649,Approved
LOAN00791,63,Female,No,1,Not Graduate,No,Salaried,Good,Rural,Personal,360,19350,21500,104629,Approved
LOAN00792,63,Male,No,2,Graduate,No,Salaried,Good,Rural,Personal,240,58632,3969,191769,Approved
LOAN00793,31,Male,Yes,1,Graduate,No,Government,Average,Rural,Business,360,13766,17593,98092,Approved
LOAN00794,43,Female,No,2,Graduate,No,Government,Good,Rural,Business,300,24168,2706,96307,Approved
LOAN00795,36,Male,No,1,Graduate,No,Government,Good,Urban,Education,300,34100,3115,160185,Approved
LOAN00796,51,Male,Yes,0,Graduate,No,Salaried,Good,Semiurban,Personal,180,40053,15464,121125,Approved
LOAN00797,31,Male,Yes,0,Not Graduate,No,Salaried,Good,Urban,Home,300,15668,10452,61905,Approved
LOAN00798,36,Male,Yes,0,Not Graduate,No,Salaried,Good,Urban,Home,60,58064,13938,187370,Approved
LOAN00799,28,Male,No,2,Not Graduate,No,Salaried,Good,Semiurban,Personal,240,50976,3773,157768,Approved
LOAN00800,24,Male,No,2,Not Graduate,No,Government,Average,Urban,Home,360,85519,1605,375502,Rejected
LOAN00801,60,Male,Yes,0,Not Graduate,No,Salaried,Good,Rural,Medical,180,49809,7706,226378,Approved
LOAN00802,24,Female,No,1,Not Graduate,Yes,Freelancer,Average,Rural,Vehicle,240,26072,712,136484,Rejected
LOAN00803,45,Male,Yes,0,Graduate,No,Salaried,Good,Urban,Home,180,22425,3421,98171,Approved
LOAN00804,23,Female,Yes,0,Graduate,No,Salaried,Good,Semiurban,Vehicle,120,30053,27760,108373,Approved
LOAN00805,52,Female,Yes,0,Graduate,Yes,Unemployed,Good,Semiurban,Personal,240,96893,15920,379658,Approved
LOAN00806,23,Male,Yes,0,Graduate,No,Salaried,Average,Rural,Home,360,37102,11165,179319,Rejected
LOAN00807,47,Female,No,0,Graduate,No,Salaried,Good,Semiurban,Vehicle,240,37821,1574,147714,Approved
LOAN00808,49,Male,Yes,0,Graduate,No,Salaried,Good,Urban,Personal,300,67559,10930,187480,Approved
LOAN00809,52,Female,No,0,Graduate,No,Salaried,Good,Semiurban,Home,360,21503,1402,106702,Approved
LOAN00810,39,Male,Yes,0,Not Graduate,No,Business Owner,Good,Semiurban,Home,360,46283,22323,188728,Approved
LOAN00811,41,Female,Yes,1,Not Graduate,No,Salaried,Poor,Rural,Home,360,45814,7332,225338,Rejected
LOAN00812,25,Female,No,0,Graduate,No,Freelancer,Good,Urban,Home,360,55872,4659,129998,Approved
LOAN00813,38,Male,Yes,3+,Graduate,No,Government,Average,Urban,Home,360,53291,12679,139004,Approved
LOAN00814,48,Male,Yes,0,Graduate,No,Business Owner,Average,Rural,Vehicle,360,35369,7430,143202,Rejected
LOAN00815,62,Female,Yes,0,Graduate,No,Salaried,Good,Rural,Education,180,19489,19441,88998,Approved
LOAN00816,42,Female,No,0,Not Graduate,No,Business Owner,Good,Rural,Personal,360,28164,2866,161013,Approved
LOAN00817,41,Male,Yes,0,Graduate,No,Salaried,Good,Semiurban,Home,360,53048,3539,216208,Approved
LOAN00818,26,Female,Yes,2,Graduate,No,Business Owner,Good,Semiurban,Education,360,83656,11974,225615,Approved
LOAN00819,21,Male,Yes,0,Not Graduate,No,Freelancer,Good,Semiurban,Business,360,20946,17755,141629,Approved
LOAN00820,25,Female,Yes,3+,Not Graduate,No,Salaried,Good,Urban,Personal,180,20334,25921,132947,Approved
LOAN00821,61,Male,No,3+,Graduate,No,Government,Average,Semiurban,Business,240,17885,2107,81766,Approved
LOAN00822,32,Female,Yes,1,Graduate,No,Government,Average,Urban,Education,360,25715,21848,113289,Approved
LOAN00823,46,Male,Yes,1,Graduate,No,Government,Average,Urban,Personal,240,55626,14683,140559,Approved
LOAN00824,54,Male,Yes,1,Graduate,No,Salaried,Good,Rural,Home,360,65663,6151,245774,Approved
LOAN00825,34,Male,Yes,0,Graduate,No,Business Owner,Good,Urban,Home,120,14251,6845,93854,Approved
LOAN00826,46,Male,No,1,Graduate,No,Government,Good,Rural,Education,360,21114,1711,110905,Approved
LOAN00827,65,Male,Yes,0,Graduate,No,Salaried,Average,Urban,Vehicle,360,19409,9604,150033,Rejected
LOAN00828,47,Male,No,0,Graduate,No,Government,Poor,Urban,Home,240,24576,4534,113854,Rejected
LOAN00829,29,Female,Yes,1,Graduate,No,Salaried,Good,Semiurban,Business,60,32858,4244,119998,Approved
LOAN00830,46,Male,Yes,1,Not Graduate,No,Salaried,Good,Rural,Business,60,30369,23775,169012,Approved
LOAN00831,42,Male,No,3+,Graduate,No,Freelancer,Good,Semiurban,Personal,360,45762,6670,192144,Approved
LOAN00832,50,Male,Yes,0,Graduate,No,Freelancer,Average,Rural,Home,360,15260,6388,127540,Approved
LOAN00833,63,Male,No,2,Not Graduate,Yes,Government,Good,Urban,Home,180,28732,4087,74849,Approved
LOAN00834,37,Male,No,0,Graduate,No,Government,Good,Rural,Education,120,67163,5372,249319,Approved
LOAN00835,46,Male,Yes,0,Not Graduate,No,Salaried,Poor,Urban,Education,360,68325,22231,236074,Rejected
LOAN00836,56,Male,Yes,0,Graduate,No,Salaried,Average,Rural,Vehicle,360,76813,8587,317651,Approved
LOAN00837,21,Male,No,0,Graduate,No,Government,Good,Semiurban,Business,180,43346,1990,132185,Approved
LOAN00838,28,Female,Yes,0,Graduate,No,Salaried,Poor,Rural,Vehicle,240,27044,9646,125739,Rejected
LOAN00839,55,Female,Yes,1,Graduate,No,Freelancer,Good,Semiurban,Personal,360,39289,7611,206750,Approved
LOAN00840,35,Male,Yes,2,Graduate,No,Business Owner,Good,Urban,Personal,300,113264,7391,205842,Approved
LOAN00841,42,Male,Yes,0,Graduate,Yes,Salaried,Good,Rural,Education,360,28602,9516,108263,Approved
LOAN00842,34,Female,No,1,Graduate,No,Salaried,Average,Urban,Medical,300,82849,7543,281525,Approved
LOAN00843,46,Male,Yes,2,Graduate,No,Business Owner,Average,Urban,Home,360,12130,11349,29139,Approved
LOAN00844,48,Female,Yes,2,Graduate,No,Government,Good,Rural,Vehicle,300,46976,28710,179044,Approved
LOAN00845,43,Male,Yes,1,Graduate,Yes,Freelancer,Poor,Urban,Business,360,48595,42916,279289,Rejected
LOAN00846,34,Female,Yes,0,Graduate,No,Business Owner,Good,Urban,Personal,240,42964,5316,175354,Approved
LOAN00847,44,Female,Yes,3+,Graduate,No,Business Owner,Average,Semiurban,Education,180,44249,14410,141348,Rejected
LOAN00848,22,Female,No,1,Graduate,No,Salaried,Good,Rural,Vehicle,240,45956,1604,133946,Approved
LOAN00849,65,Female,Yes,0,Graduate,No,Salaried,Good,Urban,Personal,360,46934,15037,137806,Approved
LOAN00850,46,Male,No,0,Not Graduate,No,Salaried,Good,Semiurban,Vehicle,300,31294,3997,128651,Approved
LOAN00851,34,Male,No,2,Graduate,No,Salaried,Average,Semiurban,Vehicle,240,32146,6016,51352,Approved
LOAN00852,27,Female,Yes,0,Not Graduate,No,Salaried,Good,Rural,Home,300,19685,4780,77083,Approved
LOAN00853,23,Female,Yes,3+,Graduate,No,Salaried,Average,Rural,Home,180,50495,83229,260834,Approved
LOAN00854,43,Male,Yes,0,Graduate,No,Salaried,Good,Rural,Medical,60,65253,13022,156691,Approved
LOAN00855,63,Male,Yes,2,Graduate,No,Salaried,Average,Semiurban,Vehicle,240,79616,16950,226272,Approved
LOAN00856,65,Male,No,0,Graduate,No,Business Owner,Good,Semiurban,Business,360,25097,2170,120954,Approved
LOAN00857,38,Male,No,1,Graduate,No,Business Owner,Good,Urban,Education,360,16717,12012,102835,Approved
LOAN00858,58,Female,Yes,3+,Graduate,No,Salaried,Good,Semiurban,Home,360,43017,4532,157559,Approved
LOAN00859,55,Male,Yes,0,Graduate,No,Government,Average,Rural,Education,360,21590,26207,161331,Rejected
LOAN00860,35,Male,No,1,Graduate,Yes,Salaried,Good,Semiurban,Education,240,46971,3470,174463,Approved
LOAN00861,45,Male,No,0,Graduate,No,Government,Good,Urban,Home,360,13462,5476,79203,Approved
LOAN00862,57,Male,Yes,0,Graduate,No,Salaried,Poor,Semiurban,Home,120,59234,10030,259457,Rejected
LOAN00863,48,Male,Yes,0,Graduate,No,Government,Average,Semiurban,Business,120,38909,14529,143942,Approved
LOAN00864,30,Female,Yes,2,Graduate,No,Salaried,Good,Semiurban,Business,180,15297,5037,78578,Approved
LOAN00865,59,Female,No,0,Graduate,No,Freelancer,Poor,Semiurban,Home,240,41641,4647,147697,Rejected
LOAN00866,37,Female,Yes,0,Not Graduate,No,Salaried,Average,Semiurban,Business,180,37901,23086,197364,Rejected
LOAN00867,59,Male,Yes,0,Graduate,No,Freelancer,Good,Urban,Personal,240,45950,7361,177138,Approved
LOAN00868,42,Female,Yes,1,Graduate,No,Salaried,Good,Rural,Education,360,52099,10700,157414,Approved
LOAN00869,46,Female,Yes,2,Graduate,Yes,Salaried,Average,Semiurban,Personal,240,12242,15929,59949,Approved
LOAN00870,64,Female,Yes,0,Not Graduate,Yes,Freelancer,Average,Urban,Personal,360,29377,12751,92860,Rejected
LOAN00871,45,Male,No,0,Graduate,No,Salaried,Good,Urban,Home,240,34889,2990,179878,Approved
LOAN00872,37,Male,Yes,3+,Graduate,Yes,Government,Good,Rural,Home,180,31796,16660,106813,Approved
LOAN00873,33,Male,Yes,0,Not Graduate,Yes,Salaried,Good,Rural,Education,120,31009,27109,126766,Approved
LOAN00874,40,Male,Yes,2,Graduate,No,Business Owner,Good,Semiurban,Business,180,58367,27058,246118,Approved
LOAN00875,45,Male,Yes,2,Graduate,No,Freelancer,Good,Urban,Education,120,16663,15447,119438,Approved
LOAN00876,24,Male,Yes,2,Not Graduate,No,Salaried,Good,Urban,Home,360,31851,17319,111515,Approved
LOAN00877,30,Male,Yes,0,Graduate,No,Salaried,Average,Urban,Business,360,33007,8660,146738,Approved
LOAN00878,23,Female,Yes,2,Not Graduate,No,Freelancer,Average,Semiurban,Home,240,34571,6309,185288,Rejected
LOAN00879,61,Male,Yes,2,Not Graduate,No,Government,Good,Semiurban,Medical,240,23393,10496,128165,Approved
LOAN00880,65,Male,Yes,1,Not Graduate,No,Government,Good,Semiurban,Home,360,95205,42560,442135,Approved
LOAN00881,38,Female,Yes,0,Graduate,No,Salaried,Good,Semiurban,Personal,180,56408,7954,155226,Approved
LOAN00882,56,Female,No,0,Graduate,No,Business Owner,Good,Urban,Home,180,98242,2977,215733,Approved
LOAN00883,42,Female,No,0,Graduate,No,Salaried,Poor,Urban,Home,300,48442,7538,112723,Approved
LOAN00884,54,Female,Yes,1,Graduate,No,Salaried,Average,Urban,Home,360,51176,8738,151247,Approved
LOAN00885,28,Female,Yes,1,Graduate,Yes,Freelancer,Good,Urban,Medical,360,36244,26640,135137,Approved
LOAN00886,60,Female,No,0,Graduate,No,Salaried,Good,Urban,Home,360,73379,13770,218947,Approved
LOAN00887,64,Male,Yes,1,Graduate,Yes,Salaried,Good,Semiurban,Business,120,46840,54189,225178,Approved
LOAN00888,39,Male,No,0,Graduate,No,Salaried,Good,Rural,Personal,240,33330,17706,125891,Approved
LOAN00889,62,Male,No,1,Graduate,No,Freelancer,Good,Rural,Business,180,83363,4608,210093,Approved
LOAN00890,61,Male,Yes,3+,Not Graduate,No,Government,Average,Rural,Education,360,20206,11535,84303,Rejected
LOAN00891,57,Male,Yes,0,Not Graduate,Yes,Freelancer,Average,Semiurban,Medical,360,26122,7246,62944,Approved
LOAN00892,26,Female,No,0,Not Graduate,Yes,Business Owner,Good,Semiurban,Personal,240,128641,7246,344297,Approved
LOAN00893,46,Female,Yes,0,Graduate,No,Government,Average,Urban,Education,120,49110,12090,159253,Approved
LOAN00894,54,Female,Yes,1,Not Graduate,No,Business Owner,Average,Rural,Business,240,11104,8265,72215,Rejected
LOAN00895,65,Male,Yes,2,Not Graduate,No,Salaried,Average,Urban,Medical,180,57441,6077,259827,Rejected
LOAN00896,26,Female,Yes,3+,Graduate,No,Salaried,Poor,Urban,Medical,240,22916,11780,145552,Approved
LOAN00897,57,Female,No,0,Graduate,No,Salaried,Good,Urban,Education,300,28045,4489,121329,Approved
LOAN00898,53,Male,No,3+,Graduate,No,Business Owner,Good,Rural,Personal,360,114453,2078,391131,Approved
LOAN00899,42,Female,No,0,Graduate,Yes,Government,Average,Rural,Home,240,76495,7716,133214,Approved
LOAN00900,41,Male,Yes,1,Graduate,Yes,Salaried,Average,Rural,Education,180,89246,10086,172057,Approved
LOAN00901,26,Male,Yes,0,Graduate,No,Salaried,Poor,Semiurban,Home,180,27632,9373,115062,Approved
LOAN00902,26,Female,Yes,3+,Not Graduate,No,Government,Good,Semiurban,Home,180,31857,32381,174570,Approved
LOAN00903,24,Male,Yes,1,Graduate,Yes,Government,Good,Rural,Business,180,40071,25376,101784,Approved
LOAN00904,50,Male,Yes,1,Graduate,No,Freelancer,Good,Semiurban,Business,360,53679,11493,186174,Approved
LOAN00905,31,Female,No,2,Not Graduate,Yes,Salaried,Good,Rural,Home,120,31136,9312,78410,Approved
LOAN00906,50,Female,No,0,Graduate,No,Salaried,Good,Urban,Education,360,84564,2792,333870,Approved
LOAN00907,51,Male,Yes,0,Not Graduate,Yes,Salaried,Good,Urban,Education,300,45299,49797,210314,Approved
LOAN00908,44,Male,Yes,3+,Graduate,No,Salaried,Good,Rural,Medical,300,71034,24810,178919,Approved
LOAN00909,29,Male,Yes,0,Not Graduate,No,Salaried,Good,Urban,Personal,240,25566,5014,102865,Approved
LOAN00910,23,Female,Yes,0,Graduate,No,Business Owner,Good,Rural,Education,360,30077,9715,158451,Approved
LOAN00911,51,Male,No,1,Graduate,Yes,Salaried,Good,Semiurban,Personal,300,40561,2749,152282,Approved
LOAN00912,60,Male,Yes,1,Graduate,No,Salaried,Good,Rural,Home,240,29537,6275,107127,Approved
LOAN00913,57,Female,No,0,Graduate,Yes,Salaried,Good,Urban,Business,240,58190,2862,188365,Approved
LOAN00914,56,Female,Yes,0,Not Graduate,No,Business Owner,Poor,Semiurban,Medical,360,58714,21341,277696,Rejected
LOAN00915,44,Male,Yes,0,Graduate,No,Business Owner,Good,Semiurban,Education,240,32612,31738,155168,Approved
LOAN00916,51,Male,No,0,Not Graduate,No,Business Owner,Good,Semiurban,Business,240,48829,10981,163956,Approved
LOAN00917,26,Female,Yes,3+,Graduate,No,Salaried,Average,Semiurban,Home,240,91020,10648,418257,Approved
LOAN00918,22,Male,Yes,3+,Graduate,No,Salaried,Good,Rural,Home,120,58109,12243,130440,Approved
LOAN00919,40,Male,Yes,1,Not Graduate,No,Salaried,Average,Semiurban,Business,180,48698,6353,129588,Approved
LOAN00920,48,Female,Yes,0,Graduate,No,Salaried,Good,Urban,Medical,180,65049,24886,196814,Approved
LOAN00921,31,Male,No,3+,Graduate,No,Government,Poor,Rural,Education,360,77371,2308,139598,Approved
LOAN00922,24,Female,Yes,1,Not Graduate,No,Unemployed,Good,Urban,Personal,240,71902,8560,187773,Approved
LOAN00923,35,Male,No,0,Not Graduate,No,Business Owner,Poor,Urban,Personal,360,35158,8040,70794,Rejected
LOAN00924,26,Male,Yes,3+,Not Graduate,No,Government,Average,Urban,Home,360,54504,1733,117665,Approved
LOAN00925,50,Male,Yes,2,Not Graduate,No,Business Owner,Good,Rural,Education,180,31757,18408,165399,Approved
LOAN00926,58,Male,No,2,Graduate,No,Salaried,Average,Urban,Business,360,35437,5729,83577,Approved
LOAN00927,22,Male,Yes,2,Not Graduate,No,Unemployed,Good,Urban,Business,360,45056,16543,192102,Approved
LOAN00928,35,Male,Yes,0,Graduate,Yes,Salaried,Good,Rural,Home,360,18924,8357,89084,Approved
LOAN00929,31,Female,Yes,0,Not Graduate,Yes,Freelancer,Good,Rural,Medical,360,42868,8313,125848,Approved
LOAN00930,28,Female,Yes,2,Graduate,Yes,Salaried,Poor,Urban,Vehicle,360,26605,5618,123983,Approved
LOAN00931,46,Female,Yes,0,Graduate,No,Salaried,Good,Rural,Education,120,21295,25161,94401,Approved
LOAN00932,65,Female,No,0,Graduate,No,Business Owner,Good,Rural,Business,360,51933,5910,199576,Approved
LOAN00933,64,Male,Yes,2,Graduate,No,Salaried,Average,Urban,Home,240,32294,19929,115820,Approved
LOAN00934,25,Female,Yes,2,Graduate,No,Salaried,Good,Rural,Education,360,40094,12824,205075,Approved
LOAN00935,26,Male,No,1,Not Graduate,No,Salaried,Good,Semiurban,Personal,180,32651,4677,157147,Approved
LOAN00936,46,Female,Yes,2,Not Graduate,No,Salaried,Average,Semiurban,Personal,360,27516,20993,105900,Approved
LOAN00937,24,Female,No,2,Graduate,No,Unemployed,Average,Semiurban,Home,300,38289,1878,143943,Approved
LOAN00938,39,Female,Yes,1,Not Graduate,No,Government,Good,Semiurban,Business,360,19673,24115,120507,Approved
LOAN00939,40,Female,Yes,0,Graduate,No,Business Owner,Poor,Urban,Vehicle,360,34776,6139,105890,Rejected
LOAN00940,53,Female,No,0,Graduate,Yes,Salaried,Good,Rural,Home,360,88551,3881,265492,Approved
LOAN00941,40,Male,Yes,0,Graduate,No,Government,Good,Urban,Home,360,21168,23649,108497,Approved
LOAN00942,32,Male,No,0,Not Graduate,No,Salaried,Good,Semiurban,Business,180,68994,1077,178941,Approved
LOAN00943,21,Female,Yes,0,Graduate,No,Salaried,Good,Urban,Business,360,92880,6612,221618,Approved
LOAN00944,46,Male,Yes,0,Graduate,No,Salaried,Good,Rural,Home,360,25502,10650,106584,Approved
LOAN00945,34,Female,Yes,1,Graduate,No,Government,Good,Urban,Home,360,42084,14099,146928,Approved
LOAN00946,58,Female,Yes,3+,Graduate,No,Salaried,Average,Semiurban,Home,360,20234,7551,107493,Rejected
LOAN00947,57,Male,No,0,Graduate,No,Salaried,Good,Semiurban,Home,180,18916,4953,110847,Approved
LOAN00948,31,Female,Yes,2,Graduate,Yes,Business Owner,Average,Rural,Business,180,39153,3166,73738,Approved
LOAN00949,56,Female,No,2,Graduate,No,Salaried,Good,Semiurban,Home,300,43658,6384,109941,Approved
LOAN00950,33,Female,No,0,Graduate,No,Business Owner,Poor,Rural,Home,360,28138,6586,131843,Rejected
LOAN00951,63,Female,Yes,3+,Not Graduate,No,Business Owner,Good,Urban,Personal,240,21830,27244,155279,Approved
LOAN00952,23,Female,Yes,1,Graduate,No,Salaried,Good,Urban,Home,360,25520,15433,149074,Approved
LOAN00953,53,Female,No,0,Graduate,No,Salaried,Good,Semiurban,Education,300,54230,2249,126850,Approved
LOAN00954,26,Female,No,2,Graduate,No,Salaried,Average,Rural,Medical,360,54397,3414,190634,Rejected
LOAN00955,30,Male,Yes,0,Not Graduate,No,Government,Average,Urban,Business,360,48491,6715,208375,Rejected
LOAN00956,25,Male,Yes,2,Not Graduate,Yes,Government,Good,Urban,Vehicle,180,30530,10370,125180,Approved
LOAN00957,43,Female,Yes,0,Not Graduate,No,Salaried,Good,Urban,Education,360,22382,6581,134986,Approved
LOAN00958,30,Male,No,2,Graduate,No,Salaried,Good,Semiurban,Home,360,65561,2242,205522,Approved
LOAN00959,64,Female,Yes,0,Not Graduate,No,Salaried,Poor,Urban,Business,240,76003,10693,215627,Rejected
LOAN00960,22,Female,No,1,Graduate,No,Business Owner,Poor,Rural,Business,240,28675,9376,166846,Rejected
LOAN00961,33,Male,Yes,0,Graduate,No,Freelancer,Poor,Urban,Home,60,33809,6036,151042,Rejected
LOAN00962,60,Female,Yes,2,Graduate,Yes,Salaried,Average,Urban,Education,360,18766,12470,51836,Approved
LOAN00963,22,Female,Yes,2,Graduate,No,Freelancer,Poor,Urban,Personal,240,46179,12835,181925,Rejected
LOAN00964,40,Male,Yes,1,Not Graduate,No,Freelancer,Good,Semiurban,Home,240,92420,18378,201651,Approved
LOAN00965,21,Male,Yes,1,Not Graduate,No,Government,Average,Semiurban,Education,240,55528,12004,268629,Approved
LOAN00966,57,Male,Yes,1,Graduate,No,Salaried,Average,Urban,Education,300,98263,11143,418408,Rejected
LOAN00967,29,Male,Yes,3+,Graduate,No,Salaried,Poor,Rural,Personal,360,30465,16030,114717,Rejected
LOAN00968,37,Female,Yes,1,Graduate,No,Salaried,Good,Urban,Personal,360,20162,12261,100538,Approved
LOAN00969,29,Male,Yes,2,Graduate,No,Government,Good,Semiurban,Vehicle,240,71463,6104,187075,Approved
LOAN00970,31,Female,No,2,Graduate,No,Government,Good,Semiurban,Education,360,39235,1191,164830,Approved
LOAN00971,35,Male,Yes,0,Not Graduate,No,Business Owner,Average,Urban,Home,360,24297,29910,166941,Rejected
LOAN00972,44,Male,Yes,0,Not Graduate,No,Salaried,Good,Rural,Home,240,84334,75372,339612,Approved
LOAN00973,58,Female,Yes,0,Graduate,No,Salaried,Good,Rural,Business,120,27647,17012,98958,Approved
LOAN00974,55,Female,No,2,Not Graduate,No,Salaried,Good,Urban,Vehicle,360,21941,2403,89704,Approved
LOAN00975,50,Male,Yes,0,Graduate,No,Business Owner,Good,Semiurban,Medical,360,47607,34179,216738,Approved
LOAN00976,51,Male,No,1,Graduate,Yes,Salaried,Good,Urban,Education,360,20216,6793,118778,Approved
LOAN00977,25,Male,No,2,Graduate,No,Salaried,Good,Semiurban,Business,120,57530,5181,227670,Approved
LOAN00978,64,Male,Yes,0,Graduate,Yes,Freelancer,Poor,Urban,Business,360,21622,10805,92609,Rejected
LOAN00979,34,Female,Yes,1,Not Graduate,No,Salaried,Average,Rural,Home,360,40667,12229,213860,Rejected
LOAN00980,31,Male,No,0,Graduate,No,Business Owner,Good,Urban,Education,360,41878,7331,141807,Approved
LOAN00981,29,Male,Yes,0,Graduate,Yes,Salaried,Average,Urban,Business,360,40913,23831,181467,Approved
LOAN00982,54,Male,Yes,2,Graduate,No,Government,Average,Urban,Medical,360,20344,9792,83437,Approved
LOAN00983,32,Female,No,0,Not Graduate,No,Business Owner,Good,Urban,Education,360,33272,3798,176358,Approved
LOAN00984,55,Female,Yes,0,Graduate,No,Government,Good,Semiurban,Medical,60,67381,15594,215095,Approved
LOAN00985,55,Male,No,2,Not Graduate,No,Business Owner,Good,Urban,Business,360,33160,5802,223596,Rejected
LOAN00986,21,Female,Yes,0,Not Graduate,No,Government,Good,Rural,Home,120,21636,4435,157165,Approved
LOAN00987,60,Male,No,3+,Graduate,No,Government,Average,Urban,Home,360,29724,2153,115429,Approved
LOAN00988,42,Male,Yes,3+,Graduate,No,Business Owner,Good,Semiurban,Home,240,20615,16767,110101,Approved
LOAN00989,49,Female,Yes,0,Not Graduate,Yes,Government,Good,Semiurban,Education,360,13605,13154,70591,Approved
LOAN00990,28,Female,Yes,0,Graduate,Yes,Salaried,Poor,Rural,Home,120,33544,6707,97030,Rejected
LOAN00991,31,Female,No,2,Not Graduate,No,Salaried,Good,Rural,Education,360,37987,15058,165653,Approved
LOAN00992,61,Female,Yes,1,Graduate,No,Salaried,Average,Rural,Medical,180,49737,12404,232697,Rejected
LOAN00993,57,Male,Yes,0,Graduate,No,Business Owner,Good,Rural,Business,240,44816,15516,191568,Approved
LOAN00994,34,Female,Yes,2,Not Graduate,No,Freelancer,Good,Urban,Vehicle,360,47887,32603,196562,Approved
LOAN00995,50,Male,No,0,Not Graduate,No,Government,Good,Rural,Home,360,35650,11393,137300,Approved
LOAN00996,55,Female,Yes,3+,Not Graduate,No,Salaried,Good,Rural,Education,60,94596,22616,218840,Approved
LOAN00997,41,Male,Yes,0,Graduate,No,Salaried,Good,Urban,Home,240,24868,12460,134532,Approved
LOAN00998,57,Female,Yes,0,Not Graduate,No,Salaried,Good,Semiurban,Personal,120,31486,5895,131517,Approved
LOAN00999,25,Male,Yes,0,Not Graduate,No,Freelancer,Good,Urban,Home,360,76603,12075,349671,Approved
LOAN01000,39,Male,Yes,3+,Not Graduate,No,Salaried,Average,Semiurban,Education,360,30471,26052,127855,Rejected
LOAN01001,34,Female,Yes,2,Graduate,No,Government,Good,Semiurban,Business,360,34558,31176,94422,Approved
LOAN01002,46,Male,No,2,Graduate,No,Salaried,Average,Semiurban,Business,180,43559,1290,181385,Approved
LOAN01003,24,Male,Yes,0,Not Graduate,No,Salaried,Good,Semiurban,Personal,240,61412,6574,225014,Approved
LOAN01004,45,Male,Yes,0,Graduate,Yes,Government,Good,Rural,Home,360,38712,5035,118398,Approved
LOAN01005,65,Male,Yes,0,Graduate,No,Business Owner,Average,Semiurban,Education,180,24399,12579,83716,Approved
LOAN01006,62,Male,No,1,Graduate,Yes,Salaried,Good,Rural,Vehicle,360,30196,14187,138153,Approved
LOAN01007,45,Male,No,1,Graduate,No,Business Owner,Good,Urban,Business,240,46305,3414,151200,Approved
LOAN01008,38,Female,No,1,Graduate,No,Salaried,Good,Semiurban,Education,360,31799,7008,153779,Approved
LOAN01009,60,Male,Yes,0,Graduate,No,Unemployed,Average,Semiurban,Home,360,29428,18697,82210,Approved
LOAN01010,28,Female,Yes,3+,Not Graduate,No,Business Owner,Good,Urban,Vehicle,240,23875,4759,119609,Approved
LOAN01011,59,Female,Yes,0,Graduate,No,Salaried,Good,Urban,Medical,360,62135,31309,254059,Approved
LOAN01012,60,Male,Yes,3+,Graduate,No,Business Owner,Good,Semiurban,Business,300,34382,23821,199208,Approved
LOAN01013,34,Female,Yes,0,Graduate,No,Salaried,Average,Semiurban,Personal,240,34480,7962,186117,Approved
LOAN01014,52,Male,No,1,Graduate,Yes,Government,Good,Semiurban,Business,240,49313,2290,177409,Approved
LOAN01015,58,Female,No,0,Graduate,No,Government,Good,Urban,Home,300,19672,2281,92326,Approved
LOAN01016,53,Male,No,0,Graduate,No,Government,Good,Urban,Home,180,37008,4267,144224,Approved
LOAN01017,43,Male,Yes,1,Graduate,No,Salaried,Good,Semiurban,Business,360,71496,7037,154827,Approved
LOAN01018,35,Female,No,0,Not Graduate,No,Salaried,Good,Urban,Education,120,35287,4982,137227,Approved
LOAN01019,53,Female,Yes,0,Graduate,No,Salaried,Average,Urban,Vehicle,120,40086,10321,172766,Approved
LOAN01020,45,Female,Yes,2,Graduate,No,Freelancer,Good,Urban,Vehicle,240,39685,8380,152208,Approved
LOAN01021,37,Male,No,2,Graduate,No,Business Owner,Good,Urban,Medical,180,58548,2545,132218,Approved
LOAN01022,53,Female,Yes,2,Graduate,No,Business Owner,Poor,Urban,Business,300,39757,6437,173293,Rejected
LOAN01023,22,Male,Yes,0,Not Graduate,No,Government,Good,Urban,Education,240,110289,7454,364215,Approved
LOAN01024,34,Male,Yes,1,Not Graduate,No,Salaried,Good,Urban,Home,360,40299,5356,198384,Approved
LOAN01025,60,Male,No,1,Graduate,No,Salaried,Good,Semiurban,Education,360,29849,2384,95739,Approved
LOAN01026,60,Female,No,0,Graduate,No,Salaried,Good,Urban,Personal,360,71709,6055,212845,Approved
LOAN01027,59,Male,Yes,1,Graduate,No,Salaried,Good,Semiurban,Home,180,33031,13918,201400,Approved
LOAN01028,26,Male,No,0,Graduate,No,Salaried,Good,Rural,Medical,360,27727,1594,59213,Approved
LOAN01029,26,Female,Yes,0,Not Graduate,Yes,Business Owner,Poor,Rural,Medical,240,21273,6606,110817,Rejected
LOAN01030,23,Male,Yes,0,Graduate,No,Salaried,Average,Urban,Business,300,45046,6980,145393,Rejected
LOAN01031,27,Male,No,0,Not Graduate,No,Salaried,Average,Rural,Home,240,29559,976,81581,Rejected
LOAN01032,28,Male,No,2,Graduate,No,Freelancer,Good,Urban,Home,240,25596,6068,100610,Approved
LOAN01033,62,Female,No,1,Graduate,No,Salaried,Good,Urban,Home,360,28152,11183,112976,Approved
LOAN01034,35,Male,Yes,3+,Graduate,No,Freelancer,Good,Rural,Home,240,30838,10776,94049,Approved
LOAN01035,49,Male,No,2,Graduate,No,Salaried,Good,Rural,Education,360,52824,2838,100745,Approved
LOAN01036,53,Female,Yes,0,Not Graduate,No,Business Owner,Average,Semiurban,Home,180,45143,2217,157222,Rejected
LOAN01037,50,Female,No,3+,Graduate,No,Government,Good,Semiurban,Vehicle,360,34029,4458,152063,Approved
LOAN01038,59,Male,Yes,2,Not Graduate,No,Salaried,Average,Semiurban,Education,360,46741,19714,202848,Rejected
LOAN01039,47,Female,No,0,Graduate,Yes,Business Owner,Good,Urban,Home,240,34619,2141,164869,Approved
LOAN01040,56,Female,Yes,1,Not Graduate,No,Government,Good,Urban,Business,360,39853,7854,185591,Approved
LOAN01041,49,Female,Yes,3+,Graduate,Yes,Business Owner,Good,Semiurban,Medical,360,26900,7367,115284,Approved
LOAN01042,58,Male,Yes,1,Not Graduate,No,Salaried,Good,Rural,Vehicle,360,27012,8733,95660,Approved
LOAN01043,53,Female,Yes,3+,Not Graduate,No,Salaried,Average,Urban,Education,360,38875,20005,93792,Approved
LOAN01044,57,Female,Yes,0,Not Graduate,No,Freelancer,Poor,Rural,Vehicle,360,38914,6243,188676,Rejected
LOAN01045,47,Male,No,0,Graduate,No,Government,Good,Urban,Vehicle,120,57241,4112,208132,Approved
LOAN01046,53,Male,Yes,0,Not Graduate,No,Salaried,Good,Semiurban,Personal,360,45465,8114,133022,Approved
LOAN01047,24,Male,No,1,Graduate,Yes,Salaried,Good,Semiurban,Home,300,29104,4997,120474,Approved
LOAN01048,42,Male,Yes,2,Graduate,No,Salaried,Average,Semiurban,Personal,240,20414,8902,102101,Approved
LOAN01049,22,Female,Yes,3+,Graduate,No,Salaried,Good,Urban,Home,360,54023,29251,172474,Approved
LOAN01050,30,Male,Yes,0,Graduate,No,Salaried,Average,Semiurban,Personal,60,42161,7250,156817,Approved
LOAN01051,25,Male,Yes,0,Not Graduate,No,Salaried,Good,Semiurban,Home,240,56171,9487,194999,Approved
LOAN01052,30,Female,Yes,2,Graduate,No,Salaried,Good,Urban,Personal,180,44643,10991,183249,Approved
LOAN01053,53,Male,Yes,1,Graduate,No,Salaried,Average,Urban,Medical,120,81816,12313,294037,Rejected
LOAN01054,58,Female,Yes,0,Graduate,No,Government,Good,Semiurban,Home,240,32946,27595,146155,Approved
LOAN01055,33,Male,Yes,1,Graduate,No,Salaried,Good,Semiurban,Medical,360,36999,6797,174405,Approved
LOAN01056,51,Male,Yes,2,Graduate,No,Salaried,Good,Urban,Home,240,51829,11008,238987,Approved
LOAN01057,56,Male,Yes,2,Graduate,No,Salaried,Good,Semiurban,Home,360,53549,17243,230987,Approved
LOAN01058,65,Male,Yes,1,Graduate,No,Government,Good,Rural,Education,180,42074,7126,87547,Approved
LOAN01059,44,Male,No,0,Graduate,No,Freelancer,Good,Urban,Medical,360,17748,6632,35608,Approved
LOAN01060,35,Female,No,3+,Not Graduate,No,Government,Poor,Semiurban,Education,360,16390,2284,116334,Rejected
LOAN01061,49,Female,No,1,Not Graduate,No,Salaried,Poor,Urban,Business,240,30526,1544,98386,Rejected
LOAN01062,28,Male,Yes,0,Not Graduate,No,Government,Average,Urban,Vehicle,360,36674,9858,127599,Rejected
LOAN01063,25,Female,No,0,Graduate,Yes,Salaried,Good,Urban,Medical,360,15668,2998,86437,Approved
LOAN01064,49,Female,No,2,Graduate,No,Salaried,Average,Semiurban,Vehicle,360,35832,7225,150394,Approved
LOAN01065,24,Female,No,0,Graduate,No,Business Owner,Good,Rural,Home,240,48681,2019,175230,Approved
LOAN01066,32,Male,Yes,0,Graduate,No,Government,Good,Urban,Home,360,35361,8474,134296,Approved
LOAN01067,65,Male,No,1,Graduate,No,Government,Good,Semiurban,Home,360,41473,2583,148424,Approved
LOAN01068,22,Male,No,0,Graduate,No,Government,Good,Semiurban,Business,180,47312,5790,172297,Approved
LOAN01069,47,Female,Yes,1,Graduate,No,Government,Good,Urban,Home,300,17667,13367,87823,Approved
LOAN01070,51,Female,No,0,Graduate,No,Salaried,Good,Semiurban,Home,240,48711,3782,205862,Approved
LOAN01071,56,Male,Yes,1,Not Graduate,No,Salaried,Poor,Rural,Personal,240,26106,7751,153348,Rejected
LOAN01072,56,Male,Yes,0,Graduate,No,Salaried,Good,Rural,Home,360,32626,9339,175363,Approved
LOAN01073,46,Female,Yes,0,Graduate,Yes,Government,Poor,Rural,Business,240,26971,11975,116143,Approved
LOAN01074,63,Female,No,0,Graduate,No,Salaried,Good,Urban,Education,240,58880,1386,112404,Approved
LOAN01075,47,Female,Yes,3+,Graduate,No,Government,Good,Rural,Home,360,21427,6757,144127,Approved
LOAN01076,25,Female,Yes,2,Graduate,No,Salaried,Good,Urban,Education,180,67616,4057,170621,Approved
LOAN01077,40,Male,Yes,0,Graduate,No,Salaried,Average,Semiurban,Education,180,106545,25335,320848,Approved
LOAN01078,31,Female,Yes,2,Graduate,No,Salaried,Good,Rural,Personal,300,18070,6459,77643,Approved
LOAN01079,30,Female,Yes,1,Not Graduate,No,Salaried,Good,Urban,Home,240,27897,26384,184441,Approved
LOAN01080,60,Male,No,3+,Not Graduate,No,Government,Good,Semiurban,Education,240,47839,3798,184860,Approved
LOAN01081,58,Female,No,0,Graduate,No,Salaried,Good,Semiurban,Vehicle,120,23224,4510,102446,Approved
LOAN01082,26,Female,Yes,2,Graduate,No,Salaried,Average,Semiurban,Vehicle,300,32134,22681,178990,Rejected
LOAN01083,28,Male,Yes,0,Graduate,No,Salaried,Good,Urban,Vehicle,360,39306,3645,186008,Approved
LOAN01084,43,Female,Yes,0,Not Graduate,No,Salaried,Good,Rural,Medical,360,26350,4859,137465,Approved
LOAN01085,46,Female,No,3+,Graduate,No,Salaried,Average,Semiurban,Vehicle,180,37680,3680,118129,Rejected
LOAN01086,63,Female,Yes,1,Graduate,No,Salaried,Good,Urban,Education,360,55655,8673,258069,Approved
LOAN01087,32,Male,Yes,0,Graduate,No,Government,Average,Urban,Personal,360,35058,6829,186045,Rejected
LOAN01088,46,Male,Yes,0,Graduate,No,Salaried,Average,Rural,Business,240,22756,17761,125436,Rejected
LOAN01089,33,Female,No,2,Not Graduate,Yes,Salaried,Poor,Urban,Home,360,61341,1456,232462,Rejected
LOAN01090,60,Male,No,1,Graduate,No,Business Owner,Good,Urban,Home,360,67851,4048,187011,Approved
LOAN01091,38,Female,No,0,Graduate,No,Salaried,Good,Semiurban,Home,180,42867,8357,201060,Approved
LOAN01092,45,Female,No,3+,Graduate,No,Salaried,Good,Semiurban,Home,240,23346,1817,104283,Approved
LOAN01093,53,Male,Yes,0,Graduate,No,Business Owner,Average,Semiurban,Home,180,24466,27551,124900,Approved
LOAN01094,60,Male,Yes,0,Not Graduate,No,Salaried,Good,Urban,Home,180,12509,5064,52010,Approved
LOAN01095,63,Male,Yes,3+,Not Graduate,No,Freelancer,Good,Rural,Personal,360,27821,10387,77293,Rejected
LOAN01096,32,Male,Yes,0,Graduate,No,Business Owner,Average,Rural,Personal,360,58660,6473,228687,Approved
LOAN01097,64,Female,Yes,0,Graduate,No,Government,Good,Urban,Business,120,26695,30251,120161,Approved
LOAN01098,56,Female,Yes,1,Graduate,No,Government,Average,Semiurban,Personal,360,23620,46326,139537,Approved
LOAN01099,24,Female,Yes,2,Graduate,No,Salaried,Average,Rural,Home,360,57544,12406,264901,Approved
LOAN01100,25,Female,No,0,Graduate,No,Salaried,Good,Semiurban,Personal,240,60966,14066,243037,Approved
LOAN01101,57,Male,Yes,3+,Graduate,No,Salaried,Good,Semiurban,Business,360,28531,10278,156997,Approved
LOAN01102,28,Female,No,2,Graduate,Yes,Salaried,Good,Urban,Home,360,45673,1203,118047,Approved
LOAN01103,62,Female,No,0,Graduate,No,Government,Poor,Semiurban,Home,180,24576,1046,90921,Approved
LOAN01104,48,Female,Yes,2,Graduate,Yes,Freelancer,Good,Semiurban,Home,180,31127,4869,162091,Rejected
LOAN01105,51,Female,No,0,Not Graduate,No,Business Owner,Good,Semiurban,Home,120,16010,2438,84587,Approved
LOAN01106,29,Male,Yes,0,Graduate,No,Business Owner,Average,Rural,Home,240,42704,6056,151201,Rejected
LOAN01107,49,Female,No,2,Graduate,No,Salaried,Poor,Urban,Home,240,34672,8147,137491,Approved
LOAN01108,34,Male,Yes,3+,Graduate,No,Business Owner,Average,Urban,Home,240,26840,11158,127402,Rejected
LOAN01109,60,Male,No,0,Graduate,No,Government,Good,Urban,Home,300,34842,7447,129186,Approved
LOAN01110,61,Male,Yes,0,Graduate,No,Business Owner,Good,Semiurban,Medical,360,32966,15657,150538,Approved
LOAN01111,42,Female,Yes,1,Graduate,No,Salaried,Good,Urban,Home,240,25028,8223,126680,Approved
LOAN01112,31,Female,No,0,Not Graduate,No,Freelancer,Good,Semiurban,Home,240,43449,2408,144171,Approved
LOAN01113,43,Female,Yes,0,Graduate,No,Salaried,Average,Urban,Vehicle,360,31759,6485,127060,Approved
LOAN01114,21,Female,No,0,Graduate,No,Business Owner,Average,Semiurban,Personal,360,34186,4146,118486,Approved
LOAN01115,57,Female,No,2,Graduate,No,Business Owner,Average,Urban,Education,180,18821,7476,39391,Approved
LOAN01116,41,Female,No,0,Graduate,No,Salaried,Average,Rural,Personal,240,34320,21234,111245,Rejected
LOAN01117,46,Male,No,0,Graduate,No,Freelancer,Good,Semiurban,Home,360,33500,3932,110520,Approved
LOAN01118,56,Male,No,2,Graduate,No,Government,Good,Rural,Home,120,25046,1859,136244,Approved
LOAN01119,43,Male,Yes,2,Graduate,No,Salaried,Good,Semiurban,Home,240,46129,9760,202454,Approved
LOAN01120,21,Female,No,1,Graduate,Yes,Government,Good,Urban,Business,240,14066,2148,36779,Approved
LOAN01121,60,Female,No,0,Graduate,No,Business Owner,Average,Urban,Education,180,29232,8491,81338,Approved
LOAN01122,35,Male,No,1,Graduate,No,Freelancer,Good,Rural,Business,180,41751,5649,128773,Approved
LOAN01123,41,Male,Yes,0,Graduate,No,Government,Average,Semiurban,Home,240,93370,9987,226107,Approved
LOAN01124,29,Female,No,0,Graduate,No,Business Owner,Average,Urban,Vehicle,360,19642,5255,116574,Rejected
LOAN01125,29,Male,No,2,Not Graduate,No,Government,Good,Semiurban,Home,360,37793,6658,140877,Approved
LOAN01126,30,Female,No,0,Not Graduate,No,Salaried,Good,Semiurban,Education,360,46470,1353,190299,Approved
LOAN01127,46,Female,Yes,0,Graduate,No,Salaried,Good,Urban,Business,120,37366,25807,206815,Approved
LOAN01128,61,Male,Yes,0,Not Graduate,Yes,Freelancer,Good,Urban,Vehicle,180,20857,14317,82786,Rejected
LOAN01129,55,Male,Yes,0,Graduate,No,Government,Average,Rural,Home,360,29212,5745,165676,Approved
LOAN01130,45,Female,No,0,Not Graduate,No,Government,Good,Urban,Personal,300,12104,5089,77246,Approved
LOAN01131,46,Female,No,3+,Graduate,No,Business Owner,Average,Urban,Vehicle,240,36379,1617,156065,Rejected
LOAN01132,31,Female,Yes,0,Not Graduate,No,Business Owner,Average,Urban,Home,180,19204,20787,149266,Rejected
LOAN01133,58,Female,Yes,0,Graduate,No,Salaried,Good,Urban,Medical,240,44580,19559,228356,Approved
LOAN01134,22,Male,Yes,0,Graduate,No,Unemployed,Average,Semiurban,Business,240,27064,6846,117858,Approved
LOAN01135,27,Male,Yes,3+,Graduate,No,Salaried,Average,Urban,Education,180,25942,11003,135641,Approved
LOAN01136,38,Female,No,1,Graduate,No,Freelancer,Average,Urban,Home,360,39142,7089,197316,Approved
LOAN01137,47,Female,No,0,Graduate,No,Business Owner,Good,Rural,Business,180,40828,2693,149414,Rejected
LOAN01138,54,Male,Yes,3+,Not Graduate,Yes,Business Owner,Good,Urban,Home,360,53749,7678,144890,Approved
LOAN01139,47,Female,Yes,0,Graduate,No,Salaried,Good,Urban,Education,360,32286,7177,191965,Approved
LOAN01140,37,Female,Yes,0,Not Graduate,No,Unemployed,Good,Semiurban,Education,240,34627,13626,102287,Approved
LOAN01141,63,Male,No,0,Graduate,No,Business Owner,Average,Semiurban,Vehicle,360,19461,3762,54711,Rejected
LOAN01142,64,Male,Yes,0,Graduate,Yes,Government,Average,Rural,Home,360,69688,10550,218400,Approved
LOAN01143,44,Female,Yes,0,Graduate,No,Salaried,Poor,Urban,Personal,180,23849,5808,64119,Approved
LOAN01144,45,Male,Yes,2,Graduate,No,Business Owner,Good,Rural,Home,240,50321,12393,193923,Approved
LOAN01145,27,Male,No,0,Graduate,No,Freelancer,Good,Rural,Education,300,50488,2318,208743,Approved
LOAN01146,26,Male,No,1,Not Graduate,Yes,Freelancer,Average,Semiurban,Vehicle,360,43476,4397,136520,Approved
LOAN01147,44,Female,No,0,Graduate,Yes,Government,Good,Urban,Business,300,32636,3617,153824,Approved
LOAN01148,53,Female,Yes,0,Graduate,No,Salaried,Good,Urban,Home,300,30846,12663,129026,Approved
LOAN01149,49,Female,Yes,0,Not Graduate,No,Salaried,Good,Semiurban,Education,240,35283,15433,163817,Approved
LOAN01150,63,Male,Yes,3+,Graduate,No,Business Owner,Good,Rural,Home,300,15417,2849,87596,Approved
LOAN01151,42,Female,No,0,Not Graduate,No,Salaried,Good,Semiurban,Business,240,35891,9793,110137,Approved
LOAN01152,46,Female,Yes,1,Not Graduate,No,Unemployed,Good,Urban,Home,300,70869,14889,342336,Rejected
LOAN01153,48,Female,Yes,0,Graduate,No,Salaried,Good,Urban,Vehicle,360,32806,12969,104917,Approved
LOAN01154,41,Female,No,0,Graduate,No,Business Owner,Average,Semiurban,Business,360,35784,3365,153758,Rejected
LOAN01155,27,Male,No,0,Graduate,No,Salaried,Good,Semiurban,Home,360,22906,4946,70762,Approved
LOAN01156,37,Female,Yes,0,Not Graduate,No,Business Owner,Poor,Urban,Home,360,39480,19080,157230,Rejected
LOAN01157,40,Male,Yes,0,Graduate,No,Salaried,Good,Urban,Home,360,25589,8236,106644,Approved
LOAN01158,61,Female,Yes,0,Graduate,Yes,Salaried,Poor,Semiurban,Education,360,53233,7527,212250,Rejected
LOAN01159,40,Male,No,2,Not Graduate,No,Salaried,Good,Semiurban,Business,60,60694,4571,242868,Approved
LOAN01160,42,Male,No,0,Graduate,Yes,Salaried,Good,Semiurban,Business,360,66958,2410,179517,Approved
LOAN01161,48,Male,Yes,1,Not Graduate,Yes,Unemployed,Good,Rural,Vehicle,120,18966,7758,103256,Approved
LOAN01162,60,Female,Yes,0,Graduate,No,Salaried,Average,Semiurban,Home,240,50273,18247,158866,Approved
LOAN01163,27,Male,No,1,Graduate,No,Business Owner,Good,Urban,Personal,180,48589,11487,168806,Approved
LOAN01164,21,Female,No,1,Not Graduate,Yes,Unemployed,Good,Semiurban,Home,120,30128,6439,107129,Approved
LOAN01165,52,Male,Yes,0,Graduate,No,Government,Poor,Rural,Home,360,62113,44706,263207,Approved
LOAN01166,33,Male,Yes,0,Graduate,No,Unemployed,Good,Rural,Vehicle,240,43761,5215,170235,Approved
LOAN01167,50,Female,Yes,2,Graduate,No,Unemployed,Good,Rural,Personal,360,67366,17484,336915,Approved
LOAN01168,43,Male,Yes,3+,Graduate,No,Business Owner,Good,Urban,Education,240,20529,3700,85350,Approved
LOAN01169,39,Male,No,0,Graduate,No,Freelancer,Good,Rural,Vehicle,240,26336,5782,106915,Approved
LOAN01170,52,Female,No,0,Not Graduate,No,Salaried,Good,Rural,Personal,240,37880,3640,122197,Approved
LOAN01171,50,Male,No,3+,Graduate,No,Salaried,Good,Semiurban,Vehicle,360,61554,2558,249031,Approved
LOAN01172,49,Male,Yes,0,Graduate,No,Government,Poor,Urban,Home,360,44563,24412,163969,Approved
LOAN01173,65,Male,No,1,Graduate,No,Business Owner,Average,Rural,Personal,300,23700,6099,85785,Rejected
LOAN01174,49,Female,Yes,0,Graduate,No,Freelancer,Good,Semiurban,Vehicle,240,80769,19252,292737,Approved
LOAN01175,50,Female,Yes,0,Not Graduate,No,Freelancer,Good,Urban,Business,360,31805,12698,94725,Approved
LOAN01176,36,Female,Yes,1,Not Graduate,No,Salaried,Poor,Urban,Vehicle,180,24044,36886,111476,Rejected
LOAN01177,60,Female,Yes,1,Graduate,No,Government,Average,Semiurban,Medical,300,25622,5631,107703,Approved
LOAN01178,39,Male,No,0,Graduate,Yes,Business Owner,Poor,Semiurban,Education,240,19940,3294,86281,Rejected
LOAN01179,38,Male,Yes,1,Graduate,No,Salaried,Good,Urban,Home,120,13210,14138,93582,Approved
LOAN01180,21,Female,Yes,2,Graduate,No,Government,Average,Semiurban,Education,240,34459,6325,114823,Approved
LOAN01181,34,Male,Yes,1,Graduate,No,Salaried,Average,Rural,Home,60,18041,9277,85656,Rejected
LOAN01182,22,Male,Yes,0,Graduate,No,Freelancer,Good,Semiurban,Home,360,41821,4186,126807,Approved
LOAN01183,48,Male,Yes,1,Not Graduate,No,Business Owner,Good,Urban,Business,360,56553,1542,162886,Approved
LOAN01184,50,Male,Yes,2,Graduate,No,Salaried,Good,Semiurban,Home,360,43023,5326,200187,Approved
LOAN01185,58,Female,No,2,Not Graduate,No,Government,Good,Urban,Vehicle,300,37042,4351,113122,Approved
LOAN01186,24,Male,Yes,1,Graduate,No,Business Owner,Average,Urban,Personal,360,18153,11484,95976,Rejected
LOAN01187,21,Male,Yes,0,Graduate,No,Salaried,Average,Urban,Education,360,53142,4985,145231,Rejected
LOAN01188,28,Male,Yes,2,Not Graduate,No,Salaried,Average,Rural,Personal,360,87199,9046,291445,Rejected
LOAN01189,49,Female,No,2,Graduate,No,Government,Average,Urban,Home,120,68441,3469,131937,Approved
LOAN01190,59,Male,Yes,0,Not Graduate,No,Salaried,Good,Urban,Personal,240,19955,7740,97029,Approved
LOAN01191,23,Male,Yes,0,Graduate,No,Government,Good,Urban,Personal,360,35063,5719,116186,Approved
LOAN01192,52,Female,Yes,0,Graduate,No,Salaried,Average,Semiurban,Home,360,31977,7053,112372,Approved
LOAN01193,30,Female,Yes,1,Not Graduate,No,Business Owner,Good,Rural,Home,360,30360,24391,128940,Approved
LOAN01194,30,Male,Yes,0,Graduate,No,Government,Good,Rural,Home,360,36761,3881,114009,Approved
LOAN01195,39,Male,No,1,Not Graduate,No,Salaried,Good,Urban,Personal,180,96210,4067,223508,Approved
LOAN01196,54,Male,No,3+,Not Graduate,No,Business Owner,Good,Urban,Personal,180,38113,2677,165847,Rejected
LOAN01197,53,Male,Yes,2,Graduate,No,Freelancer,Average,Urban,Home,360,29734,8833,162943,Approved
LOAN01198,43,Male,No,3+,Graduate,No,Freelancer,Good,Rural,Business,240,41525,5960,181300,Approved
LOAN01199,48,Male,No,3+,Graduate,No,Business Owner,Good,Urban,Home,180,20111,4300,65062,Approved
LOAN01200,52,Male,Yes,0,Graduate,No,Business Owner,Poor,Urban,Education,360,26312,12844,139517,Rejected
LOAN01201,27,Male,Yes,1,Not Graduate,No,Freelancer,Average,Semiurban,Medical,180,56602,41600,293332,Rejected
LOAN01202,49,Female,Yes,0,Graduate,No,Government,Average,Urban,Home,360,39528,23452,174804,Approved
LOAN01203,28,Female,Yes,2,Graduate,No,Freelancer,Good,Urban,Personal,360,93506,8086,316541,Approved
LOAN01204,21,Female,No,0,Graduate,Yes,Salaried,Average,Urban,Personal,120,40964,4244,151536,Approved
LOAN01205,23,Male,No,3+,Graduate,Yes,Unemployed,Average,Urban,Medical,240,20731,2976,101453,Rejected
LOAN01206,44,Male,No,1,Not Graduate,No,Salaried,Good,Semiurban,Home,180,17796,6204,56025,Approved
LOAN01207,43,Female,No,2,Graduate,No,Salaried,Poor,Rural,Home,360,56996,5701,98744,Rejected
LOAN01208,28,Male,Yes,0,Not Graduate,No,Salaried,Good,Urban,Home,300,22727,10244,133331,Approved
LOAN01209,57,Male,Yes,0,Graduate,No,Salaried,Poor,Urban,Vehicle,60,21829,31940,93144,Rejected
LOAN01210,23,Female,No,2,Graduate,No,Salaried,Good,Rural,Business,360,28804,8657,75404,Approved
LOAN01211,53,Female,Yes,0,Graduate,No,Salaried,Good,Rural,Home,240,56858,8224,279636,Approved
LOAN01212,48,Female,Yes,2,Graduate,No,Salaried,Good,Urban,Vehicle,240,30777,14984,111517,Approved
LOAN01213,28,Male,No,0,Not Graduate,No,Freelancer,Good,Semiurban,Home,180,24866,4717,138353,Approved
LOAN01214,54,Male,No,1,Graduate,No,Salaried,Good,Urban,Home,180,62672,1794,229493,Approved
LOAN01215,55,Female,No,0,Not Graduate,No,Salaried,Poor,Semiurban,Education,360,58039,3756,119638,Rejected
LOAN01216,52,Male,Yes,1,Graduate,No,Salaried,Poor,Rural,Home,240,76894,4084,140530,Rejected
LOAN01217,44,Female,No,2,Graduate,No,Salaried,Poor,Semiurban,Home,240,66709,3209,188590,Approved
LOAN01218,34,Female,No,0,Graduate,Yes,Salaried,Good,Semiurban,Education,360,58484,1378,270707,Approved
LOAN01219,52,Female,Yes,0,Graduate,No,Business Owner,Poor,Urban,Personal,360,25899,16312,154611,Rejected
LOAN01220,63,Male,No,0,Graduate,No,Unemployed,Good,Semiurban,Vehicle,240,48853,2610,145221,Approved
LOAN01221,36,Male,Yes,1,Graduate,No,Government,Average,Semiurban,Education,360,62729,7386,196965,Rejected
LOAN01222,24,Female,No,1,Not Graduate,No,Government,Good,Semiurban,Vehicle,360,83710,5383,218041,Approved
LOAN01223,57,Female,Yes,2,Graduate,Yes,Salaried,Good,Urban,Business,180,39223,3486,147430,Approved
LOAN01224,41,Female,Yes,1,Graduate,Yes,Salaried,Poor,Semiurban,Home,360,29104,20025,118703,Approved
LOAN01225,34,Male,Yes,0,Graduate,No,Salaried,Poor,Semiurban,Vehicle,360,24395,24481,141595,Approved
LOAN01226,51,Male,No,0,Graduate,No,Government,Average,Urban,Vehicle,300,56429,3047,248829,Rejected
LOAN01227,38,Female,Yes,0,Not Graduate,No,Salaried,Average,Urban,Business,360,26902,29012,146377,Approved
LOAN01228,27,Female,Yes,0,Graduate,No,Business Owner,Good,Urban,Business,360,38111,9502,142856,Approved
LOAN01229,30,Female,Yes,3+,Graduate,Yes,Salaried,Average,Semiurban,Vehicle,360,24438,5710,130833,Approved
LOAN01230,27,Male,No,3+,Graduate,No,Salaried,Good,Semiurban,Education,180,33809,6759,154872,Approved
LOAN01231,53,Female,Yes,0,Graduate,Yes,Unemployed,Good,Rural,Personal,180,44247,15947,191562,Approved
LOAN01232,43,Female,Yes,1,Graduate,No,Freelancer,Good,Urban,Home,360,40993,10590,189668,Approved
LOAN01233,41,Female,No,2,Graduate,No,Government,Good,Rural,Personal,240,50619,6970,206475,Approved
LOAN01234,39,Male,Yes,0,Graduate,No,Business Owner,Average,Semiurban,Home,360,19568,15606,105197,Approved
LOAN01235,39,Male,No,0,Graduate,No,Government,Good,Urban,Home,240,34460,5167,150785,Approved
LOAN01236,56,Female,Yes,0,Not Graduate,No,Business Owner,Good,Urban,Business,300,29390,9854,128928,Rejected
LOAN01237,49,Male,No,1,Graduate,No,Government,Good,Urban,Education,360,23340,5393,114941,Approved
LOAN01238,38,Male,Yes,3+,Not Graduate,No,Salaried,Good,Rural,Personal,300,25919,7884,102313,Approved
LOAN01239,22,Female,Yes,2,Graduate,No,Business Owner,Average,Urban,Education,240,24286,14576,96849,Approved
LOAN01240,21,Male,No,0,Not Graduate,No,Freelancer,Average,Urban,Business,120,42509,2320,105719,Rejected
LOAN01241,25,Female,Yes,0,Graduate,No,Salaried,Good,Urban,Home,360,43480,6922,120309,Approved
LOAN01242,40,Male,No,2,Graduate,No,Government,Good,Rural,Home,360,53854,5223,199164,Approved
LOAN01243,31,Female,Yes,2,Graduate,No,Unemployed,Good,Urban,Education,360,42093,6816,156169,Approved
LOAN01244,62,Female,Yes,1,Graduate,No,Business Owner,Average,Urban,Business,240,39006,12739,163172,Rejected
LOAN01245,22,Male,Yes,1,Graduate,Yes,Salaried,Good,Semiurban,Business,180,37628,12065,147069,Approved
LOAN01246,23,Male,No,0,Graduate,No,Business Owner,Good,Semiurban,Business,360,49220,11421,117753,Approved
LOAN01247,43,Male,Yes,2,Graduate,No,Government,Average,Semiurban,Medical,360,14072,6927,84840,Approved
LOAN01248,32,Male,Yes,2,Graduate,No,Business Owner,Good,Semiurban,Vehicle,240,35362,10865,161256,Approved
LOAN01249,40,Female,Yes,0,Graduate,No,Salaried,Average,Rural,Personal,360,41887,6160,131872,Approved
LOAN01250,25,Female,Yes,2,Not Graduate,No,Business Owner,Good,Rural,Home,240,81254,35027,243168,Approved
LOAN01251,57,Male,Yes,0,Graduate,Yes,Salaried,Average,Rural,Home,300,22022,30355,105109,Approved
LOAN01252,58,Male,No,0,Graduate,Yes,Government,Good,Urban,Home,360,21675,4532,65199,Approved
LOAN01253,50,Male,Yes,0,Graduate,No,Salaried,Good,Rural,Home,120,13070,9910,33281,Approved
LOAN01254,29,Female,No,0,Graduate,No,Business Owner,Good,Urban,Business,300,19422,4872,83950,Approved
LOAN01255,54,Male,Yes,0,Graduate,No,Government,Average,Urban,Business,180,33925,8919,154331,Approved
LOAN01256,64,Female,No,0,Not Graduate,No,Salaried,Poor,Rural,Business,240,26218,3836,109624,Rejected
LOAN01257,55,Female,No,1,Graduate,No,Salaried,Good,Rural,Vehicle,360,25967,4411,102748,Approved
LOAN01258,42,Female,Yes,1,Graduate,No,Salaried,Average,Semiurban,Medical,60,36692,31975,141066,Approved
LOAN01259,64,Male,No,0,Graduate,No,Salaried,Average,Rural,Personal,360,47195,12827,135132,Approved
LOAN01260,44,Female,Yes,0,Graduate,No,Salaried,Poor,Rural,Home,240,36520,18370,172851,Rejected
LOAN01261,37,Male,No,1,Not Graduate,No,Unemployed,Average,Semiurban,Home,360,36754,9316,133066,Rejected
LOAN01262,30,Male,No,0,Not Graduate,Yes,Government,Good,Semiurban,Home,180,43548,2422,194264,Approved
LOAN01263,50,Female,Yes,0,Graduate,No,Government,Average,Rural,Home,360,15919,20099,123587,Approved
LOAN01264,43,Female,Yes,2,Graduate,No,Government,Good,Urban,Business,360,38486,8227,121707,Approved
LOAN01265,52,Male,Yes,2,Graduate,No,Salaried,Good,Urban,Business,360,35111,9510,138653,Approved
LOAN01266,37,Male,Yes,2,Graduate,No,Salaried,Good,Rural,Home,360,36200,4251,148534,Approved
LOAN01267,37,Male,Yes,1,Graduate,No,Salaried,Poor,Urban,Vehicle,240,27922,4858,73862,Rejected
LOAN01268,34,Male,Yes,0,Graduate,No,Government,Poor,Urban,Vehicle,60,33108,8432,138396,Approved
LOAN01269,29,Male,Yes,2,Graduate,No,Freelancer,Average,Urban,Home,360,43529,5757,124740,Rejected
LOAN01270,60,Male,No,0,Graduate,Yes,Salaried,Poor,Urban,Education,360,74912,6368,166539,Approved
LOAN01271,22,Male,Yes,0,Graduate,No,Salaried,Average,Rural,Personal,60,16965,9943,76288,Approved
LOAN01272,65,Female,Yes,0,Not Graduate,No,Business Owner,Good,Semiurban,Business,180,46972,15056,195642,Approved
LOAN01273,45,Female,No,2,Graduate,No,Business Owner,Good,Semiurban,Home,360,62821,6813,207888,Approved
LOAN01274,59,Female,Yes,0,Not Graduate,No,Government,Good,Rural,Home,360,20501,23843,135569,Rejected
LOAN01275,29,Male,Yes,3+,Graduate,No,Salaried,Good,Rural,Home,360,33499,14673,199752,Approved
LOAN01276,42,Female,Yes,2,Graduate,No,Government,Good,Semiurban,Home,180,41114,13942,172620,Approved
LOAN01277,63,Female,No,1,Not Graduate,Yes,Salaried,Good,Rural,Personal,240,89682,10534,245211,Approved
LOAN01278,24,Female,No,2,Not Graduate,No,Freelancer,Average,Semiurban,Home,120,96567,4510,226921,Rejected
LOAN01279,46,Female,Yes,1,Graduate,No,Government,Average,Urban,Home,300,20500,5955,97460,Approved
LOAN01280,49,Female,No,2,Graduate,No,Government,Good,Urban,Home,360,31698,8945,97871,Approved
LOAN01281,65,Female,Yes,0,Not Graduate,No,Salaried,Poor,Semiurban,Vehicle,360,39726,6820,127083,Rejected
LOAN01282,54,Male,No,2,Graduate,No,Salaried,Good,Semiurban,Home,300,46649,922,68575,Approved
LOAN01283,43,Female,No,1,Graduate,No,Business Owner,Average,Semiurban,Home,120,39750,1680,175072,Rejected
LOAN01284,57,Female,No,3+,Not Graduate,No,Salaried,Good,Semiurban,Business,240,23703,10988,136471,Approved
LOAN01285,31,Female,Yes,1,Graduate,No,Business Owner,Good,Urban,Education,360,23236,16347,96014,Approved
LOAN01286,26,Female,Yes,1,Graduate,No,Government,Poor,Urban,Home,180,18150,20020,102418,Rejected
LOAN01287,38,Male,Yes,2,Graduate,No,Salaried,Good,Semiurban,Home,240,14629,6936,87538,Approved
LOAN01288,41,Male,No,2,Graduate,No,Business Owner,Good,Urban,Vehicle,360,17965,4949,58298,Approved
LOAN01289,62,Female,Yes,1,Graduate,No,Salaried,Good,Semiurban,Medical,360,61248,12260,305381,Approved
LOAN01290,56,Female,No,0,Graduate,Yes,Government,Average,Semiurban,Home,360,49992,2960,212318,Approved
LOAN01291,61,Female,No,1,Graduate,No,Unemployed,Poor,Semiurban,Home,240,46582,1767,215509,Rejected
LOAN01292,58,Male,Yes,3+,Graduate,No,Business Owner,Good,Urban,Home,300,32852,35546,133139,Approved
LOAN01293,54,Male,No,2,Graduate,No,Salaried,Average,Semiurban,Vehicle,300,35643,4547,119979,Approved
LOAN01294,37,Female,No,2,Graduate,No,Government,Good,Rural,Business,360,32180,3608,122173,Approved
LOAN01295,57,Female,No,0,Not Graduate,No,Freelancer,Good,Rural,Vehicle,360,17781,5663,85799,Approved
LOAN01296,45,Female,No,1,Graduate,No,Salaried,Good,Rural,Vehicle,360,48604,3789,158956,Approved
LOAN01297,58,Male,No,1,Not Graduate,Yes,Government,Average,Semiurban,Personal,180,53301,1911,260597,Rejected
LOAN01298,32,Female,Yes,2,Graduate,No,Unemployed,Good,Urban,Personal,360,21641,18263,112580,Approved
LOAN01299,43,Male,No,0,Not Graduate,No,Business Owner,Good,Semiurban,Vehicle,240,21632,4582,60270,Approved
LOAN01300,62,Female,Yes,2,Graduate,No,Business Owner,Good,Rural,Education,60,42544,44414,197052,Approved
LOAN01301,42,Male,No,1,Graduate,No,Salaried,Good,Urban,Home,120,42376,4492,175664,Approved
LOAN01302,41,Male,No,0,Not Graduate,No,Business Owner,Average,Urban,Business,360,50499,15930,176796,Rejected
LOAN01303,47,Female,Yes,0,Not Graduate,No,Salaried,Good,Urban,Business,240,68604,12515,231211,Approved
LOAN01304,51,Female,No,0,Graduate,No,Salaried,Good,Semiurban,Business,360,22560,2059,134142,Approved
LOAN01305,26,Male,Yes,1,Graduate,No,Salaried,Good,Semiurban,Home,360,35000,11650,186093,Approved
LOAN01306,47,Female,Yes,0,Graduate,Yes,Salaried,Good,Urban,Business,60,23150,15427,99244,Approved
LOAN01307,60,Male,Yes,0,Not Graduate,No,Salaried,Average,Rural,Education,360,23913,25971,96128,Approved
LOAN01308,54,Male,No,2,Graduate,Yes,Business Owner,Good,Semiurban,Business,180,29929,4708,159531,Approved
LOAN01309,32,Male,No,0,Graduate,No,Business Owner,Good,Urban,Home,240,69436,3869,287733,Approved
LOAN01310,65,Male,No,0,Graduate,No,Business Owner,Good,Urban,Education,360,59705,2693,251722,Approved
LOAN01311,27,Male,Yes,1,Graduate,No,Salaried,Good,Urban,Home,360,35113,3570,149050,Approved
LOAN01312,30,Male,No,1,Not Graduate,No,Salaried,Average,Semiurban,Personal,300,13763,4952,35116,Approved
LOAN01313,65,Male,No,2,Graduate,No,Government,Average,Urban,Education,360,43336,12377,222414,Approved
LOAN01314,37,Female,Yes,0,Graduate,No,Business Owner,Good,Semiurban,Home,360,42888,9663,142362,Approved
LOAN01315,46,Male,Yes,2,Graduate,No,Unemployed,Good,Rural,Home,240,23858,7699,94087,Approved
LOAN01316,41,Female,Yes,1,Graduate,No,Salaried,Average,Semiurban,Business,300,52776,5741,155652,Rejected
LOAN01317,48,Male,No,0,Graduate,No,Business Owner,Average,Urban,Home,360,23653,7714,151781,Rejected
LOAN01318,22,Female,No,0,Graduate,Yes,Salaried,Good,Semiurban,Medical,120,52706,7757,91005,Approved
LOAN01319,63,Male,No,0,Not Graduate,Yes,Freelancer,Average,Rural,Business,360,40477,10163,176956,Rejected
LOAN01320,21,Male,Yes,0,Graduate,No,Government,Average,Urban,Home,360,18828,9767,128762,Approved
LOAN01321,56,Male,No,2,Graduate,No,Government,Good,Urban,Business,180,30864,4645,78705,Approved
LOAN01322,46,Male,Yes,1,Not Graduate,No,Unemployed,Good,Semiurban,Home,360,38758,20850,136982,Approved
LOAN01323,49,Male,Yes,0,Graduate,No,Salaried,Average,Semiurban,Personal,180,41567,12540,165818,Approved
LOAN01324,41,Female,No,0,Not Graduate,No,Business Owner,Good,Urban,Home,360,57811,6132,204994,Approved
LOAN01325,31,Female,Yes,0,Not Graduate,No,Business Owner,Average,Semiurban,Medical,240,61145,7142,221559,Rejected
LOAN01326,60,Female,No,1,Graduate,No,Business Owner,Average,Semiurban,Business,360,32618,1973,137565,Rejected
LOAN01327,31,Female,Yes,0,Graduate,No,Salaried,Average,Rural,Personal,300,46709,9262,107375,Rejected
LOAN01328,56,Male,No,1,Graduate,Yes,Government,Good,Urban,Home,360,74875,5283,331937,Approved
LOAN01329,59,Male,Yes,0,Graduate,Yes,Government,Good,Rural,Home,180,22962,10652,126939,Approved
LOAN01330,60,Male,Yes,1,Not Graduate,No,Salaried,Good,Urban,Vehicle,240,27623,5558,125846,Approved
LOAN01331,55,Male,Yes,2,Graduate,No,Salaried,Average,Semiurban,Business,120,17243,15641,109559,Rejected
LOAN01332,54,Male,Yes,0,Graduate,No,Salaried,Average,Semiurban,Home,360,27333,7754,86756,Approved
LOAN01333,44,Female,No,1,Graduate,Yes,Freelancer,Average,Urban,Education,240,39839,4847,66952,Approved
LOAN01334,42,Male,Yes,3+,Graduate,No,Salaried,Good,Rural,Home,360,14013,23151,105609,Approved
LOAN01335,25,Male,No,0,Graduate,No,Government,Poor,Urban,Business,360,44208,1465,109332,Approved
LOAN01336,53,Female,No,1,Not Graduate,Yes,Freelancer,Poor,Semiurban,Home,360,29362,14290,115766,Rejected
LOAN01337,56,Female,Yes,0,Graduate,No,Business Owner,Good,Urban,Home,180,35306,28709,180684,Approved
LOAN01338,40,Male,Yes,1,Graduate,No,Business Owner,Good,Semiurban,Home,360,21461,16279,102385,Approved
LOAN01339,39,Female,No,0,Graduate,No,Salaried,Average,Urban,Education,180,34682,3967,146587,Approved
LOAN01340,55,Female,No,3+,Not Graduate,No,Government,Average,Rural,Home,360,77315,937,317240,Rejected
LOAN01341,63,Male,No,2,Graduate,No,Business Owner,Poor,Rural,Medical,360,30336,6973,132210,Rejected
LOAN01342,37,Male,Yes,2,Not Graduate,No,Unemployed,Good,Rural,Home,60,13416,12409,73665,Approved
LOAN01343,65,Male,No,2,Graduate,No,Business Owner,Good,Urban,Personal,180,62705,1970,238255,Approved
LOAN01344,63,Female,Yes,1,Not Graduate,No,Freelancer,Average,Semiurban,Education,300,46356,15804,172828,Rejected
LOAN01345,54,Female,No,0,Graduate,No,Salaried,Average,Urban,Education,240,37885,1580,111116,Approved
LOAN01346,29,Male,No,2,Graduate,Yes,Business Owner,Average,Rural,Home,360,46893,5505,119654,Approved
LOAN01347,46,Male,Yes,3+,Graduate,No,Freelancer,Poor,Semiurban,Business,240,37689,11838,121934,Approved
LOAN01348,22,Female,Yes,1,Graduate,No,Government,Good,Semiurban,Vehicle,360,76075,9384,273047,Approved
LOAN01349,29,Male,Yes,3+,Graduate,No,Government,Average,Semiurban,Education,300,50940,17587,275669,Rejected
LOAN01350,29,Male,Yes,1,Graduate,No,Salaried,Good,Urban,Home,360,29573,12949,135823,Approved
LOAN01351,60,Female,No,1,Graduate,No,Unemployed,Good,Semiurban,Personal,360,71067,817,258638,Approved
LOAN01352,37,Female,Yes,1,Graduate,Yes,Unemployed,Good,Urban,Medical,360,82371,31785,257021,Approved
LOAN01353,21,Female,Yes,0,Not Graduate,Yes,Salaried,Average,Rural,Education,180,54702,5958,225432,Rejected
LOAN01354,45,Female,Yes,0,Graduate,No,Government,Poor,Rural,Business,360,43613,22294,232265,Rejected
LOAN01355,63,Female,No,0,Not Graduate,No,Salaried,Good,Semiurban,Education,180,24727,4496,124034,Rejected
LOAN01356,60,Male,No,1,Graduate,No,Freelancer,Good,Rural,Home,240,49442,4056,90124,Approved
LOAN01357,62,Female,Yes,0,Graduate,No,Salaried,Average,Urban,Home,360,43244,4511,168260,Approved
LOAN01358,45,Male,Yes,0,Graduate,No,Unemployed,Good,Rural,Education,360,35880,8823,148399,Rejected
LOAN01359,59,Female,No,3+,Graduate,No,Salaried,Poor,Urban,Personal,120,49745,10831,173328,Rejected
LOAN01360,55,Male,No,0,Not Graduate,No,Business Owner,Good,Semiurban,Home,300,37766,4057,182737,Approved
LOAN01361,23,Female,Yes,1,Graduate,Yes,Salaried,Good,Semiurban,Business,360,46488,14840,129798,Approved
LOAN01362,57,Male,Yes,0,Not Graduate,No,Salaried,Good,Urban,Personal,120,57880,1578,169732,Approved
LOAN01363,64,Male,Yes,0,Not Graduate,No,Business Owner,Good,Urban,Home,300,19950,9534,76805,Approved
LOAN01364,64,Male,Yes,2,Graduate,Yes,Salaried,Good,Urban,Home,360,22900,5817,61331,Approved
LOAN01365,50,Male,Yes,1,Not Graduate,No,Freelancer,Good,Rural,Vehicle,120,24089,4239,108251,Approved
LOAN01366,58,Female,No,2,Graduate,Yes,Unemployed,Good,Urban,Home,360,86943,6506,251714,Approved
LOAN01367,54,Female,Yes,0,Not Graduate,Yes,Government,Good,Semiurban,Home,360,48294,11414,122484,Approved
LOAN01368,32,Male,No,1,Graduate,No,Government,Poor,Rural,Education,360,50361,4350,153070,Rejected
LOAN01369,39,Male,Yes,0,Graduate,No,Salaried,Good,Urban,Education,180,60370,6334,159153,Approved
LOAN01370,57,Male,No,0,Not Graduate,No,Salaried,Good,Semiurban,Personal,360,22675,8851,117246,Approved
LOAN01371,64,Male,No,0,Graduate,No,Business Owner,Average,Semiurban,Business,120,14513,1575,78331,Rejected
LOAN01372,37,Male,Yes,0,Graduate,No,Salaried,Average,Urban,Education,240,35303,13330,136449,Approved
LOAN01373,30,Female,Yes,0,Graduate,No,Government,Good,Rural,Business,180,54388,6536,260594,Approved
LOAN01374,32,Male,No,0,Graduate,No,Salaried,Average,Urban,Medical,360,33226,5197,119142,Approved
LOAN01375,36,Male,Yes,3+,Graduate,Yes,Government,Average,Urban,Home,360,19605,13315,128909,Approved
LOAN01376,44,Male,Yes,0,Not Graduate,No,Salaried,Average,Semiurban,Home,60,24165,7119,133839,Rejected
LOAN01377,39,Male,Yes,0,Graduate,No,Government,Good,Semiurban,Medical,60,21361,16123,93226,Approved
LOAN01378,28,Male,No,0,Graduate,No,Salaried,Average,Rural,Medical,240,27569,2666,114800,Rejected
LOAN01379,51,Female,Yes,1,Graduate,Yes,Salaried,Good,Rural,Home,180,21553,13747,75301,Approved
LOAN01380,41,Male,No,0,Graduate,Yes,Freelancer,Good,Semiurban,Home,360,38795,7344,148732,Approved
LOAN01381,37,Male,Yes,2,Not Graduate,No,Salaried,Average,Urban,Education,360,28384,12270,130717,Rejected
LOAN01382,43,Male,No,3+,Not Graduate,No,Freelancer,Good,Urban,Home,360,48293,4257,174011,Rejected
LOAN01383,57,Male,Yes,0,Not Graduate,No,Business Owner,Poor,Urban,Business,360,23402,4112,111638,Rejected
LOAN01384,36,Male,No,1,Graduate,No,Salaried,Good,Semiurban,Home,360,40738,7853,157201,Approved
LOAN01385,26,Female,Yes,0,Graduate,No,Government,Good,Rural,Home,60,35706,14654,188405,Approved
LOAN01386,28,Female,Yes,1,Not Graduate,No,Business Owner,Poor,Urban,Education,240,43400,9667,133088,Rejected
LOAN01387,45,Female,No,0,Not Graduate,No,Freelancer,Good,Urban,Medical,300,46236,23582,224721,Approved
LOAN01388,38,Male,Yes,0,Graduate,No,Business Owner,Poor,Semiurban,Education,300,48516,13886,239204,Rejected
LOAN01389,45,Male,Yes,0,Graduate,No,Business Owner,Poor,Urban,Education,360,52778,3322,199084,Rejected
LOAN01390,32,Female,Yes,1,Not Graduate,No,Salaried,Average,Semiurban,Medical,360,46353,9346,100494,Rejected
LOAN01391,35,Female,Yes,0,Graduate,No,Salaried,Good,Semiurban,Business,360,41525,5631,192323,Approved
LOAN01392,46,Female,No,0,Graduate,No,Business Owner,Good,Semiurban,Education,180,26902,9638,122380,Approved
LOAN01393,61,Male,Yes,2,Graduate,No,Salaried,Average,Urban,Education,240,53254,8033,176246,Approved
LOAN01394,65,Male,Yes,1,Graduate,No,Salaried,Average,Rural,Home,360,26540,48209,203871,Approved
LOAN01395,46,Male,No,2,Graduate,No,Freelancer,Good,Urban,Business,360,31845,3194,143970,Approved
LOAN01396,52,Female,Yes,0,Graduate,No,Freelancer,Poor,Rural,Education,240,24643,5550,89184,Rejected
LOAN01397,30,Female,Yes,2,Graduate,No,Salaried,Average,Urban,Home,360,24413,22619,109296,Approved
LOAN01398,36,Female,Yes,2,Graduate,No,Salaried,Poor,Rural,Home,360,31488,4994,141846,Approved
LOAN01399,27,Male,No,0,Graduate,No,Salaried,Good,Semiurban,Home,300,32700,1368,171481,Approved
LOAN01400,37,Female,No,2,Graduate,Yes,Salaried,Good,Urban,Business,180,25182,4292,94667,Approved
LOAN01401,43,Male,No,0,Not Graduate,No,Salaried,Good,Rural,Home,360,36676,641,65394,Approved
LOAN01402,46,Male,Yes,3+,Not Graduate,No,Salaried,Good,Semiurban,Home,360,38970,38230,166121,Approved
LOAN01403,41,Male,No,0,Graduate,No,Unemployed,Average,Urban,Personal,180,28419,2163,94924,Rejected
LOAN01404,42,Female,Yes,1,Graduate,No,Freelancer,Good,Urban,Business,360,101756,32947,292841,Approved
LOAN01405,27,Male,Yes,0,Not Graduate,No,Salaried,Poor,Semiurban,Home,360,42181,10475,190186,Rejected
LOAN01406,34,Male,Yes,3+,Graduate,No,Salaried,Good,Semiurban,Vehicle,360,38301,10381,155613,Approved
LOAN01407,35,Female,Yes,0,Graduate,Yes,Freelancer,Good,Semiurban,Home,180,26791,6428,76384,Approved
LOAN01408,27,Male,Yes,3+,Not Graduate,No,Salaried,Good,Semiurban,Vehicle,360,38639,25526,185907,Rejected
LOAN01409,29,Male,Yes,3+,Graduate,No,Government,Good,Semiurban,Vehicle,180,40472,8124,161089,Approved
LOAN01410,28,Male,Yes,0,Not Graduate,No,Government,Good,Rural,Business,360,36259,34307,103702,Approved
LOAN01411,43,Male,Yes,2,Not Graduate,No,Business Owner,Good,Semiurban,Vehicle,360,68761,7505,320693,Rejected
LOAN01412,49,Female,No,3+,Graduate,No,Salaried,Average,Urban,Home,240,16888,3951,84217,Approved
LOAN01413,38,Male,Yes,0,Graduate,No,Government,Good,Rural,Vehicle,300,30602,19978,141871,Approved
LOAN01414,51,Male,No,0,Graduate,No,Unemployed,Good,Urban,Home,360,50072,8471,104235,Approved
LOAN01415,50,Female,Yes,1,Graduate,No,Business Owner,Average,Urban,Home,360,24258,13005,99960,Rejected
LOAN01416,59,Female,No,0,Graduate,No,Freelancer,Good,Semiurban,Personal,300,18106,6102,92888,Approved
LOAN01417,55,Female,Yes,0,Graduate,No,Salaried,Good,Semiurban,Business,180,28753,11686,128342,Approved
LOAN01418,38,Male,Yes,0,Graduate,No,Salaried,Good,Urban,Medical,60,58091,13666,258032,Approved
LOAN01419,62,Male,Yes,0,Not Graduate,Yes,Freelancer,Good,Urban,Home,180,24518,30779,119764,Approved
LOAN01420,59,Female,No,0,Graduate,Yes,Government,Average,Semiurban,Education,360,30934,5345,150379,Approved
LOAN01421,37,Female,No,0,Graduate,No,Business Owner,Good,Rural,Home,360,43900,10563,188442,Approved
LOAN01422,34,Female,Yes,3+,Graduate,No,Government,Average,Semiurban,Business,360,27982,22610,150607,Approved
LOAN01423,51,Female,Yes,2,Graduate,No,Salaried,Poor,Semiurban,Home,120,29793,11221,119692,Rejected
LOAN01424,44,Female,No,0,Graduate,No,Salaried,Good,Urban,Home,360,27081,6063,148668,Approved
LOAN01425,55,Male,No,1,Graduate,No,Business Owner,Poor,Urban,Home,120,28127,5851,132799,Rejected
LOAN01426,64,Male,Yes,1,Graduate,No,Salaried,Good,Urban,Vehicle,360,21519,11134,104568,Approved
LOAN01427,65,Female,Yes,3+,Not Graduate,No,Business Owner,Good,Urban,Home,240,32345,24202,161769,Rejected
LOAN01428,54,Male,Yes,0,Not Graduate,No,Salaried,Good,Semiurban,Personal,120,58624,14897,246805,Approved
LOAN01429,23,Male,No,0,Graduate,No,Government,Good,Urban,Home,360,74033,14002,178524,Approved
LOAN01430,57,Female,Yes,3+,Graduate,No,Government,Good,Urban,Home,240,63730,16697,274313,Approved
LOAN01431,63,Female,No,3+,Graduate,No,Business Owner,Good,Semiurban,Education,360,38637,9255,93738,Approved
LOAN01432,60,Male,Yes,2,Graduate,No,Salaried,Average,Rural,Medical,360,76610,19934,216073,Rejected
LOAN01433,46,Male,Yes,2,Graduate,No,Business Owner,Average,Rural,Home,360,102364,10486,435763,Approved
LOAN01434,43,Male,Yes,0,Not Graduate,No,Unemployed,Good,Semiurban,Home,360,39402,7835,171896,Approved
LOAN01435,64,Female,No,1,Graduate,No,Business Owner,Average,Urban,Vehicle,240,23254,5249,112781,Rejected
LOAN01436,59,Female,No,0,Graduate,No,Salaried,Poor,Semiurban,Home,300,65537,12183,213850,Rejected
LOAN01437,35,Male,Yes,0,Graduate,No,Salaried,Good,Urban,Vehicle,360,21130,15854,126436,Approved
LOAN01438,24,Male,No,2,Not Graduate,No,Salaried,Good,Semiurban,Home,360,24369,6417,126337,Approved
LOAN01439,49,Female,Yes,0,Not Graduate,Yes,Salaried,Good,Rural,Education,120,14226,9825,83487,Approved
LOAN01440,42,Male,Yes,1,Graduate,No,Government,Good,Semiurban,Home,360,50379,11232,165375,Approved
LOAN01441,45,Female,Yes,3+,Graduate,No,Government,Good,Rural,Education,120,12811,18904,101325,Approved
LOAN01442,33,Female,Yes,0,Graduate,No,Salaried,Good,Semiurban,Vehicle,180,56771,17125,220054,Approved
LOAN01443,38,Male,Yes,3+,Graduate,Yes,Salaried,Average,Semiurban,Vehicle,180,81982,19074,315652,Approved
LOAN01444,53,Female,No,3+,Graduate,No,Salaried,Good,Urban,Business,120,79023,2977,303345,Approved
LOAN01445,36,Male,Yes,1,Not Graduate,No,Government,Good,Rural,Personal,60,20545,11658,110771,Approved
LOAN01446,65,Male,No,0,Not Graduate,No,Business Owner,Good,Urban,Home,120,15699,8140,67997,Approved
LOAN01447,62,Female,Yes,0,Not Graduate,Yes,Freelancer,Good,Rural,Home,240,27198,14092,84085,Rejected
LOAN01448,64,Male,No,0,Graduate,No,Salaried,Good,Urban,Business,240,53940,1505,110806,Approved
LOAN01449,22,Female,Yes,0,Not Graduate,No,Business Owner,Good,Urban,Business,180,62424,12817,188388,Approved
LOAN01450,55,Female,Yes,0,Not Graduate,No,Salaried,Poor,Rural,Home,360,48973,23935,228788,Rejected
LOAN01451,62,Male,Yes,3+,Graduate,No,Salaried,Good,Urban,Business,180,46055,3230,146727,Approved
LOAN01452,54,Male,Yes,0,Not Graduate,No,Business Owner,Good,Rural,Education,60,105077,13266,305664,Approved
LOAN01453,50,Male,No,2,Graduate,Yes,Business Owner,Good,Urban,Vehicle,240,29286,3963,107869,Approved
LOAN01454,33,Male,Yes,0,Not Graduate,No,Salaried,Average,Rural,Personal,240,25589,4026,91095,Rejected
LOAN01455,33,Male,No,1,Graduate,No,Salaried,Average,Semiurban,Business,240,21267,5129,74492,Approved
LOAN01456,38,Male,Yes,3+,Graduate,No,Salaried,Good,Semiurban,Home,240,44127,14426,203136,Approved
LOAN01457,52,Male,Yes,0,Graduate,No,Salaried,Good,Urban,Business,360,33497,11664,95400,Approved
LOAN01458,52,Female,Yes,0,Graduate,No,Business Owner,Good,Urban,Vehicle,360,52640,17576,160851,Approved
LOAN01459,55,Female,No,1,Graduate,Yes,Government,Good,Rural,Home,360,29651,4317,140179,Approved
LOAN01460,59,Female,No,2,Graduate,No,Salaried,Poor,Urban,Education,300,48192,2004,167720,Rejected
LOAN01461,49,Male,Yes,2,Graduate,Yes,Salaried,Good,Urban,Medical,300,30554,20870,122919,Approved
LOAN01462,49,Male,Yes,0,Graduate,No,Salaried,Average,Semiurban,Home,180,33752,4770,99393,Approved
LOAN01463,64,Female,Yes,0,Not Graduate,No,Business Owner,Good,Semiurban,Home,360,35221,25458,170948,Approved
LOAN01464,36,Male,No,3+,Not Graduate,No,Salaried,Good,Urban,Home,180,16897,1828,60534,Approved
LOAN01465,64,Male,No,3+,Graduate,No,Freelancer,Average,Urban,Business,300,34098,1711,131769,Approved
LOAN01466,30,Female,Yes,1,Not Graduate,No,Salaried,Good,Urban,Personal,240,46768,11668,147425,Approved
LOAN01467,50,Female,Yes,2,Graduate,Yes,Business Owner,Poor,Rural,Business,360,23280,12319,110504,Rejected
LOAN01468,45,Female,Yes,1,Not Graduate,No,Government,Good,Urban,Home,360,85781,3720,340052,Approved
LOAN01469,59,Male,No,0,Graduate,No,Government,Good,Rural,Business,360,36395,14637,147399,Approved
LOAN01470,40,Female,Yes,0,Graduate,No,Unemployed,Average,Urban,Business,180,27390,25399,66281,Approved
LOAN01471,25,Female,No,0,Graduate,No,Government,Good,Urban,Business,240,27017,6282,148225,Approved
LOAN01472,21,Female,Yes,1,Graduate,No,Government,Good,Semiurban,Home,360,67288,32768,258686,Approved
LOAN01473,50,Female,No,0,Not Graduate,No,Salaried,Good,Urban,Business,300,25055,2042,108776,Approved
LOAN01474,23,Female,No,0,Not Graduate,No,Salaried,Average,Semiurban,Education,300,41529,1408,142637,Rejected
LOAN01475,65,Male,No,2,Graduate,No,Salaried,Good,Rural,Home,360,54034,5926,197437,Approved
LOAN01476,34,Male,Yes,2,Graduate,No,Freelancer,Good,Urban,Business,360,46602,4546,130218,Approved
LOAN01477,50,Female,No,1,Not Graduate,No,Government,Good,Rural,Medical,360,28192,4956,107022,Approved
LOAN01478,24,Female,Yes,3+,Not Graduate,No,Salaried,Good,Urban,Home,360,52979,9746,186009,Approved
LOAN01479,38,Female,Yes,0,Graduate,No,Business Owner,Poor,Urban,Medical,300,38953,8470,144782,Rejected
LOAN01480,57,Male,Yes,1,Graduate,No,Freelancer,Good,Urban,Home,300,16748,4593,57229,Approved
LOAN01481,45,Male,No,2,Graduate,No,Government,Average,Rural,Vehicle,360,62974,2131,250383,Rejected
LOAN01482,21,Female,Yes,1,Graduate,No,Business Owner,Good,Urban,Home,360,27554,12371,93085,Approved
LOAN01483,35,Female,No,0,Graduate,No,Unemployed,Average,Rural,Home,360,33556,2343,127392,Rejected
LOAN01484,29,Female,No,0,Graduate,No,Salaried,Average,Semiurban,Business,360,41742,12942,178950,Rejected
LOAN01485,35,Female,Yes,3+,Not Graduate,No,Salaried,Poor,Urban,Business,360,28585,12923,133382,Rejected
LOAN01486,44,Female,Yes,1,Graduate,No,Business Owner,Good,Semiurban,Vehicle,240,51052,6575,173802,Approved
LOAN01487,24,Female,Yes,3+,Not Graduate,No,Salaried,Good,Rural,Business,360,22099,10329,121362,Rejected
LOAN01488,32,Female,Yes,1,Not Graduate,No,Salaried,Average,Semiurban,Business,360,28044,18073,79497,Approved
LOAN01489,57,Female,Yes,2,Not Graduate,Yes,Freelancer,Good,Semiurban,Personal,60,63043,24879,216518,Approved
LOAN01490,57,Female,Yes,2,Graduate,No,Freelancer,Good,Rural,Education,300,36731,28344,212684,Rejected
LOAN01491,63,Male,No,1,Not Graduate,No,Freelancer,Poor,Urban,Home,360,22571,12181,61908,Rejected
LOAN01492,26,Male,No,0,Graduate,Yes,Salaried,Good,Rural,Home,300,37625,5172,104986,Approved
LOAN01493,59,Female,Yes,1,Graduate,No,Business Owner,Poor,Rural,Education,360,43510,7144,150589,Rejected
LOAN01494,44,Male,Yes,2,Graduate,No,Salaried,Good,Semiurban,Vehicle,300,17788,4719,93512,Approved
LOAN01495,31,Male,Yes,0,Graduate,No,Salaried,Average,Rural,Home,360,76453,21049,172851,Approved
LOAN01496,33,Male,No,0,Not Graduate,No,Business Owner,Good,Semiurban,Home,240,81246,4667,203865,Rejected
LOAN01497,54,Male,No,0,Not Graduate,No,Salaried,Good,Semiurban,Home,120,38330,3068,115941,Approved
LOAN01498,45,Male,Yes,3+,Graduate,Yes,Salaried,Poor,Semiurban,Business,240,33189,4674,81469,Approved
LOAN01499,27,Male,Yes,0,Graduate,No,Freelancer,Good,Urban,Home,300,36692,7234,87563,Approved
LOAN01500,24,Female,No,1,Graduate,No,Salaried,Average,Semiurban,Home,240,54278,3138,221336,Approved
LOAN01501,28,Male,Yes,0,Graduate,No,Unemployed,Average,Urban,Business,180,44519,22996,118403,Approved
LOAN01502,40,Male,Yes,0,Not Graduate,No,Business Owner,Good,Semiurban,Vehicle,360,40443,16655,191475,Rejected
LOAN01503,49,Male,No,2,Graduate,No,Unemployed,Poor,Urban,Home,240,67646,3443,210585,Approved
LOAN01504,65,Female,Yes,0,Not Graduate,No,Salaried,Good,Urban,Business,360,60411,8269,276278,Rejected
LOAN01505,30,Male,Yes,1,Graduate,No,Business Owner,Average,Urban,Home,360,23577,19451,132653,Rejected
LOAN01506,63,Female,No,2,Graduate,No,Salaried,Good,Rural,Personal,360,54140,3080,222225,Approved
LOAN01507,54,Female,No,2,Graduate,No,Government,Average,Urban,Home,240,60976,11905,242667,Rejected
LOAN01508,46,Female,Yes,0,Graduate,Yes,Salaried,Good,Semiurban,Medical,360,41160,12191,201916,Approved
LOAN01509,61,Male,No,3+,Graduate,No,Salaried,Good,Urban,Medical,240,47551,3255,153789,Approved
LOAN01510,23,Female,Yes,1,Not Graduate,Yes,Government,Good,Semiurban,Vehicle,360,31623,20788,109788,Approved
LOAN01511,26,Male,No,3+,Not Graduate,No,Salaried,Good,Urban,Home,360,21121,2908,109700,Approved
LOAN01512,25,Female,Yes,1,Graduate,No,Salaried,Good,Urban,Business,240,84904,4160,247694,Approved
LOAN01513,25,Female,No,1,Graduate,No,Salaried,Good,Semiurban,Home,120,19875,3789,57779,Approved
LOAN01514,43,Male,No,3+,Graduate,Yes,Freelancer,Good,Semiurban,Personal,180,77386,1644,303235,Approved
LOAN01515,29,Male,Yes,3+,Graduate,No,Salaried,Good,Urban,Vehicle,240,35265,16884,164658,Approved
LOAN01516,55,Male,No,0,Graduate,No,Salaried,Good,Semiurban,Medical,360,63662,5350,158395,Approved
LOAN01517,40,Female,No,0,Graduate,No,Salaried,Good,Rural,Business,360,36692,8016,100967,Approved
LOAN01518,62,Male,No,0,Not Graduate,No,Business Owner,Good,Urban,Business,240,55372,13764,136098,Approved
LOAN01519,55,Female,Yes,0,Graduate,No,Freelancer,Good,Urban,Business,360,44444,20659,194484,Approved
LOAN01520,38,Male,No,0,Not Graduate,No,Salaried,Average,Semiurban,Education,360,26870,2601,118825,Rejected
LOAN01521,37,Female,No,0,Graduate,No,Salaried,Average,Urban,Education,360,38575,3377,152348,Approved
LOAN01522,44,Female,Yes,2,Not Graduate,No,Salaried,Good,Rural,Business,180,34053,9265,200024,Approved
LOAN01523,23,Female,No,0,Graduate,No,Salaried,Average,Semiurban,Personal,360,48501,2465,177575,Approved
LOAN01524,52,Female,Yes,2,Graduate,No,Salaried,Good,Semiurban,Business,300,38704,6364,147592,Approved
LOAN01525,55,Male,Yes,0,Not Graduate,No,Business Owner,Average,Semiurban,Personal,360,41306,27596,187973,Rejected
LOAN01526,58,Male,Yes,0,Graduate,No,Business Owner,Good,Semiurban,Personal,240,22888,10893,139841,Approved
LOAN01527,33,Female,Yes,0,Graduate,No,Government,Good,Urban,Business,240,20432,6815,123810,Approved
LOAN01528,45,Male,No,0,Not Graduate,No,Salaried,Average,Rural,Home,360,37488,8995,82134,Approved
LOAN01529,29,Male,Yes,2,Not Graduate,Yes,Business Owner,Average,Semiurban,Business,300,39407,8400,121808,Rejected
LOAN01530,24,Male,No,3+,Not Graduate,No,Business Owner,Good,Urban,Education,360,22625,1614,74875,Approved
LOAN01531,34,Male,Yes,0,Graduate,No,Business Owner,Good,Semiurban,Home,120,46967,62399,269184,Approved
LOAN01532,57,Male,Yes,1,Graduate,No,Government,Average,Urban,Education,360,47895,5296,223682,Rejected
LOAN01533,54,Female,Yes,1,Not Graduate,No,Salaried,Average,Urban,Medical,180,38959,33492,207613,Rejected
LOAN01534,31,Male,Yes,3+,Graduate,No,Salaried,Average,Semiurban,Home,240,36574,6726,122144,Rejected
LOAN01535,61,Female,No,2,Graduate,Yes,Freelancer,Good,Semiurban,Vehicle,360,20530,5398,76306,Approved
LOAN01536,23,Male,No,1,Graduate,No,Salaried,Good,Semiurban,Personal,180,20375,5391,86806,Approved
LOAN01537,48,Female,No,2,Graduate,No,Salaried,Good,Urban,Business,240,43374,2172,140473,Approved
LOAN01538,49,Male,Yes,2,Graduate,No,Salaried,Good,Semiurban,Business,360,25019,4773,112820,Approved
LOAN01539,29,Female,Yes,0,Graduate,No,Salaried,Good,Urban,Vehicle,360,25823,4436,114066,Approved
LOAN01540,23,Female,Yes,0,Graduate,No,Business Owner,Average,Semiurban,Education,120,41170,17330,122226,Approved
LOAN01541,45,Male,Yes,3+,Graduate,No,Salaried,Good,Semiurban,Home,360,90848,3759,366640,Approved
LOAN01542,54,Female,Yes,2,Graduate,No,Salaried,Average,Semiurban,Medical,180,30368,5425,119516,Approved
LOAN01543,32,Female,No,1,Graduate,No,Business Owner,Good,Rural,Education,240,91382,4056,254594,Approved
LOAN01544,62,Female,Yes,1,Not Graduate,No,Business Owner,Good,Rural,Business,300,35090,5032,157172,Rejected
LOAN01545,29,Female,No,0,Graduate,No,Unemployed,Good,Rural,Business,180,46804,1508,140954,Approved
LOAN01546,35,Male,Yes,1,Graduate,No,Salaried,Good,Rural,Home,360,55931,8547,145837,Approved
LOAN01547,60,Female,Yes,1,Not Graduate,No,Unemployed,Average,Rural,Medical,180,57794,2949,174663,Rejected
LOAN01548,45,Male,No,0,Graduate,No,Business Owner,Good,Rural,Vehicle,360,42302,10579,211840,Approved
LOAN01549,25,Male,Yes,2,Graduate,Yes,Government,Good,Rural,Home,360,32749,24443,107997,Approved
LOAN01550,31,Female,No,2,Graduate,No,Salaried,Good,Semiurban,Medical,360,52714,3844,174353,Approved
LOAN01551,54,Male,Yes,0,Not Graduate,No,Business Owner,Good,Urban,Vehicle,240,43950,42578,175242,Approved
LOAN01552,44,Female,Yes,1,Not Graduate,No,Government,Average,Urban,Education,360,29848,15628,161051,Rejected
LOAN01553,35,Female,No,0,Not Graduate,Yes,Government,Good,Rural,Business,360,68466,6546,163796,Approved
LOAN01554,58,Female,Yes,2,Not Graduate,No,Salaried,Average,Semiurban,Home,180,44615,8494,180104,Approved
LOAN01555,28,Female,Yes,0,Graduate,No,Salaried,Average,Rural,Business,300,25922,9776,113891,Rejected
LOAN01556,25,Male,No,1,Graduate,No,Business Owner,Good,Urban,Home,120,24593,2844,97307,Approved
LOAN01557,46,Male,Yes,3+,Graduate,Yes,Government,Good,Urban,Business,360,87686,3511,229824,Approved
LOAN01558,38,Male,No,0,Graduate,No,Salaried,Average,Semiurban,Business,360,29095,5251,52182,Approved
LOAN01559,26,Male,No,3+,Graduate,Yes,Freelancer,Average,Rural,Personal,180,50961,6845,233167,Rejected
LOAN01560,57,Male,No,3+,Graduate,No,Freelancer,Good,Urban,Vehicle,360,43027,1476,88133,Approved
LOAN01561,33,Male,Yes,0,Graduate,No,Government,Good,Rural,Home,120,50188,19898,144010,Approved
LOAN01562,48,Female,Yes,0,Not Graduate,No,Business Owner,Good,Rural,Personal,360,85847,4310,243417,Rejected
LOAN01563,25,Female,No,3+,Graduate,No,Salaried,Good,Urban,Business,60,56885,551,237683,Approved
LOAN01564,33,Male,Yes,3+,Graduate,No,Unemployed,Good,Urban,Business,360,52897,14310,223239,Approved
LOAN01565,37,Female,Yes,0,Graduate,No,Business Owner,Good,Urban,Home,120,33237,7957,97753,Approved
LOAN01566,60,Male,Yes,0,Graduate,No,Freelancer,Good,Urban,Personal,240,26929,11186,96911,Approved
LOAN01567,65,Male,Yes,0,Graduate,Yes,Salaried,Good,Semiurban,Personal,360,107878,11513,397988,Approved
LOAN01568,52,Female,Yes,3+,Graduate,No,Freelancer,Good,Urban,Vehicle,240,35638,18741,134472,Approved
LOAN01569,49,Female,No,0,Graduate,No,Salaried,Average,Urban,Personal,300,34613,12547,166997,Approved
LOAN01570,23,Female,No,1,Not Graduate,No,Salaried,Good,Rural,Home,360,41355,2465,166796,Rejected
LOAN01571,60,Male,Yes,2,Not Graduate,No,Freelancer,Poor,Semiurban,Personal,120,39583,7733,136818,Rejected
LOAN01572,54,Female,Yes,0,Graduate,No,Business Owner,Good,Semiurban,Education,360,74366,8873,166064,Approved
LOAN01573,60,Female,Yes,1,Graduate,No,Freelancer,Average,Urban,Home,120,46297,6764,198613,Approved
LOAN01574,47,Female,No,0,Graduate,No,Salaried,Good,Rural,Business,180,20141,7577,120747,Approved
LOAN01575,33,Female,Yes,2,Not Graduate,Yes,Business Owner,Good,Rural,Vehicle,180,26988,11908,125968,Approved
LOAN01576,65,Female,No,0,Graduate,Yes,Salaried,Good,Semiurban,Home,360,36491,4656,108674,Approved
LOAN01577,53,Female,Yes,2,Graduate,No,Business Owner,Good,Rural,Home,180,57615,6384,174648,Approved
LOAN01578,26,Female,No,2,Not Graduate,No,Salaried,Poor,Rural,Home,360,18321,3936,68982,Rejected
LOAN01579,44,Female,Yes,0,Graduate,Yes,Freelancer,Good,Semiurban,Education,360,45354,23694,199162,Approved
LOAN01580,39,Female,No,0,Graduate,No,Government,Poor,Semiurban,Home,240,50468,7588,173213,Rejected
LOAN01581,36,Male,Yes,0,Graduate,No,Salaried,Good,Urban,Home,360,54018,20814,260715,Approved
LOAN01582,60,Female,No,0,Graduate,No,Salaried,Good,Urban,Education,360,35030,8373,146730,Approved
LOAN01583,48,Male,Yes,2,Graduate,No,Freelancer,Good,Urban,Medical,240,58230,7462,193772,Approved
LOAN01584,53,Male,No,2,Graduate,No,Freelancer,Average,Urban,Vehicle,180,25166,2953,83967,Rejected
LOAN01585,61,Female,No,1,Not Graduate,No,Freelancer,Good,Urban,Home,240,55574,1865,200366,Approved
LOAN01586,33,Female,Yes,1,Graduate,No,Freelancer,Poor,Rural,Medical,360,35322,7825,173273,Rejected
LOAN01587,63,Female,No,1,Graduate,No,Salaried,Good,Urban,Business,360,37023,9464,132849,Approved
LOAN01588,65,Male,Yes,2,Graduate,Yes,Salaried,Average,Rural,Education,180,36838,16182,92256,Rejected
LOAN01589,45,Female,Yes,0,Not Graduate,No,Salaried,Good,Semiurban,Education,180,48657,23500,112143,Approved
LOAN01590,62,Male,Yes,0,Graduate,No,Salaried,Good,Urban,Education,360,22089,18176,61733,Approved
LOAN01591,56,Female,Yes,0,Graduate,No,Freelancer,Good,Semiurban,Home,120,54089,17114,198002,Approved
LOAN01592,47,Female,No,1,Graduate,No,Salaried,Good,Urban,Education,360,53739,1247,232520,Approved
LOAN01593,58,Female,No,0,Not Graduate,Yes,Government,Good,Rural,Business,120,31708,4198,155259,Approved
LOAN01594,27,Female,Yes,0,Graduate,No,Government,Good,Rural,Business,360,36356,5527,158971,Approved
LOAN01595,25,Female,Yes,0,Graduate,No,Government,Good,Urban,Vehicle,360,24668,41064,95932,Approved
LOAN01596,63,Female,No,2,Graduate,No,Government,Good,Rural,Education,240,21544,3884,116364,Approved
LOAN01597,65,Male,No,0,Not Graduate,Yes,Salaried,Good,Semiurban,Vehicle,120,39689,3779,145726,Approved
LOAN01598,51,Male,Yes,0,Graduate,Yes,Government,Good,Urban,Business,300,39805,13668,165359,Approved
LOAN01599,43,Female,No,0,Graduate,No,Salaried,Good,Semiurban,Medical,240,31205,4214,89495,Approved
LOAN01600,62,Female,Yes,0,Not Graduate,No,Salaried,Poor,Semiurban,Education,240,20694,9359,75644,Rejected
LOAN01601,30,Male,Yes,1,Not Graduate,Yes,Government,Poor,Urban,Personal,360,44608,8908,125406,Rejected
LOAN01602,52,Female,No,0,Graduate,No,Salaried,Good,Rural,Personal,180,30866,15703,143380,Approved
LOAN01603,63,Male,Yes,0,Not Graduate,No,Unemployed,Poor,Urban,Business,240,25921,17830,77223,Rejected
LOAN01604,50,Male,Yes,1,Graduate,Yes,Freelancer,Average,Semiurban,Business,360,64484,11644,289483,Rejected
LOAN01605,59,Female,Yes,0,Graduate,No,Freelancer,Good,Urban,Home,360,23416,5342,97912,Approved
LOAN01606,51,Female,No,0,Not Graduate,No,Salaried,Good,Rural,Medical,240,46764,2346,165955,Approved
LOAN01607,38,Female,No,3+,Graduate,No,Freelancer,Poor,Rural,Home,360,18494,3764,84816,Rejected
LOAN01608,56,Male,Yes,0,Graduate,No,Salaried,Good,Urban,Business,360,19029,18543,126793,Approved
LOAN01609,22,Male,Yes,0,Graduate,No,Government,Average,Urban,Home,360,45126,9559,146129,Approved
LOAN01610,34,Female,Yes,0,Graduate,No,Salaried,Average,Urban,Education,180,31218,17202,141600,Rejected
LOAN01611,33,Female,Yes,1,Graduate,No,Freelancer,Good,Rural,Business,60,21462,71973,233070,Approved
LOAN01612,49,Male,Yes,1,Not Graduate,No,Salaried,Good,Urban,Personal,360,55685,6379,148237,Approved
LOAN01613,32,Female,No,1,Not Graduate,No,Salaried,Good,Rural,Education,360,42920,2168,97826,Approved
LOAN01614,59,Male,Yes,2,Graduate,No,Business Owner,Good,Rural,Medical,360,13939,26002,113877,Rejected
LOAN01615,22,Female,Yes,0,Graduate,No,Salaried,Good,Semiurban,Business,120,55923,8157,259693,Approved
LOAN01616,52,Female,Yes,0,Not Graduate,No,Freelancer,Good,Urban,Home,360,22500,8924,58687,Approved
LOAN01617,33,Male,Yes,2,Graduate,No,Salaried,Good,Urban,Home,360,16839,15036,44970,Approved
LOAN01618,47,Male,No,3+,Graduate,No,Salaried,Good,Semiurban,Vehicle,240,25103,10429,120218,Approved
LOAN01619,61,Female,Yes,0,Graduate,No,Business Owner,Good,Semiurban,Home,180,35639,16024,127963,Approved
LOAN01620,37,Female,Yes,1,Graduate,No,Salaried,Good,Semiurban,Education,360,37602,6597,177392,Approved
LOAN01621,60,Female,Yes,0,Graduate,No,Salaried,Good,Semiurban,Home,360,17401,7093,97338,Approved
LOAN01622,51,Female,Yes,0,Graduate,No,Government,Good,Urban,Education,120,19228,8160,75200,Approved
LOAN01623,54,Female,Yes,0,Graduate,Yes,Salaried,Good,Rural,Vehicle,360,25786,3671,64818,Approved
LOAN01624,44,Female,Yes,0,Graduate,No,Salaried,Poor,Urban,Education,360,26538,9941,113435,Rejected
LOAN01625,65,Female,Yes,2,Graduate,No,Salaried,Good,Semiurban,Home,360,51165,10987,174807,Approved
LOAN01626,55,Male,Yes,1,Not Graduate,No,Salaried,Good,Rural,Home,360,30152,11244,82169,Approved
LOAN01627,26,Male,Yes,0,Not Graduate,No,Business Owner,Average,Urban,Education,360,50725,4583,195732,Rejected
LOAN01628,39,Male,Yes,0,Graduate,No,Salaried,Good,Semiurban,Home,180,59464,13456,192956,Approved
LOAN01629,50,Female,No,2,Graduate,No,Government,Average,Rural,Business,180,46632,5528,220327,Approved
LOAN01630,27,Male,Yes,0,Not Graduate,No,Salaried,Good,Semiurban,Business,360,9106,9477,58874,Approved
LOAN01631,30,Female,Yes,1,Graduate,Yes,Salaried,Average,Urban,Home,60,31672,7005,107268,Rejected
LOAN01632,61,Female,Yes,0,Not Graduate,No,Salaried,Poor,Urban,Education,360,33697,21868,150843,Rejected
LOAN01633,52,Female,Yes,1,Graduate,No,Business Owner,Good,Urban,Education,360,35437,7251,143527,Approved
LOAN01634,54,Male,No,0,Not Graduate,No,Unemployed,Good,Urban,Home,180,14229,3062,71665,Approved
LOAN01635,48,Male,Yes,0,Graduate,Yes,Business Owner,Average,Rural,Business,360,25749,11870,133896,Rejected
LOAN01636,35,Male,No,0,Graduate,No,Unemployed,Average,Semiurban,Home,300,19673,7401,94131,Approved
LOAN01637,50,Male,Yes,0,Graduate,No,Salaried,Average,Urban,Education,240,23934,11498,130195,Rejected
LOAN01638,57,Male,Yes,0,Graduate,No,Salaried,Good,Rural,Vehicle,300,32325,6559,157966,Approved
LOAN01639,49,Female,No,1,Graduate,No,Salaried,Average,Semiurban,Home,360,26012,4693,90416,Approved
LOAN01640,42,Female,Yes,0,Graduate,No,Salaried,Good,Urban,Business,240,24739,8451,98389,Approved
LOAN01641,24,Female,Yes,0,Not Graduate,No,Salaried,Good,Urban,Business,360,33220,13234,127250,Approved
LOAN01642,40,Female,Yes,1,Graduate,No,Salaried,Good,Urban,Home,120,29100,15715,119992,Approved
LOAN01643,52,Male,No,1,Graduate,No,Salaried,Good,Rural,Vehicle,120,39730,3429,179698,Approved
LOAN01644,56,Female,Yes,3+,Graduate,No,Salaried,Average,Semiurban,Business,120,30063,14509,123407,Rejected
LOAN01645,24,Female,No,1,Graduate,Yes,Salaried,Good,Rural,Education,360,17936,2168,93434,Approved
LOAN01646,47,Male,Yes,1,Graduate,No,Salaried,Good,Urban,Business,240,22834,16258,128174,Approved
LOAN01647,37,Female,No,1,Graduate,Yes,Government,Average,Rural,Personal,180,31331,6496,156959,Rejected
LOAN01648,32,Male,Yes,3+,Graduate,No,Salaried,Poor,Urban,Medical,360,29685,16440,82381,Approved
LOAN01649,42,Female,No,2,Graduate,No,Freelancer,Good,Rural,Business,180,19224,2755,98464,Rejected
LOAN01650,37,Female,Yes,0,Graduate,No,Business Owner,Good,Rural,Personal,180,49240,8538,156971,Approved
LOAN01651,30,Male,No,0,Graduate,No,Salaried,Good,Urban,Home,240,41794,7260,141131,Approved
LOAN01652,21,Female,Yes,0,Graduate,No,Salaried,Good,Rural,Business,240,27713,16182,139320,Approved
LOAN01653,42,Female,Yes,1,Graduate,No,Salaried,Good,Rural,Home,360,33737,7778,145066,Approved
LOAN01654,46,Female,Yes,2,Not Graduate,No,Business Owner,Good,Rural,Home,240,22419,15948,84892,Approved
LOAN01655,38,Male,Yes,1,Graduate,Yes,Salaried,Good,Urban,Business,240,53310,10969,185109,Approved
LOAN01656,34,Female,Yes,0,Graduate,No,Salaried,Poor,Semiurban,Vehicle,360,92136,9223,350263,Rejected
LOAN01657,49,Male,No,2,Graduate,No,Salaried,Good,Rural,Education,360,27172,5397,180679,Approved
LOAN01658,32,Male,No,2,Graduate,No,Government,Good,Rural,Business,360,62992,3515,255797,Approved
LOAN01659,56,Male,Yes,0,Graduate,Yes,Salaried,Good,Urban,Education,360,24653,8642,95482,Approved
LOAN01660,55,Female,No,1,Graduate,No,Business Owner,Good,Rural,Education,360,28584,1026,144473,Approved
LOAN01661,32,Female,Yes,0,Not Graduate,No,Business Owner,Good,Urban,Home,360,69228,6695,283350,Approved
LOAN01662,27,Female,Yes,3+,Not Graduate,No,Government,Good,Rural,Education,360,34409,27027,158078,Approved
LOAN01663,49,Female,No,2,Not Graduate,No,Business Owner,Good,Urban,Home,360,49471,4523,193549,Approved
LOAN01664,31,Male,No,1,Graduate,No,Business Owner,Good,Urban,Business,360,32168,2688,135434,Approved
LOAN01665,53,Male,No,2,Graduate,No,Government,Good,Semiurban,Home,180,16135,3571,102327,Approved
LOAN01666,26,Male,Yes,3+,Graduate,No,Freelancer,Good,Semiurban,Home,360,103968,4998,407312,Approved
LOAN01667,35,Male,No,1,Not Graduate,No,Salaried,Average,Semiurban,Business,360,32940,3331,131370,Rejected
LOAN01668,52,Male,Yes,0,Graduate,No,Salaried,Good,Semiurban,Business,360,38959,5953,173873,Approved
LOAN01669,31,Male,Yes,2,Graduate,Yes,Government,Good,Urban,Education,180,26118,24280,93097,Approved
LOAN01670,43,Male,Yes,0,Graduate,No,Government,Good,Urban,Home,240,51589,13608,164856,Approved
LOAN01671,46,Male,No,0,Graduate,Yes,Business Owner,Poor,Rural,Education,240,49909,11940,200272,Rejected
LOAN01672,54,Male,No,2,Not Graduate,No,Business Owner,Average,Urban,Vehicle,300,18020,981,45905,Rejected
LOAN01673,54,Male,No,2,Graduate,No,Business Owner,Good,Semiurban,Personal,180,39222,2915,153291,Approved
LOAN01674,49,Female,Yes,0,Graduate,Yes,Salaried,Poor,Semiurban,Vehicle,240,53890,7780,194427,Rejected
LOAN01675,24,Female,Yes,0,Graduate,Yes,Freelancer,Good,Rural,Home,180,62330,14723,216750,Approved
LOAN01676,37,Female,Yes,0,Not Graduate,No,Salaried,Poor,Semiurban,Business,240,48577,10446,86115,Approved
LOAN01677,55,Male,Yes,0,Graduate,No,Unemployed,Good,Urban,Home,360,50537,22049,260036,Approved
LOAN01678,33,Male,Yes,0,Not Graduate,No,Freelancer,Good,Rural,Home,360,28480,15984,97018,Approved
LOAN01679,61,Female,No,2,Graduate,No,Business Owner,Good,Rural,Home,60,20888,2837,82256,Approved
LOAN01680,59,Male,Yes,0,Not Graduate,Yes,Salaried,Good,Semiurban,Vehicle,360,31575,8473,153504,Approved
LOAN01681,35,Male,Yes,1,Not Graduate,No,Salaried,Good,Rural,Business,120,20676,6511,106836,Approved
LOAN01682,49,Male,Yes,0,Graduate,No,Salaried,Good,Semiurban,Business,120,26041,6515,120047,Approved
LOAN01683,49,Male,Yes,3+,Graduate,No,Freelancer,Good,Semiurban,Business,360,25867,3725,113961,Approved
LOAN01684,31,Male,Yes,0,Graduate,No,Business Owner,Good,Urban,Home,360,23782,19240,153472,Approved
LOAN01685,52,Male,No,0,Graduate,No,Salaried,Good,Semiurban,Education,360,46144,6111,220528,Approved
LOAN01686,22,Female,No,0,Not Graduate,No,Business Owner,Poor,Urban,Business,300,23024,3616,88393,Rejected
LOAN01687,34,Male,No,1,Graduate,No,Government,Average,Urban,Business,360,82951,1651,270362,Approved
LOAN01688,40,Male,Yes,1,Graduate,Yes,Salaried,Poor,Urban,Vehicle,180,56677,15315,191866,Approved
LOAN01689,42,Female,Yes,0,Graduate,No,Business Owner,Average,Urban,Home,180,62024,6690,170553,Approved
LOAN01690,31,Male,Yes,0,Graduate,Yes,Freelancer,Average,Urban,Vehicle,180,26632,23493,131088,Rejected
LOAN01691,47,Male,No,0,Not Graduate,No,Business Owner,Good,Semiurban,Education,360,39741,2038,121763,Approved
LOAN01692,23,Female,No,1,Graduate,No,Freelancer,Good,Urban,Business,180,22713,5002,93266,Approved
LOAN01693,37,Male,Yes,1,Not Graduate,No,Business Owner,Good,Rural,Education,180,40047,10116,154717,Approved
LOAN01694,64,Male,Yes,0,Not Graduate,Yes,Unemployed,Good,Urban,Personal,360,16392,7666,89346,Approved
LOAN01695,48,Male,Yes,0,Graduate,No,Salaried,Average,Semiurban,Home,120,58573,11949,163282,Rejected
LOAN01696,49,Male,No,0,Graduate,No,Business Owner,Good,Urban,Business,120,27168,803,76068,Approved
LOAN01697,41,Female,No,0,Not Graduate,No,Salaried,Poor,Urban,Business,180,41618,4042,134574,Rejected
LOAN01698,36,Female,Yes,1,Graduate,No,Salaried,Good,Urban,Home,60,45243,14099,205499,Approved
LOAN01699,57,Male,Yes,0,Graduate,No,Salaried,Average,Semiurban,Home,360,28303,13299,137560,Approved
LOAN01700,40,Female,Yes,0,Graduate,No,Salaried,Good,Rural,Vehicle,360,25356,12264,156334,Approved
LOAN01701,26,Male,Yes,0,Graduate,No,Unemployed,Good,Urban,Home,180,34403,10934,157336,Rejected
LOAN01702,39,Male,Yes,3+,Not Graduate,No,Government,Poor,Urban,Home,180,52122,4730,251408,Rejected
LOAN01703,25,Female,Yes,2,Graduate,No,Salaried,Good,Urban,Medical,360,33991,13816,116421,Approved
LOAN01704,23,Male,No,0,Graduate,Yes,Business Owner,Good,Rural,Vehicle,300,47635,5457,196643,Approved
LOAN01705,21,Male,No,0,Not Graduate,No,Business Owner,Good,Rural,Home,360,51914,2374,152358,Rejected
LOAN01706,58,Male,Yes,0,Not Graduate,No,Government,Good,Urban,Business,300,33303,9692,127260,Approved
LOAN01707,35,Male,No,1,Graduate,No,Business Owner,Good,Urban,Business,180,34520,11418,181153,Approved
LOAN01708,54,Male,Yes,0,Not Graduate,No,Salaried,Good,Rural,Personal,360,38656,12607,149216,Approved
LOAN01709,55,Female,Yes,2,Graduate,No,Freelancer,Good,Urban,Vehicle,360,60723,16749,244119,Approved
LOAN01710,45,Male,Yes,1,Not Graduate,No,Freelancer,Good,Semiurban,Personal,180,31117,10378,107558,Approved
LOAN01711,44,Male,Yes,3+,Graduate,Yes,Business Owner,Good,Urban,Home,240,60596,4645,134348,Approved
LOAN01712,32,Male,Yes,0,Graduate,No,Government,Average,Semiurban,Business,240,40734,9826,133141,Rejected
LOAN01713,38,Female,Yes,2,Not Graduate,No,Government,Average,Rural,Home,180,26070,6191,113719,Rejected
LOAN01714,35,Female,Yes,2,Graduate,No,Business Owner,Good,Rural,Home,360,35636,8282,133020,Approved
LOAN01715,64,Female,No,0,Not Graduate,No,Business Owner,Good,Rural,Vehicle,360,21932,2101,121005,Approved
LOAN01716,36,Female,Yes,0,Graduate,No,Unemployed,Good,Semiurban,Home,180,19817,19812,99188,Approved
LOAN01717,47,Female,Yes,0,Not Graduate,No,Salaried,Average,Semiurban,Business,240,47719,16311,153220,Approved
LOAN01718,28,Male,Yes,0,Not Graduate,No,Salaried,Average,Urban,Personal,360,52000,12398,154671,Rejected
LOAN01719,45,Female,No,0,Graduate,No,Salaried,Poor,Rural,Education,180,35780,2109,122157,Rejected
LOAN01720,37,Female,Yes,1,Not Graduate,No,Government,Good,Semiurban,Home,360,37103,11253,161475,Approved
LOAN01721,49,Female,No,0,Graduate,No,Freelancer,Good,Semiurban,Vehicle,360,28014,3303,82552,Approved
LOAN01722,28,Female,Yes,3+,Not Graduate,No,Salaried,Good,Urban,Personal,360,39201,8713,127914,Approved
LOAN01723,35,Male,Yes,0,Graduate,No,Unemployed,Good,Semiurban,Vehicle,360,88580,5758,307615,Approved
LOAN01724,47,Male,Yes,3+,Not Graduate,No,Freelancer,Good,Rural,Business,360,57203,15278,200304,Rejected
LOAN01725,27,Male,Yes,0,Graduate,No,Government,Good,Semiurban,Home,360,35094,4269,196362,Approved
LOAN01726,23,Female,Yes,2,Graduate,Yes,Salaried,Average,Urban,Home,240,33744,6256,145245,Rejected
LOAN01727,49,Male,Yes,0,Graduate,No,Business Owner,Good,Urban,Vehicle,360,30657,12167,85188,Approved
LOAN01728,64,Male,Yes,0,Graduate,Yes,Freelancer,Average,Urban,Home,60,19245,6572,80163,Rejected
LOAN01729,44,Female,Yes,2,Not Graduate,No,Business Owner,Good,Rural,Personal,240,29222,11055,149340,Approved
LOAN01730,23,Male,Yes,0,Graduate,No,Freelancer,Poor,Rural,Education,120,49188,11949,210026,Rejected
LOAN01731,40,Female,No,1,Graduate,No,Government,Poor,Rural,Business,360,23875,6291,143199,Approved
LOAN01732,35,Male,Yes,1,Graduate,No,Salaried,Poor,Semiurban,Vehicle,180,32015,11306,174851,Rejected
LOAN01733,45,Male,No,1,Graduate,No,Government,Average,Semiurban,Vehicle,360,21956,8829,112891,Approved
LOAN01734,50,Male,No,1,Graduate,Yes,Salaried,Average,Semiurban,Business,360,51712,3821,172298,Approved
LOAN01735,34,Female,Yes,2,Not Graduate,No,Salaried,Good,Semiurban,Personal,60,20477,15183,92952,Approved
LOAN01736,27,Male,Yes,0,Not Graduate,Yes,Salaried,Good,Semiurban,Medical,360,47416,3234,168099,Approved
LOAN01737,37,Male,Yes,1,Graduate,Yes,Salaried,Average,Semiurban,Personal,360,57693,33761,123056,Approved
LOAN01738,64,Female,No,3+,Graduate,Yes,Salaried,Average,Semiurban,Personal,360,31397,1146,103070,Approved
LOAN01739,40,Male,No,0,Graduate,No,Government,Poor,Urban,Vehicle,120,26659,8327,77376,Approved
LOAN01740,56,Female,No,0,Graduate,No,Freelancer,Good,Urban,Business,360,44972,1601,126210,Approved
LOAN01741,29,Female,No,2,Graduate,No,Salaried,Good,Rural,Home,360,74689,4696,244074,Approved
LOAN01742,58,Male,No,0,Not Graduate,No,Freelancer,Average,Rural,Home,240,66420,3386,129502,Rejected
LOAN01743,42,Female,Yes,0,Graduate,No,Salaried,Poor,Semiurban,Home,240,35130,10778,166541,Rejected
LOAN01744,22,Male,Yes,0,Not Graduate,No,Salaried,Good,Urban,Home,300,24406,18064,134449,Approved
LOAN01745,44,Female,No,1,Graduate,No,Business Owner,Good,Rural,Education,360,32714,1594,99479,Approved
LOAN01746,28,Male,Yes,0,Graduate,No,Business Owner,Good,Semiurban,Home,240,16976,12019,90360,Approved
LOAN01747,31,Female,Yes,1,Graduate,No,Government,Good,Semiurban,Personal,180,28281,3692,113451,Approved
LOAN01748,33,Male,No,2,Graduate,Yes,Salaried,Good,Semiurban,Personal,360,44478,2262,133063,Approved
LOAN01749,37,Female,Yes,0,Graduate,Yes,Freelancer,Good,Semiurban,Home,60,30777,6534,63331,Approved
LOAN01750,28,Male,No,1,Not Graduate,No,Freelancer,Average,Semiurban,Home,360,27717,6394,71876,Rejected
LOAN01751,41,Male,No,3+,Graduate,No,Unemployed,Good,Rural,Personal,240,35420,4436,122355,Approved
LOAN01752,38,Male,Yes,2,Not Graduate,No,Salaried,Good,Urban,Personal,300,32170,13893,85534,Approved
LOAN01753,50,Male,No,2,Graduate,No,Business Owner,Average,Urban,Personal,180,51020,4869,92920,Approved
LOAN01754,38,Female,Yes,0,Graduate,No,Business Owner,Poor,Urban,Medical,360,19989,19995,103796,Approved
LOAN01755,51,Male,Yes,2,Graduate,No,Unemployed,Poor,Urban,Medical,360,46024,27252,173135,Rejected
LOAN01756,58,Female,Yes,0,Graduate,No,Salaried,Good,Urban,Education,360,35569,29791,168007,Approved
LOAN01757,52,Female,Yes,0,Graduate,No,Business Owner,Poor,Urban,Home,360,44153,11313,127936,Rejected
LOAN01758,31,Female,Yes,0,Graduate,No,Salaried,Good,Urban,Vehicle,180,19436,14546,41378,Approved
LOAN01759,65,Male,Yes,0,Graduate,No,Business Owner,Average,Urban,Home,240,54034,12295,221630,Rejected
LOAN01760,45,Male,Yes,2,Graduate,No,Salaried,Good,Urban,Personal,300,46368,14595,129164,Approved
LOAN01761,53,Female,Yes,0,Graduate,No,Salaried,Good,Urban,Business,360,77107,14088,171794,Approved
LOAN01762,58,Male,No,1,Graduate,No,Business Owner,Good,Semiurban,Vehicle,360,24966,2159,137016,Approved
LOAN01763,61,Male,No,2,Graduate,No,Salaried,Good,Semiurban,Home,240,27911,4679,61374,Approved
LOAN01764,28,Female,Yes,1,Not Graduate,No,Salaried,Average,Urban,Business,360,16271,6172,88821,Rejected
LOAN01765,31,Female,Yes,0,Graduate,Yes,Salaried,Good,Semiurban,Business,360,25069,15639,117393,Approved
LOAN01766,42,Female,Yes,1,Not Graduate,No,Salaried,Good,Rural,Personal,180,69247,16958,224690,Approved
LOAN01767,44,Male,Yes,0,Graduate,Yes,Unemployed,Good,Rural,Home,360,41472,6680,99419,Approved
LOAN01768,61,Female,No,0,Graduate,No,Business Owner,Good,Urban,Personal,240,26190,2445,149618,Approved
LOAN01769,37,Male,No,3+,Graduate,No,Government,Poor,Rural,Personal,360,38557,5530,125982,Rejected
LOAN01770,32,Male,Yes,0,Not Graduate,No,Salaried,Average,Urban,Vehicle,240,35323,7944,131960,Approved
LOAN01771,52,Female,Yes,0,Graduate,No,Government,Poor,Urban,Vehicle,240,15381,8534,81165,Rejected
LOAN01772,35,Male,Yes,3+,Not Graduate,No,Business Owner,Good,Urban,Business,60,16686,8293,94678,Approved
LOAN01773,36,Male,No,0,Graduate,No,Business Owner,Good,Urban,Home,360,59757,7726,232204,Approved
LOAN01774,42,Male,Yes,1,Graduate,No,Business Owner,Good,Semiurban,Home,360,50588,21204,239975,Approved
LOAN01775,48,Female,No,0,Graduate,Yes,Freelancer,Good,Semiurban,Personal,120,18619,4341,87248,Approved
LOAN01776,40,Female,No,0,Graduate,Yes,Business Owner,Good,Semiurban,Vehicle,360,34300,15468,150149,Approved
LOAN01777,53,Female,Yes,0,Graduate,Yes,Salaried,Average,Urban,Home,360,26316,24412,165051,Rejected
LOAN01778,30,Female,Yes,0,Graduate,No,Salaried,Good,Urban,Business,360,59277,18429,290966,Approved
LOAN01779,60,Male,No,0,Graduate,No,Business Owner,Good,Urban,Education,120,44418,8707,107056,Approved
LOAN01780,52,Male,Yes,2,Not Graduate,No,Business Owner,Good,Urban,Home,240,22091,19457,121756,Approved
LOAN01781,53,Male,Yes,1,Graduate,No,Salaried,Good,Rural,Business,360,38335,8032,167664,Approved
LOAN01782,22,Male,Yes,3+,Not Graduate,No,Salaried,Average,Rural,Home,180,35650,6299,76141,Approved
LOAN01783,53,Male,No,0,Graduate,No,Business Owner,Good,Rural,Home,300,35694,4031,171914,Approved
LOAN01784,53,Female,No,1,Graduate,No,Government,Good,Semiurban,Education,240,28867,2424,117120,Approved
LOAN01785,61,Male,No,1,Not Graduate,No,Salaried,Good,Semiurban,Business,180,36723,3947,161053,Approved
LOAN01786,33,Male,No,3+,Not Graduate,No,Salaried,Poor,Urban,Home,240,24764,2887,90276,Rejected
LOAN01787,50,Male,No,0,Not Graduate,Yes,Government,Poor,Semiurban,Education,360,21279,4838,54604,Rejected
LOAN01788,53,Male,No,1,Graduate,Yes,Business Owner,Average,Semiurban,Home,240,20724,5409,97202,Approved
LOAN01789,33,Female,Yes,2,Graduate,Yes,Salaried,Good,Rural,Home,180,22650,6813,74220,Approved
LOAN01790,46,Male,Yes,0,Graduate,No,Government,Good,Semiurban,Home,300,43916,11786,146873,Approved
LOAN01791,42,Male,No,3+,Graduate,Yes,Business Owner,Good,Urban,Home,360,44456,31185,238148,Rejected
LOAN01792,59,Female,No,0,Graduate,No,Business Owner,Poor,Rural,Home,360,70069,3224,251844,Rejected
LOAN01793,22,Male,Yes,2,Not Graduate,No,Unemployed,Poor,Rural,Personal,360,32767,11238,105091,Rejected
LOAN01794,58,Male,Yes,3+,Not Graduate,Yes,Government,Average,Semiurban,Education,120,49793,3211,112930,Rejected
LOAN01795,59,Male,No,1,Graduate,No,Salaried,Good,Semiurban,Home,240,37093,1275,162641,Approved
LOAN01796,46,Female,No,0,Graduate,No,Salaried,Poor,Urban,Home,360,41557,5701,121900,Rejected
LOAN01797,35,Female,Yes,0,Not Graduate,Yes,Salaried,Good,Semiurban,Home,360,52248,34541,232360,Approved
LOAN01798,54,Female,Yes,3+,Graduate,No,Salaried,Average,Urban,Vehicle,360,47189,12648,225947,Approved
LOAN01799,62,Male,Yes,1,Graduate,No,Salaried,Good,Urban,Education,120,38132,3784,186715,Approved
LOAN01800,64,Female,Yes,0,Graduate,No,Salaried,Good,Semiurban,Home,240,27554,12554,56934,Approved
LOAN01801,60,Male,Yes,2,Graduate,No,Government,Good,Urban,Education,120,41114,12145,190160,Approved
LOAN01802,31,Male,Yes,1,Not Graduate,No,Government,Good,Semiurban,Business,360,67100,15724,162573,Approved
LOAN01803,23,Male,Yes,0,Graduate,No,Business Owner,Good,Rural,Home,120,39297,53219,203689,Approved
LOAN01804,26,Male,Yes,0,Graduate,No,Business Owner,Average,Urban,Business,180,30397,7927,80868,Approved
LOAN01805,29,Male,No,0,Graduate,No,Salaried,Good,Semiurban,Education,240,52556,5404,166842,Approved
LOAN01806,26,Female,No,1,Not Graduate,No,Salaried,Good,Semiurban,Home,300,19471,2207,75957,Approved
LOAN01807,29,Female,Yes,1,Not Graduate,No,Salaried,Good,Urban,Business,240,30885,32707,136962,Approved
LOAN01808,59,Male,Yes,1,Graduate,No,Freelancer,Good,Semiurban,Vehicle,300,23357,16361,122151,Approved
LOAN01809,51,Male,No,2,Graduate,No,Salaried,Poor,Semiurban,Business,360,34383,4749,101178,Rejected
LOAN01810,52,Male,Yes,2,Graduate,No,Government,Good,Semiurban,Home,240,63635,19750,244832,Approved
LOAN01811,61,Male,No,1,Graduate,No,Business Owner,Good,Rural,Business,300,48455,2071,233484,Approved
LOAN01812,32,Female,No,0,Graduate,No,Salaried,Poor,Semiurban,Education,240,15669,8049,124447,Approved
LOAN01813,28,Male,Yes,2,Graduate,No,Salaried,Average,Rural,Vehicle,240,27490,6000,107564,Approved
LOAN01814,28,Female,No,0,Graduate,No,Business Owner,Good,Semiurban,Business,360,18498,6039,79788,Approved
LOAN01815,48,Male,Yes,1,Graduate,No,Government,Average,Urban,Home,300,58468,13104,162995,Approved
LOAN01816,40,Male,Yes,1,Graduate,No,Freelancer,Average,Semiurban,Business,360,27942,25095,125435,Approved
LOAN01817,27,Male,No,0,Not Graduate,No,Salaried,Average,Urban,Vehicle,360,37577,1678,137680,Approved
LOAN01818,31,Male,Yes,3+,Graduate,No,Business Owner,Good,Semiurban,Education,360,38400,13921,161126,Approved
LOAN01819,40,Male,No,0,Graduate,No,Salaried,Poor,Semiurban,Personal,240,39840,3264,195569,Rejected
LOAN01820,36,Female,Yes,2,Not Graduate,No,Unemployed,Good,Semiurban,Personal,300,9880,12511,105261,Approved
LOAN01821,24,Male,Yes,0,Graduate,No,Freelancer,Good,Urban,Home,360,42724,8629,153933,Approved
LOAN01822,26,Female,Yes,3+,Graduate,Yes,Business Owner,Good,Semiurban,Personal,180,28373,15400,146074,Approved
LOAN01823,42,Male,No,0,Graduate,No,Salaried,Good,Urban,Education,240,53136,4887,136114,Approved
LOAN01824,46,Male,Yes,0,Graduate,No,Business Owner,Poor,Semiurban,Vehicle,360,39785,13394,155669,Rejected
LOAN01825,23,Male,Yes,0,Not Graduate,Yes,Salaried,Good,Rural,Personal,60,48255,9781,233747,Approved
LOAN01826,61,Female,No,0,Graduate,No,Salaried,Good,Rural,Business,240,26169,2171,87088,Approved
LOAN01827,62,Male,Yes,0,Not Graduate,No,Salaried,Good,Urban,Education,360,21851,8589,104928,Approved
LOAN01828,34,Female,No,1,Graduate,No,Government,Good,Semiurban,Personal,360,54212,2708,162144,Approved
LOAN01829,31,Male,Yes,0,Graduate,No,Business Owner,Poor,Semiurban,Home,360,46795,19859,223089,Rejected
LOAN01830,38,Female,No,0,Graduate,No,Salaried,Good,Rural,Home,240,40135,2530,89325,Approved
LOAN01831,32,Male,No,0,Graduate,No,Government,Good,Semiurban,Education,300,40109,2767,141775,Approved
LOAN01832,43,Female,Yes,2,Graduate,No,Salaried,Average,Urban,Personal,120,43883,2835,134335,Approved
LOAN01833,32,Female,Yes,2,Graduate,No,Salaried,Average,Semiurban,Personal,180,20302,8007,94831,Approved
LOAN01834,33,Female,No,2,Graduate,No,Salaried,Good,Semiurban,Home,360,58924,2606,224742,Approved
LOAN01835,45,Male,Yes,2,Graduate,No,Business Owner,Good,Semiurban,Personal,180,33883,9392,144625,Approved
LOAN01836,65,Male,No,0,Not Graduate,Yes,Business Owner,Average,Rural,Home,240,34321,4069,146856,Rejected
LOAN01837,39,Male,Yes,0,Graduate,No,Business Owner,Average,Urban,Medical,360,30087,4170,141221,Rejected
LOAN01838,56,Female,Yes,0,Not Graduate,No,Freelancer,Average,Rural,Business,360,11953,16372,93014,Rejected
LOAN01839,65,Female,Yes,2,Graduate,No,Salaried,Poor,Urban,Home,360,47044,7662,206413,Rejected
LOAN01840,28,Female,No,3+,Graduate,No,Government,Average,Rural,Home,360,23173,1951,81356,Approved
LOAN01841,49,Male,Yes,1,Not Graduate,No,Salaried,Average,Rural,Home,360,38125,5394,71904,Rejected
LOAN01842,52,Male,No,0,Graduate,No,Government,Poor,Semiurban,Home,180,25107,1414,108400,Approved
LOAN01843,64,Male,No,0,Graduate,No,Freelancer,Good,Semiurban,Vehicle,300,31114,2274,90289,Approved
LOAN01844,38,Female,Yes,0,Graduate,No,Freelancer,Good,Urban,Home,240,30345,15988,160236,Approved
LOAN01845,26,Female,Yes,1,Graduate,No,Business Owner,Good,Urban,Medical,240,24847,7560,132844,Approved
LOAN01846,38,Female,No,0,Graduate,No,Freelancer,Good,Urban,Business,360,32805,2380,144648,Approved
LOAN01847,39,Male,Yes,3+,Not Graduate,No,Salaried,Average,Urban,Vehicle,300,29249,23146,88665,Rejected
LOAN01848,42,Female,No,0,Graduate,No,Government,Average,Semiurban,Home,120,22738,5791,73141,Approved
LOAN01849,57,Female,Yes,3+,Not Graduate,No,Salaried,Average,Urban,Personal,240,61561,6010,254206,Rejected
LOAN01850,52,Male,Yes,2,Graduate,No,Salaried,Poor,Rural,Business,180,25320,4455,142774,Rejected
LOAN01851,61,Female,No,2,Graduate,No,Business Owner,Good,Semiurban,Personal,360,46767,10732,223334,Approved
LOAN01852,23,Female,Yes,1,Graduate,No,Freelancer,Average,Semiurban,Medical,360,49055,8634,240458,Approved
LOAN01853,48,Female,Yes,1,Not Graduate,No,Salaried,Good,Semiurban,Home,360,55037,17287,199200,Approved
LOAN01854,30,Female,Yes,1,Not Graduate,No,Government,Good,Urban,Home,300,28411,10829,148757,Approved
LOAN01855,55,Male,Yes,1,Graduate,No,Unemployed,Good,Urban,Personal,360,33209,10084,156868,Approved
LOAN01856,49,Male,Yes,1,Graduate,No,Business Owner,Average,Urban,Personal,360,33674,6316,178975,Rejected
LOAN01857,35,Female,No,3+,Graduate,Yes,Business Owner,Good,Rural,Business,360,46039,8877,68695,Approved
LOAN01858,53,Male,Yes,2,Graduate,No,Freelancer,Average,Semiurban,Education,360,32563,19651,157472,Approved
LOAN01859,27,Female,Yes,2,Graduate,No,Salaried,Good,Urban,Business,360,44637,18733,204406,Approved
LOAN01860,32,Female,No,3+,Not Graduate,No,Business Owner,Good,Rural,Home,360,32367,2639,75262,Approved
LOAN01861,50,Female,Yes,0,Graduate,No,Government,Good,Urban,Home,360,60038,13913,141086,Approved
LOAN01862,41,Female,Yes,0,Not Graduate,No,Unemployed,Good,Semiurban,Education,360,36124,2333,173860,Approved
LOAN01863,51,Male,No,1,Graduate,No,Government,Poor,Semiurban,Home,240,34220,1539,133494,Rejected
LOAN01864,44,Male,No,1,Graduate,No,Salaried,Good,Semiurban,Education,360,42310,1934,203871,Approved
LOAN01865,40,Male,Yes,2,Graduate,Yes,Salaried,Poor,Rural,Medical,360,75809,7722,158213,Rejected
LOAN01866,57,Male,No,0,Graduate,No,Salaried,Poor,Rural,Personal,360,27658,5847,82617,Rejected
LOAN01867,24,Male,Yes,1,Not Graduate,Yes,Salaried,Poor,Semiurban,Personal,360,57973,10042,192333,Rejected
LOAN01868,48,Male,Yes,1,Graduate,No,Salaried,Good,Urban,Personal,240,25137,6523,174804,Approved
LOAN01869,64,Female,Yes,0,Graduate,No,Salaried,Poor,Rural,Education,180,37039,6282,115425,Approved
LOAN01870,40,Female,Yes,1,Graduate,No,Business Owner,Good,Semiurban,Personal,240,25396,12823,156017,Approved
LOAN01871,44,Male,Yes,2,Graduate,No,Freelancer,Good,Urban,Personal,360,30727,17938,93779,Approved
LOAN01872,52,Male,Yes,0,Graduate,No,Freelancer,Good,Semiurban,Personal,180,26760,12893,108203,Approved
LOAN01873,61,Female,Yes,1,Not Graduate,No,Government,Poor,Urban,Vehicle,300,49722,5498,113677,Rejected
LOAN01874,56,Male,No,1,Graduate,No,Salaried,Good,Urban,Home,360,29035,3050,183332,Approved
LOAN01875,54,Male,Yes,0,Not Graduate,Yes,Salaried,Good,Rural,Home,360,46101,13262,144043,Approved
LOAN01876,56,Male,Yes,0,Graduate,No,Government,Good,Semiurban,Home,360,28651,16227,103372,Approved
LOAN01877,22,Female,Yes,3+,Graduate,No,Business Owner,Good,Urban,Medical,360,36225,9655,137732,Approved
LOAN01878,35,Male,Yes,0,Not Graduate,Yes,Business Owner,Good,Semiurban,Education,360,69977,6400,298844,Rejected
LOAN01879,54,Female,No,0,Graduate,No,Salaried,Average,Rural,Personal,360,25966,8016,112063,Rejected
LOAN01880,56,Male,Yes,0,Not Graduate,No,Salaried,Good,Urban,Education,360,26188,32451,107251,Approved
LOAN01881,26,Male,Yes,1,Graduate,No,Business Owner,Poor,Semiurban,Business,240,32507,21467,174518,Rejected
LOAN01882,59,Male,Yes,1,Graduate,No,Government,Average,Rural,Home,180,36029,35978,209085,Approved
LOAN01883,62,Male,No,1,Not Graduate,No,Government,Poor,Urban,Home,360,48019,2311,190811,Rejected
LOAN01884,32,Female,Yes,0,Not Graduate,No,Business Owner,Good,Semiurban,Education,360,37025,20309,105643,Approved
LOAN01885,23,Female,Yes,3+,Graduate,Yes,Business Owner,Good,Urban,Business,360,40552,23695,192673,Approved
LOAN01886,65,Female,Yes,0,Graduate,No,Government,Good,Semiurban,Home,300,21602,8166,123871,Approved
LOAN01887,38,Female,Yes,0,Graduate,No,Business Owner,Good,Rural,Vehicle,240,41594,6665,137847,Approved
LOAN01888,60,Female,Yes,1,Not Graduate,No,Business Owner,Average,Urban,Education,360,42097,6145,170743,Rejected
LOAN01889,41,Female,No,0,Graduate,No,Government,Good,Rural,Personal,180,49130,4262,134853,Approved
LOAN01890,35,Female,No,2,Not Graduate,No,Government,Average,Rural,Home,300,31327,8091,157144,Rejected
LOAN01891,53,Male,No,3+,Graduate,No,Government,Average,Urban,Business,300,36206,2449,121143,Approved
LOAN01892,55,Male,Yes,0,Graduate,No,Salaried,Good,Semiurban,Home,300,49904,5063,195276,Approved
LOAN01893,46,Male,Yes,2,Graduate,No,Business Owner,Average,Urban,Vehicle,360,22553,14088,100359,Rejected
LOAN01894,28,Female,Yes,2,Graduate,No,Government,Good,Rural,Education,360,16192,2813,64373,Approved
LOAN01895,56,Male,No,3+,Not Graduate,No,Salaried,Good,Semiurban,Business,360,22048,5667,49758,Approved
LOAN01896,50,Male,Yes,0,Graduate,Yes,Government,Average,Semiurban,Personal,360,27236,23148,94050,Approved
LOAN01897,43,Female,No,1,Not Graduate,Yes,Salaried,Poor,Semiurban,Home,360,58840,3519,253461,Rejected
LOAN01898,62,Female,Yes,0,Graduate,No,Government,Good,Semiurban,Home,360,90505,13135,267076,Approved
LOAN01899,64,Female,Yes,2,Not Graduate,No,Business Owner,Good,Rural,Vehicle,120,24119,9462,124297,Approved
LOAN01900,34,Male,Yes,0,Not Graduate,No,Salaried,Good,Semiurban,Business,180,34965,12004,190312,Approved
LOAN01901,34,Female,Yes,1,Graduate,No,Business Owner,Good,Rural,Home,360,28650,16014,111121,Approved
LOAN01902,22,Male,No,0,Graduate,No,Freelancer,Average,Semiurban,Education,240,45096,15349,196452,Rejected
LOAN01903,57,Male,No,0,Graduate,No,Business Owner,Average,Urban,Home,360,41190,5268,173252,Approved
LOAN01904,25,Male,Yes,1,Not Graduate,No,Salaried,Average,Rural,Home,300,24478,3693,117376,Rejected
LOAN01905,58,Male,Yes,2,Not Graduate,No,Government,Average,Semiurban,Education,360,27460,11498,117337,Rejected
LOAN01906,65,Male,No,1,Graduate,No,Business Owner,Good,Semiurban,Personal,360,34052,4297,194148,Approved
LOAN01907,61,Female,No,2,Not Graduate,Yes,Business Owner,Good,Rural,Education,180,63172,9706,183300,Approved
LOAN01908,34,Male,Yes,0,Graduate,Yes,Salaried,Good,Urban,Business,240,27060,4542,107158,Approved
LOAN01909,59,Female,Yes,1,Graduate,Yes,Government,Average,Semiurban,Personal,360,18068,13051,124485,Approved
LOAN01910,45,Female,Yes,1,Not Graduate,No,Salaried,Average,Urban,Home,240,65275,17983,140654,Rejected
LOAN01911,40,Male,Yes,0,Graduate,Yes,Business Owner,Average,Semiurban,Vehicle,240,45423,33473,223354,Approved
LOAN01912,22,Male,Yes,1,Not Graduate,No,Government,Good,Rural,Personal,360,21519,31698,98760,Approved
LOAN01913,59,Male,Yes,1,Graduate,No,Salaried,Good,Rural,Home,360,41683,25244,169198,Approved
LOAN01914,26,Female,Yes,1,Graduate,No,Business Owner,Poor,Semiurban,Education,360,52326,10833,149136,Rejected
LOAN01915,37,Male,Yes,2,Graduate,No,Salaried,Good,Rural,Medical,300,37880,21363,132214,Approved
LOAN01916,45,Male,Yes,1,Graduate,No,Freelancer,Average,Rural,Medical,240,67048,12908,315784,Rejected
LOAN01917,48,Male,No,0,Not Graduate,No,Business Owner,Good,Semiurban,Home,300,46625,3110,214773,Rejected
LOAN01918,22,Female,No,0,Graduate,No,Government,Good,Urban,Home,300,41667,4380,134634,Approved
LOAN01919,55,Female,Yes,1,Graduate,Yes,Government,Average,Semiurban,Home,300,39805,31098,178759,Approved
LOAN01920,57,Male,No,0,Graduate,No,Business Owner,Good,Rural,Education,180,38606,2160,159904,Approved
LOAN01921,25,Female,No,0,Graduate,No,Freelancer,Average,Rural,Education,360,53913,2730,224578,Approved
LOAN01922,21,Female,Yes,0,Not Graduate,No,Business Owner,Average,Semiurban,Business,360,33951,13969,153225,Rejected
LOAN01923,60,Female,Yes,1,Graduate,No,Salaried,Good,Rural,Personal,360,55675,3732,172358,Approved
LOAN01924,32,Female,No,0,Graduate,No,Business Owner,Average,Urban,Home,360,41788,4638,162382,Rejected
LOAN01925,56,Female,No,2,Not Graduate,No,Government,Good,Urban,Personal,240,38082,3632,123909,Approved
LOAN01926,65,Female,No,1,Graduate,Yes,Salaried,Good,Rural,Home,120,31615,2398,160165,Approved
LOAN01927,43,Female,No,0,Not Graduate,No,Salaried,Average,Urban,Home,360,31748,7488,160713,Approved
LOAN01928,51,Male,Yes,2,Graduate,Yes,Salaried,Good,Urban,Business,360,41922,6608,184681,Approved
LOAN01929,31,Male,Yes,1,Graduate,No,Salaried,Good,Semiurban,Home,360,57291,4441,213034,Approved
LOAN01930,30,Male,Yes,1,Not Graduate,No,Salaried,Poor,Semiurban,Education,120,45569,18364,178485,Rejected
LOAN01931,23,Female,Yes,1,Graduate,No,Business Owner,Good,Semiurban,Personal,360,26331,11123,146071,Approved
LOAN01932,34,Female,Yes,0,Graduate,No,Business Owner,Average,Urban,Home,120,17685,15910,122535,Rejected
LOAN01933,36,Male,No,2,Graduate,No,Business Owner,Average,Rural,Vehicle,300,50660,6047,141938,Rejected
LOAN01934,30,Female,Yes,0,Graduate,No,Salaried,Good,Rural,Home,240,121459,16970,446706,Approved
LOAN01935,49,Male,No,3+,Graduate,No,Business Owner,Good,Urban,Home,360,32076,5249,87089,Approved
LOAN01936,30,Male,Yes,2,Not Graduate,No,Government,Good,Semiurban,Business,300,29477,24460,129339,Approved
LOAN01937,32,Female,Yes,1,Graduate,No,Unemployed,Good,Semiurban,Personal,360,52535,13069,233182,Approved
LOAN01938,50,Male,Yes,0,Graduate,No,Business Owner,Average,Semiurban,Education,240,24652,5845,99482,Rejected
LOAN01939,61,Male,Yes,0,Not Graduate,Yes,Salaried,Average,Urban,Business,240,71203,11767,306368,Rejected
LOAN01940,21,Female,No,0,Graduate,No,Unemployed,Good,Semiurban,Personal,360,43719,4915,191912,Approved
LOAN01941,25,Female,No,1,Graduate,No,Freelancer,Good,Urban,Vehicle,180,35883,2387,158671,Approved
LOAN01942,40,Male,No,0,Not Graduate,Yes,Salaried,Poor,Urban,Home,360,25633,2683,81287,Approved
LOAN01943,28,Female,Yes,1,Not Graduate,Yes,Salaried,Good,Semiurban,Vehicle,240,54010,38528,251720,Approved
LOAN01944,63,Female,Yes,0,Graduate,Yes,Salaried,Average,Semiurban,Business,360,29736,6128,144417,Approved
LOAN01945,32,Male,Yes,3+,Graduate,No,Salaried,Average,Semiurban,Vehicle,180,49968,8456,142299,Approved
LOAN01946,21,Male,Yes,0,Graduate,No,Salaried,Good,Rural,Education,240,43460,15316,178214,Approved
LOAN01947,40,Female,No,3+,Graduate,No,Government,Good,Urban,Home,360,64935,3457,259792,Approved
LOAN01948,48,Male,No,3+,Graduate,No,Business Owner,Average,Rural,Business,240,39009,1691,116540,Approved
LOAN01949,63,Female,No,1,Not Graduate,No,Freelancer,Good,Urban,Education,120,147614,3674,500000,Approved
LOAN01950,57,Female,Yes,2,Not Graduate,No,Government,Good,Semiurban,Business,360,46618,3035,187003,Approved
LOAN01951,57,Female,No,0,Not Graduate,No,Government,Average,Rural,Personal,300,38786,4615,130339,Rejected
LOAN01952,32,Male,Yes,1,Graduate,No,Government,Average,Semiurban,Personal,60,30483,3479,133361,Approved
LOAN01953,57,Female,No,0,Not Graduate,No,Unemployed,Good,Semiurban,Education,360,53879,2465,158134,Approved
LOAN01954,64,Male,Yes,0,Graduate,No,Salaried,Good,Semiurban,Education,360,30792,4414,127255,Approved
LOAN01955,48,Male,Yes,1,Graduate,No,Unemployed,Good,Rural,Business,180,25632,6814,118373,Approved
LOAN01956,35,Male,Yes,1,Graduate,No,Freelancer,Good,Semiurban,Business,360,29410,7413,146673,Approved
LOAN01957,26,Male,No,1,Graduate,Yes,Salaried,Good,Rural,Medical,360,33307,3461,119674,Approved
LOAN01958,64,Female,Yes,0,Not Graduate,Yes,Freelancer,Good,Rural,Business,120,99948,22730,431460,Approved
LOAN01959,40,Male,Yes,0,Graduate,No,Freelancer,Good,Semiurban,Home,60,41424,14164,109779,Approved
LOAN01960,34,Male,No,0,Graduate,No,Government,Good,Semiurban,Business,300,26972,1855,88722,Approved
LOAN01961,22,Female,Yes,0,Not Graduate,No,Salaried,Good,Urban,Business,360,59276,7747,125821,Approved
LOAN01962,29,Male,Yes,0,Graduate,No,Business Owner,Good,Urban,Business,180,39531,21017,171084,Approved
LOAN01963,57,Female,Yes,0,Not Graduate,Yes,Salaried,Good,Semiurban,Business,360,65033,11545,224430,Approved
LOAN01964,40,Male,Yes,0,Graduate,Yes,Salaried,Good,Rural,Home,360,85844,38231,417923,Approved
LOAN01965,46,Female,No,2,Graduate,Yes,Salaried,Poor,Semiurban,Home,240,18559,7154,79558,Approved
LOAN01966,49,Female,No,0,Not Graduate,No,Business Owner,Good,Rural,Home,300,12472,4391,71583,Rejected
LOAN01967,21,Male,Yes,1,Graduate,No,Government,Average,Urban,Education,360,88979,5225,327948,Approved
LOAN01968,55,Male,No,0,Graduate,No,Salaried,Poor,Semiurban,Home,180,26654,7113,86660,Rejected
LOAN01969,26,Male,Yes,3+,Graduate,No,Business Owner,Good,Semiurban,Personal,300,16910,20384,82385,Approved
LOAN01970,57,Female,Yes,1,Graduate,No,Salaried,Average,Semiurban,Home,360,28676,22188,185146,Approved
LOAN01971,25,Male,Yes,0,Graduate,No,Salaried,Good,Rural,Personal,180,23496,33017,148242,Approved
LOAN01972,53,Male,Yes,1,Graduate,No,Business Owner,Good,Urban,Home,120,25652,14286,104248,Approved
LOAN01973,34,Male,Yes,0,Graduate,No,Salaried,Good,Urban,Home,60,53374,22959,148293,Approved
LOAN01974,32,Male,No,1,Not Graduate,No,Business Owner,Good,Semiurban,Education,240,30893,2291,155351,Approved
LOAN01975,62,Male,No,0,Graduate,Yes,Salaried,Good,Semiurban,Home,120,17535,10911,58134,Approved
LOAN01976,40,Female,Yes,3+,Graduate,Yes,Salaried,Good,Rural,Personal,360,36851,4410,143109,Approved
LOAN01977,44,Male,Yes,0,Graduate,Yes,Business Owner,Average,Rural,Home,360,24760,9520,97888,Approved
LOAN01978,63,Male,No,0,Not Graduate,Yes,Business Owner,Poor,Urban,Education,120,32461,10402,153303,Rejected
LOAN01979,54,Female,No,2,Not Graduate,No,Salaried,Good,Semiurban,Personal,240,33308,5609,90896,Approved
LOAN01980,45,Female,No,0,Graduate,No,Business Owner,Good,Semiurban,Education,60,53128,3255,195519,Approved
LOAN01981,49,Male,Yes,2,Not Graduate,No,Government,Good,Rural,Home,180,28928,5947,118389,Approved
LOAN01982,59,Male,No,1,Graduate,No,Freelancer,Good,Rural,Home,240,49712,5271,202599,Rejected
LOAN01983,51,Male,Yes,2,Graduate,No,Salaried,Average,Semiurban,Education,240,17716,5387,115067,Approved
LOAN01984,63,Female,Yes,0,Graduate,No,Business Owner,Good,Semiurban,Home,360,54418,26024,216919,Approved
LOAN01985,43,Male,Yes,2,Graduate,No,Freelancer,Good,Urban,Education,240,65155,9927,188059,Approved
LOAN01986,64,Female,Yes,2,Graduate,No,Salaried,Average,Urban,Personal,300,32741,14404,103953,Approved
LOAN01987,58,Female,Yes,0,Graduate,No,Government,Average,Semiurban,Personal,180,25125,26098,140187,Approved
LOAN01988,40,Female,Yes,0,Not Graduate,No,Government,Good,Semiurban,Home,60,22361,15649,111931,Approved
LOAN01989,43,Male,Yes,0,Not Graduate,No,Government,Good,Semiurban,Home,360,35901,10096,144397,Approved
LOAN01990,65,Male,No,3+,Graduate,No,Government,Good,Semiurban,Home,120,62770,6369,271467,Approved
LOAN01991,36,Male,Yes,0,Not Graduate,No,Freelancer,Good,Semiurban,Business,360,29983,6121,84894,Approved
LOAN01992,62,Male,Yes,1,Graduate,No,Business Owner,Good,Semiurban,Education,180,59883,3438,264196,Approved
LOAN01993,28,Female,Yes,0,Graduate,Yes,Freelancer,Good,Urban,Personal,360,21631,21755,132058,Approved
LOAN01994,41,Female,No,0,Graduate,Yes,Government,Poor,Urban,Vehicle,360,31002,2093,140346,Rejected
LOAN01995,21,Female,Yes,1,Graduate,No,Freelancer,Good,Urban,Home,180,35610,19017,199717,Approved
LOAN01996,28,Female,Yes,3+,Graduate,No,Salaried,Good,Rural,Business,240,40030,11905,111313,Approved
LOAN01997,49,Male,Yes,1,Not Graduate,No,Salaried,Good,Urban,Home,360,31265,10843,165026,Approved
LOAN01998,52,Male,No,2,Graduate,Yes,Government,Good,Rural,Home,120,63639,5687,175465,Approved
LOAN01999,58,Male,No,1,Graduate,No,Salaried,Good,Urban,Home,360,64091,2392,297053,Approved
LOAN02000,25,Female,Yes,0,Graduate,No,Freelancer,Good,Semiurban,Home,120,33568,11028,202601,Approved
LOAN02001,42,Female,Yes,0,Graduate,No,Unemployed,Good,Rural,Business,180,28732,12322,77897,Approved
LOAN02002,54,Female,No,1,Not Graduate,No,Freelancer,Good,Semiurban,Business,180,27717,12167,142949,Approved
LOAN02003,21,Male,Yes,3+,Graduate,No,Unemployed,Good,Urban,Home,360,57842,17089,155953,Approved
LOAN02004,46,Male,Yes,2,Not Graduate,No,Freelancer,Good,Urban,Medical,180,26923,17753,128105,Approved
LOAN02005,63,Female,Yes,0,Not Graduate,No,Salaried,Good,Rural,Education,120,18814,14623,90614,Approved
LOAN02006,30,Male,Yes,0,Graduate,Yes,Government,Good,Semiurban,Home,360,20121,8407,73338,Approved
LOAN02007,50,Female,Yes,0,Graduate,Yes,Salaried,Good,Semiurban,Home,240,49028,18319,206799,Approved
LOAN02008,38,Female,Yes,3+,Not Graduate,No,Salaried,Good,Semiurban,Business,240,19645,15877,92228,Approved
LOAN02009,37,Female,No,2,Not Graduate,No,Salaried,Average,Urban,Medical,180,30348,7721,142689,Approved
LOAN02010,46,Male,No,2,Graduate,No,Salaried,Average,Urban,Business,360,38024,4272,104191,Approved
LOAN02011,28,Male,Yes,0,Not Graduate,No,Salaried,Good,Semiurban,Personal,360,17035,34888,145668,Approved
LOAN02012,60,Male,No,1,Not Graduate,No,Salaried,Average,Semiurban,Education,240,39420,2694,76762,Rejected
LOAN02013,32,Male,Yes,1,Graduate,No,Business Owner,Good,Urban,Education,180,31381,21853,147812,Approved
LOAN02014,47,Male,Yes,0,Graduate,No,Government,Average,Rural,Business,360,15394,7182,89834,Approved
LOAN02015,28,Female,Yes,1,Not Graduate,Yes,Salaried,Good,Rural,Vehicle,360,39650,11794,180520,Approved
LOAN02016,45,Female,No,0,Graduate,No,Salaried,Good,Rural,Education,240,43395,1354,182990,Approved
LOAN02017,24,Male,No,0,Graduate,No,Freelancer,Good,Urban,Personal,60,39462,2106,175262,Approved
LOAN02018,53,Male,No,3+,Graduate,No,Freelancer,Good,Urban,Home,180,45567,1280,103849,Approved
LOAN02019,21,Male,No,2,Graduate,No,Government,Poor,Rural,Education,360,40788,4340,74577,Rejected
LOAN02020,39,Male,No,0,Graduate,No,Salaried,Good,Urban,Business,360,50441,2154,192180,Approved
LOAN02021,51,Female,No,1,Not Graduate,No,Government,Good,Urban,Business,60,23727,11618,92571,Approved
LOAN02022,36,Male,No,0,Graduate,No,Business Owner,Good,Rural,Home,240,19369,5721,64041,Approved
LOAN02023,34,Male,No,2,Graduate,No,Business Owner,Good,Urban,Education,120,21534,4216,87228,Approved
LOAN02024,25,Male,Yes,2,Graduate,No,Salaried,Good,Semiurban,Education,240,25198,3442,141682,Approved
LOAN02025,61,Female,Yes,2,Graduate,No,Salaried,Good,Semiurban,Vehicle,240,90209,25062,380779,Approved
LOAN02026,46,Female,Yes,2,Graduate,No,Salaried,Good,Rural,Vehicle,360,25299,14203,100427,Approved
LOAN02027,48,Male,Yes,0,Graduate,No,Salaried,Average,Urban,Vehicle,120,28716,8310,134615,Approved
LOAN02028,22,Male,Yes,0,Graduate,No,Business Owner,Good,Rural,Home,360,32681,8939,111411,Rejected
LOAN02029,26,Female,Yes,1,Graduate,No,Government,Good,Semiurban,Medical,240,30929,5235,69187,Approved
LOAN02030,29,Female,No,0,Graduate,No,Freelancer,Good,Semiurban,Personal,360,82195,12067,314209,Approved
LOAN02031,53,Male,Yes,2,Graduate,No,Business Owner,Poor,Urban,Home,300,16705,16460,63340,Rejected
LOAN02032,61,Female,Yes,0,Not Graduate,No,Business Owner,Good,Urban,Home,120,97092,31162,435594,Approved
LOAN02033,45,Female,Yes,0,Graduate,No,Salaried,Good,Semiurban,Home,360,38759,10371,103456,Approved
LOAN02034,33,Female,No,0,Graduate,Yes,Unemployed,Poor,Semiurban,Education,120,55975,6192,252406,Rejected
LOAN02035,29,Female,Yes,3+,Not Graduate,No,Business Owner,Good,Rural,Personal,360,36650,22371,129825,Approved
LOAN02036,33,Female,Yes,0,Graduate,No,Salaried,Good,Semiurban,Vehicle,360,52411,5457,208976,Approved
LOAN02037,51,Male,No,1,Graduate,No,Salaried,Good,Semiurban,Personal,120,23743,14219,85041,Approved
LOAN02038,61,Female,Yes,0,Graduate,No,Business Owner,Poor,Semiurban,Home,360,19737,6948,57810,Rejected
LOAN02039,31,Female,Yes,0,Graduate,Yes,Business Owner,Poor,Rural,Business,360,116647,11834,244231,Rejected
LOAN02040,24,Female,Yes,1,Not Graduate,No,Salaried,Average,Semiurban,Home,360,85911,19188,211225,Approved
LOAN02041,54,Male,Yes,2,Not Graduate,Yes,Government,Good,Urban,Home,360,22602,4059,146386,Approved
LOAN02042,58,Female,No,1,Graduate,No,Freelancer,Good,Rural,Vehicle,240,50134,8251,223880,Approved
LOAN02043,24,Female,Yes,3+,Graduate,No,Freelancer,Good,Semiurban,Home,360,61148,13573,170812,Approved
LOAN02044,58,Male,Yes,0,Graduate,No,Salaried,Average,Semiurban,Business,360,48878,11896,188625,Approved
LOAN02045,39,Female,Yes,0,Not Graduate,Yes,Salaried,Poor,Semiurban,Business,360,33066,24529,199006,Rejected
LOAN02046,26,Female,Yes,3+,Not Graduate,No,Government,Good,Semiurban,Personal,360,90312,6806,333865,Approved
LOAN02047,54,Female,No,0,Graduate,No,Government,Average,Urban,Home,120,49486,3769,137888,Approved
LOAN02048,38,Male,Yes,1,Graduate,Yes,Salaried,Good,Urban,Vehicle,180,23919,5916,138870,Approved
LOAN02049,33,Male,Yes,2,Graduate,No,Salaried,Good,Rural,Medical,360,30513,15057,104189,Approved
LOAN02050,61,Female,Yes,0,Graduate,Yes,Salaried,Good,Urban,Personal,360,22438,8128,105024,Approved
LOAN02051,43,Male,Yes,2,Graduate,No,Salaried,Good,Semiurban,Vehicle,300,34602,6476,166847,Approved
LOAN02052,39,Female,Yes,0,Graduate,No,Freelancer,Good,Urban,Business,360,34102,6085,69892,Approved
LOAN02053,65,Male,No,0,Graduate,No,Unemployed,Good,Urban,Education,360,51017,1587,187391,Approved
LOAN02054,31,Male,No,0,Not Graduate,Yes,Salaried,Average,Urban,Vehicle,360,50680,6069,157467,Rejected
LOAN02055,21,Male,No,2,Not Graduate,No,Salaried,Average,Semiurban,Vehicle,360,43250,11305,124584,Rejected
LOAN02056,44,Female,No,0,Graduate,No,Government,Poor,Semiurban,Business,360,42729,2342,141516,Approved
LOAN02057,27,Male,No,2,Graduate,No,Salaried,Average,Urban,Vehicle,360,58074,6498,257677,Approved
LOAN02058,45,Male,Yes,3+,Not Graduate,No,Unemployed,Good,Urban,Education,360,32806,18975,189250,Rejected
LOAN02059,41,Male,No,1,Graduate,No,Freelancer,Good,Rural,Home,60,12371,2803,25000,Approved
LOAN02060,35,Male,No,1,Graduate,No,Government,Poor,Semiurban,Business,180,93895,2409,208541,Approved
LOAN02061,21,Female,No,1,Graduate,No,Salaried,Good,Rural,Home,180,24105,3776,68841,Approved
LOAN02062,32,Female,Yes,0,Graduate,No,Salaried,Average,Rural,Education,60,49660,11191,218144,Approved
LOAN02063,27,Male,Yes,1,Graduate,No,Business Owner,Average,Rural,Home,180,31155,4487,147861,Rejected
LOAN02064,35,Female,No,1,Graduate,Yes,Business Owner,Average,Rural,Education,360,68126,1464,291327,Approved
LOAN02065,41,Male,No,3+,Graduate,Yes,Salaried,Good,Urban,Personal,360,23558,7295,104479,Approved
LOAN02066,39,Female,No,3+,Graduate,No,Unemployed,Good,Rural,Business,240,26374,7183,132441,Approved
LOAN02067,49,Female,Yes,2,Graduate,Yes,Government,Average,Rural,Home,360,29028,17530,105232,Rejected
LOAN02068,45,Female,Yes,3+,Graduate,Yes,Freelancer,Average,Rural,Education,300,46604,4324,110949,Rejected
LOAN02069,53,Male,Yes,1,Not Graduate,Yes,Salaried,Average,Urban,Home,180,40150,4422,166101,Approved
LOAN02070,52,Female,No,1,Graduate,No,Freelancer,Good,Rural,Education,360,46833,2834,171331,Rejected
LOAN02071,55,Male,Yes,3+,Graduate,No,Freelancer,Good,Rural,Education,240,38447,6955,179544,Approved
LOAN02072,64,Female,Yes,0,Graduate,No,Salaried,Average,Rural,Personal,360,55238,7936,186997,Approved
LOAN02073,58,Male,No,3+,Graduate,No,Government,Average,Urban,Home,240,55657,2679,160244,Approved
LOAN02074,46,Female,Yes,0,Graduate,No,Salaried,Good,Urban,Vehicle,300,71791,7797,234259,Approved
LOAN02075,31,Female,No,1,Not Graduate,No,Salaried,Good,Rural,Personal,360,42392,5687,209674,Approved
LOAN02076,55,Female,Yes,2,Graduate,No,Salaried,Poor,Semiurban,Medical,180,42301,14681,218252,Rejected
LOAN02077,28,Male,No,3+,Graduate,Yes,Government,Good,Urban,Home,360,80431,4737,141385,Approved
LOAN02078,34,Female,Yes,0,Graduate,Yes,Business Owner,Average,Rural,Business,120,62245,11226,269646,Rejected
LOAN02079,30,Male,No,2,Graduate,Yes,Salaried,Good,Urban,Home,300,45864,10718,164952,Approved
LOAN02080,22,Female,No,1,Graduate,Yes,Salaried,Good,Semiurban,Education,360,19390,3375,86770,Approved
LOAN02081,29,Male,Yes,0,Graduate,No,Salaried,Average,Urban,Home,360,17023,5965,78235,Rejected
LOAN02082,23,Male,Yes,2,Graduate,No,Salaried,Good,Urban,Personal,180,47845,8894,215249,Approved
LOAN02083,41,Female,Yes,1,Graduate,No,Business Owner,Good,Urban,Home,180,48741,6828,205563,Rejected
LOAN02084,46,Male,No,1,Graduate,No,Salaried,Good,Urban,Business,360,26232,6489,87670,Approved
LOAN02085,28,Male,No,0,Graduate,No,Salaried,Average,Urban,Business,120,42585,2479,164792,Approved
LOAN02086,22,Male,Yes,1,Graduate,No,Government,Good,Semiurban,Medical,300,24079,11057,99998,Approved
LOAN02087,26,Male,Yes,1,Graduate,No,Business Owner,Good,Rural,Business,360,46980,10345,142485,Approved
LOAN02088,48,Female,Yes,0,Graduate,No,Freelancer,Poor,Semiurban,Home,360,47534,31545,211011,Rejected
LOAN02089,49,Female,No,0,Graduate,No,Salaried,Good,Urban,Home,180,47396,9584,224740,Approved
LOAN02090,46,Male,No,3+,Graduate,Yes,Salaried,Good,Urban,Home,300,42234,2526,151186,Approved
LOAN02091,45,Male,Yes,1,Not Graduate,No,Business Owner,Good,Rural,Vehicle,360,31813,5627,79449,Approved
LOAN02092,32,Male,Yes,2,Not Graduate,No,Salaried,Poor,Rural,Vehicle,360,33016,8186,111219,Rejected
LOAN02093,25,Male,Yes,0,Graduate,Yes,Salaried,Good,Urban,Business,360,61181,6700,186165,Approved
LOAN02094,54,Female,Yes,0,Graduate,Yes,Government,Good,Urban,Home,240,43770,16049,116628,Approved
LOAN02095,57,Female,Yes,0,Graduate,No,Government,Good,Semiurban,Vehicle,180,45236,4517,145686,Approved
LOAN02096,35,Male,Yes,0,Graduate,No,Salaried,Average,Rural,Business,240,37757,17474,157169,Approved
LOAN02097,64,Male,Yes,1,Graduate,No,Salaried,Average,Semiurban,Medical,300,48686,15030,170742,Approved
LOAN02098,56,Male,Yes,1,Graduate,Yes,Unemployed,Good,Semiurban,Business,240,55911,37543,300935,Approved
LOAN02099,35,Female,Yes,1,Not Graduate,No,Salaried,Good,Semiurban,Home,300,27376,32267,165968,Approved
LOAN02100,63,Female,Yes,0,Not Graduate,No,Business Owner,Average,Rural,Education,360,47417,6777,132721,Rejected
LOAN02101,43,Male,Yes,1,Graduate,No,Unemployed,Good,Urban,Home,360,32803,22974,152919,Approved
LOAN02102,26,Male,No,0,Graduate,Yes,Unemployed,Poor,Rural,Vehicle,180,41824,5830,98845,Rejected
LOAN02103,64,Female,No,0,Graduate,No,Business Owner,Good,Urban,Vehicle,360,52884,7665,225966,Approved
LOAN02104,63,Female,Yes,3+,Not Graduate,No,Salaried,Average,Semiurban,Home,360,18897,30701,121179,Rejected
LOAN02105,65,Male,Yes,1,Not Graduate,No,Salaried,Good,Semiurban,Home,60,22299,6940,84954,Approved
LOAN02106,41,Male,No,1,Not Graduate,No,Government,Average,Semiurban,Home,120,26991,4018,116479,Approved
LOAN02107,43,Male,No,0,Graduate,No,Government,Good,Semiurban,Personal,360,26143,8390,96724,Approved
LOAN02108,63,Female,Yes,3+,Graduate,No,Business Owner,Good,Urban,Home,240,33757,18634,141517,Approved
LOAN02109,36,Male,Yes,1,Graduate,No,Freelancer,Good,Urban,Home,180,77775,38622,236140,Approved
LOAN02110,35,Male,Yes,2,Graduate,No,Freelancer,Good,Semiurban,Home,120,61716,15428,217868,Approved
LOAN02111,45,Female,Yes,0,Graduate,No,Freelancer,Good,Semiurban,Education,180,27966,24856,134076,Approved
LOAN02112,56,Male,Yes,3+,Graduate,Yes,Government,Good,Urban,Vehicle,360,53691,21702,161032,Approved
LOAN02113,31,Female,Yes,2,Graduate,No,Freelancer,Average,Rural,Personal,360,35616,7158,118952,Rejected
LOAN02114,35,Male,No,2,Graduate,No,Business Owner,Good,Urban,Home,300,42391,2615,144588,Approved
LOAN02115,24,Male,Yes,0,Graduate,No,Salaried,Average,Semiurban,Vehicle,360,23356,14711,88611,Approved
LOAN02116,41,Female,Yes,0,Graduate,No,Freelancer,Good,Urban,Education,360,20044,5432,69814,Approved
LOAN02117,33,Male,Yes,0,Graduate,No,Business Owner,Good,Semiurban,Medical,360,50491,26025,189665,Approved
LOAN02118,42,Female,Yes,0,Graduate,No,Salaried,Good,Urban,Home,240,36856,8080,178066,Approved
LOAN02119,39,Female,Yes,2,Graduate,No,Government,Poor,Semiurban,Home,360,45944,9604,167743,Approved
LOAN02120,54,Male,Yes,0,Graduate,No,Freelancer,Average,Urban,Business,180,74398,9338,157612,Rejected
LOAN02121,34,Female,No,0,Graduate,No,Government,Good,Urban,Home,240,32615,6664,106430,Approved
LOAN02122,24,Male,Yes,0,Not Graduate,No,Salaried,Average,Rural,Home,120,32750,63437,217010,Approved
LOAN02123,47,Female,No,0,Graduate,No,Business Owner,Good,Semiurban,Vehicle,180,80491,1885,247403,Approved
LOAN02124,49,Male,No,0,Graduate,No,Salaried,Good,Urban,Vehicle,120,36594,1718,87215,Approved
LOAN02125,48,Female,Yes,2,Graduate,No,Government,Good,Urban,Education,240,25299,12066,103346,Approved
LOAN02126,55,Male,Yes,1,Not Graduate,No,Salaried,Good,Rural,Business,360,50567,6517,149312,Approved
LOAN02127,28,Male,Yes,0,Graduate,Yes,Freelancer,Good,Urban,Business,240,32632,8560,111590,Approved
LOAN02128,36,Female,No,0,Graduate,No,Government,Average,Rural,Business,360,25080,10993,100148,Rejected
LOAN02129,62,Female,No,0,Graduate,No,Salaried,Good,Semiurban,Business,360,37811,2542,142280,Approved
LOAN02130,56,Male,No,0,Graduate,No,Unemployed,Average,Urban,Business,300,52681,2792,218646,Approved
LOAN02131,50,Male,Yes,2,Not Graduate,Yes,Government,Good,Semiurban,Home,180,21555,13040,99673,Approved
LOAN02132,38,Female,No,2,Graduate,No,Salaried,Good,Rural,Home,360,21331,7050,106285,Approved
LOAN02133,22,Female,Yes,2,Not Graduate,No,Salaried,Average,Urban,Education,120,35030,10681,171674,Rejected
LOAN02134,33,Male,Yes,2,Not Graduate,No,Salaried,Average,Semiurban,Education,360,22137,13036,93725,Rejected
LOAN02135,24,Male,Yes,0,Graduate,No,Salaried,Poor,Semiurban,Vehicle,360,20451,10201,71353,Approved
LOAN02136,46,Male,Yes,3+,Graduate,No,Government,Good,Rural,Education,240,36416,12018,141783,Approved
LOAN02137,45,Female,No,2,Graduate,No,Unemployed,Average,Semiurban,Home,180,59738,6966,150383,Approved
LOAN02138,50,Male,Yes,3+,Not Graduate,Yes,Salaried,Average,Urban,Home,240,51772,7303,163752,Rejected
LOAN02139,31,Male,Yes,0,Graduate,No,Business Owner,Good,Urban,Home,360,34609,4533,141383,Approved
LOAN02140,27,Female,Yes,3+,Not Graduate,Yes,Business Owner,Good,Urban,Vehicle,360,64677,5876,230049,Approved
LOAN02141,51,Male,No,2,Graduate,No,Salaried,Good,Urban,Education,360,79279,5803,250607,Approved
LOAN02142,64,Male,No,2,Graduate,No,Salaried,Good,Urban,Vehicle,240,45299,3377,191680,Approved
LOAN02143,30,Male,Yes,0,Not Graduate,No,Salaried,Good,Semiurban,Education,240,30798,3860,152411,Approved
LOAN02144,59,Male,Yes,2,Graduate,No,Business Owner,Poor,Urban,Personal,60,73363,15944,264910,Rejected
LOAN02145,33,Male,Yes,3+,Graduate,Yes,Freelancer,Good,Urban,Medical,360,71923,7254,227513,Approved
LOAN02146,51,Female,No,2,Graduate,No,Freelancer,Average,Semiurban,Business,240,40702,3491,197153,Approved
LOAN02147,27,Male,Yes,1,Graduate,Yes,Salaried,Average,Urban,Personal,240,62962,8491,291583,Rejected
LOAN02148,62,Female,Yes,3+,Graduate,Yes,Government,Good,Urban,Business,360,25551,11143,144820,Approved
LOAN02149,62,Female,Yes,0,Graduate,No,Freelancer,Good,Urban,Personal,300,14325,14920,101611,Approved
LOAN02150,56,Female,Yes,1,Graduate,Yes,Government,Good,Urban,Personal,360,23458,23215,77047,Approved
LOAN02151,40,Male,No,1,Not Graduate,No,Salaried,Average,Rural,Medical,180,39853,822,75289,Rejected
LOAN02152,24,Male,Yes,3+,Not Graduate,No,Government,Poor,Semiurban,Business,300,35123,7556,136537,Rejected
LOAN02153,27,Male,Yes,0,Graduate,Yes,Government,Good,Urban,Vehicle,360,55985,14866,143966,Approved
LOAN02154,21,Male,Yes,1,Not Graduate,Yes,Salaried,Average,Urban,Business,360,18610,4221,91658,Rejected
LOAN02155,64,Male,Yes,2,Graduate,No,Salaried,Good,Urban,Home,240,18774,3903,107932,Approved
LOAN02156,65,Female,No,2,Graduate,No,Government,Average,Semiurban,Education,120,51177,4853,133322,Approved
LOAN02157,62,Male,Yes,1,Graduate,No,Freelancer,Good,Semiurban,Personal,240,19031,16343,114326,Approved
LOAN02158,33,Male,No,3+,Not Graduate,No,Government,Good,Semiurban,Home,360,32150,5720,147011,Approved
LOAN02159,42,Male,No,3+,Not Graduate,No,Government,Good,Urban,Business,120,36719,4333,75835,Approved
LOAN02160,41,Female,Yes,0,Graduate,No,Business Owner,Good,Urban,Education,360,27100,7918,127723,Approved
LOAN02161,42,Male,Yes,0,Graduate,No,Salaried,Good,Semiurban,Education,300,47100,28354,208804,Approved
LOAN02162,48,Female,Yes,0,Graduate,No,Salaried,Average,Rural,Personal,360,14359,30657,168527,Rejected
LOAN02163,29,Male,No,0,Graduate,No,Unemployed,Good,Rural,Personal,60,82815,2648,285524,Approved
LOAN02164,46,Female,Yes,1,Graduate,No,Salaried,Good,Urban,Business,360,31302,7257,155317,Approved
LOAN02165,29,Female,Yes,3+,Graduate,No,Salaried,Good,Semiurban,Home,300,33637,5970,121098,Approved
LOAN02166,35,Male,Yes,2,Not Graduate,No,Freelancer,Average,Semiurban,Education,240,122041,14168,393747,Rejected
LOAN02167,30,Male,No,0,Graduate,No,Freelancer,Average,Rural,Education,360,19694,4159,70690,Approved
LOAN02168,44,Male,Yes,0,Not Graduate,No,Salaried,Average,Urban,Education,180,22691,5307,107999,Rejected
LOAN02169,62,Male,Yes,1,Graduate,No,Salaried,Good,Semiurban,Home,300,68325,8180,153114,Approved
LOAN02170,28,Female,Yes,1,Graduate,No,Business Owner,Good,Urban,Business,240,18026,14829,45750,Approved
LOAN02171,44,Female,Yes,0,Not Graduate,Yes,Salaried,Average,Semiurban,Home,300,45380,26403,210240,Rejected
LOAN02172,36,Female,No,3+,Not Graduate,No,Government,Good,Urban,Business,360,27644,8334,98773,Approved
LOAN02173,46,Female,Yes,3+,Graduate,No,Salaried,Good,Rural,Home,120,17549,14735,112326,Approved
LOAN02174,47,Male,No,0,Graduate,No,Government,Good,Rural,Education,360,46032,2658,181107,Approved
LOAN02175,57,Male,No,3+,Not Graduate,Yes,Government,Average,Urban,Home,360,46645,1134,140126,Approved
LOAN02176,24,Female,Yes,0,Graduate,No,Freelancer,Average,Semiurban,Medical,360,36338,7854,107702,Rejected
LOAN02177,44,Male,No,2,Graduate,Yes,Salaried,Average,Urban,Business,120,92142,10396,391106,Rejected
LOAN02178,39,Female,Yes,1,Graduate,No,Business Owner,Good,Semiurban,Home,240,25664,20314,112160,Approved
LOAN02179,56,Male,Yes,0,Not Graduate,No,Salaried,Good,Urban,Business,360,53635,13180,145734,Approved
LOAN02180,59,Male,No,3+,Not Graduate,Yes,Salaried,Poor,Urban,Personal,180,42079,3308,182404,Rejected
LOAN02181,30,Female,Yes,1,Not Graduate,No,Government,Good,Rural,Vehicle,360,56229,15673,159912,Approved
LOAN02182,45,Male,No,2,Graduate,No,Business Owner,Good,Urban,Vehicle,120,28945,3215,116213,Approved
LOAN02183,38,Female,Yes,0,Graduate,No,Government,Good,Semiurban,Home,240,19475,3577,115282,Approved
LOAN02184,39,Female,No,0,Graduate,No,Salaried,Good,Rural,Business,360,26718,4009,137374,Approved
LOAN02185,56,Female,Yes,0,Not Graduate,No,Salaried,Good,Rural,Vehicle,360,35288,22191,122764,Approved
LOAN02186,30,Female,Yes,1,Graduate,No,Unemployed,Good,Rural,Business,360,49336,19795,173152,Approved
LOAN02187,53,Female,Yes,2,Graduate,No,Business Owner,Good,Urban,Personal,360,36599,13716,212874,Approved
LOAN02188,25,Female,No,0,Graduate,No,Business Owner,Good,Rural,Home,360,40006,14102,129822,Approved
LOAN02189,55,Male,No,2,Graduate,No,Business Owner,Average,Urban,Home,300,78945,5810,222065,Approved
LOAN02190,64,Male,Yes,2,Not Graduate,Yes,Salaried,Good,Rural,Personal,360,35922,10212,188092,Approved
LOAN02191,54,Female,No,2,Graduate,No,Freelancer,Good,Semiurban,Business,360,28579,7153,135789,Approved
LOAN02192,53,Male,Yes,1,Not Graduate,No,Salaried,Average,Rural,Home,360,44274,13777,126773,Rejected
LOAN02193,41,Male,Yes,3+,Graduate,No,Business Owner,Poor,Urban,Education,240,16779,18812,130207,Rejected
LOAN02194,37,Male,No,1,Not Graduate,No,Business Owner,Good,Semiurban,Personal,360,16763,4974,80306,Rejected
LOAN02195,42,Female,No,1,Not Graduate,No,Government,Average,Rural,Home,240,34190,2612,79645,Approved
LOAN02196,57,Female,No,0,Graduate,No,Business Owner,Good,Rural,Home,60,23866,3762,127732,Approved
LOAN02197,35,Male,No,0,Not Graduate,No,Salaried,Good,Urban,Home,180,27620,5844,106930,Approved
LOAN02198,55,Female,Yes,0,Graduate,No,Business Owner,Good,Rural,Personal,180,55307,7808,261084,Approved
LOAN02199,48,Female,No,1,Not Graduate,No,Salaried,Good,Urban,Personal,240,46019,8607,164047,Approved
LOAN02200,27,Female,Yes,0,Not Graduate,No,Salaried,Average,Semiurban,Business,360,35079,37060,216176,Rejected
LOAN02201,52,Female,Yes,0,Not Graduate,No,Salaried,Good,Semiurban,Business,360,37697,14848,191247,Approved
LOAN02202,31,Female,Yes,2,Graduate,No,Business Owner,Good,Urban,Home,180,30000,12520,111421,Approved
LOAN02203,30,Male,Yes,0,Graduate,No,Salaried,Average,Urban,Home,360,53221,25519,140577,Approved
LOAN02204,29,Female,Yes,0,Graduate,No,Business Owner,Good,Rural,Personal,300,51878,2348,136733,Approved
LOAN02205,34,Male,Yes,0,Graduate,Yes,Government,Average,Urban,Home,300,56722,9944,243523,Approved
LOAN02206,33,Female,Yes,2,Not Graduate,No,Freelancer,Average,Urban,Education,240,55560,8105,166473,Approved
LOAN02207,45,Female,Yes,0,Not Graduate,No,Salaried,Good,Rural,Business,360,37210,6539,188968,Approved
LOAN02208,22,Male,Yes,1,Not Graduate,No,Salaried,Poor,Rural,Home,240,26524,4371,89970,Rejected
LOAN02209,55,Male,Yes,1,Graduate,No,Freelancer,Good,Semiurban,Business,120,33682,9591,158382,Approved
LOAN02210,27,Female,Yes,2,Not Graduate,No,Government,Good,Urban,Business,240,38272,16583,192221,Approved
LOAN02211,41,Male,No,1,Not Graduate,Yes,Salaried,Good,Urban,Vehicle,360,26814,3076,157967,Rejected
LOAN02212,38,Female,No,2,Not Graduate,No,Government,Good,Semiurban,Home,360,75617,10191,207071,Approved
LOAN02213,23,Male,No,0,Graduate,No,Business Owner,Good,Semiurban,Home,180,75787,1774,288247,Approved
LOAN02214,62,Male,Yes,0,Graduate,No,Business Owner,Good,Semiurban,Business,180,34405,22020,162098,Approved
LOAN02215,59,Female,No,0,Graduate,No,Unemployed,Good,Rural,Medical,360,57751,1756,143221,Approved
LOAN02216,61,Female,Yes,0,Graduate,No,Freelancer,Good,Semiurban,Home,360,46724,3556,197349,Approved
LOAN02217,31,Female,Yes,0,Graduate,No,Government,Average,Urban,Medical,240,29043,4238,96025,Approved
LOAN02218,59,Male,Yes,0,Not Graduate,No,Salaried,Average,Rural,Vehicle,360,43713,8114,163969,Rejected
LOAN02219,44,Female,No,1,Graduate,No,Business Owner,Average,Semiurban,Personal,360,25632,6991,47734,Rejected
LOAN02220,39,Female,Yes,1,Graduate,Yes,Business Owner,Average,Semiurban,Home,180,24441,7675,89349,Approved
LOAN02221,24,Female,Yes,0,Graduate,No,Salaried,Good,Rural,Home,360,45008,21660,138274,Approved
LOAN02222,46,Female,Yes,2,Not Graduate,No,Business Owner,Good,Rural,Home,60,45250,4444,226242,Rejected
LOAN02223,58,Female,No,0,Not Graduate,No,Salaried,Good,Semiurban,Education,360,122069,3073,211194,Approved
LOAN02224,62,Male,No,0,Not Graduate,No,Salaried,Average,Urban,Medical,240,33862,9947,210299,Rejected
LOAN02225,52,Male,Yes,1,Graduate,No,Salaried,Good,Rural,Home,180,28623,5185,123451,Approved
LOAN02226,59,Female,Yes,0,Graduate,No,Freelancer,Good,Semiurban,Business,360,55008,10067,174525,Approved
LOAN02227,65,Male,Yes,0,Not Graduate,No,Government,Poor,Semiurban,Home,360,35908,26887,206595,Rejected
LOAN02228,56,Female,No,0,Graduate,Yes,Business Owner,Average,Semiurban,Vehicle,180,27135,4346,117439,Rejected
LOAN02229,60,Male,Yes,3+,Graduate,No,Business Owner,Good,Semiurban,Home,120,27900,7627,144291,Approved
LOAN02230,57,Female,No,2,Graduate,Yes,Salaried,Good,Rural,Home,240,33497,4716,85788,Approved
LOAN02231,53,Female,Yes,0,Graduate,No,Government,Poor,Semiurban,Home,360,58367,21808,283415,Rejected
LOAN02232,56,Male,No,2,Graduate,Yes,Business Owner,Good,Rural,Vehicle,360,44101,2722,221315,Approved
LOAN02233,23,Male,Yes,2,Graduate,No,Government,Good,Rural,Home,300,24959,14296,105133,Approved
LOAN02234,29,Male,Yes,1,Graduate,Yes,Government,Good,Rural,Home,360,82919,11759,190835,Approved
LOAN02235,28,Female,Yes,2,Graduate,No,Salaried,Good,Semiurban,Home,360,24141,10239,140706,Approved
LOAN02236,53,Female,Yes,0,Graduate,No,Business Owner,Average,Rural,Medical,300,26061,8110,90331,Approved
LOAN02237,26,Male,Yes,0,Graduate,No,Unemployed,Good,Urban,Business,360,61400,35646,308177,Approved
LOAN02238,61,Female,No,1,Graduate,No,Salaried,Good,Urban,Vehicle,300,71247,7427,245269,Approved
LOAN02239,59,Male,Yes,1,Graduate,No,Freelancer,Good,Rural,Business,360,42578,6438,150758,Approved
LOAN02240,24,Male,No,1,Graduate,No,Unemployed,Good,Semiurban,Home,180,20317,4291,115351,Approved
LOAN02241,33,Female,No,1,Graduate,Yes,Salaried,Good,Urban,Business,240,37934,1853,97321,Approved
LOAN02242,22,Male,Yes,3+,Graduate,No,Government,Average,Urban,Home,180,19630,2797,81651,Approved
LOAN02243,25,Male,No,3+,Graduate,No,Government,Good,Urban,Education,360,111094,5445,269778,Approved
LOAN02244,64,Male,No,3+,Graduate,No,Freelancer,Good,Rural,Business,240,41325,3426,120582,Approved
LOAN02245,47,Male,Yes,2,Not Graduate,No,Salaried,Average,Semiurban,Business,240,52087,7636,113176,Rejected
LOAN02246,52,Male,No,3+,Graduate,No,Salaried,Good,Urban,Home,360,30742,9681,139118,Approved
LOAN02247,41,Male,Yes,0,Graduate,No,Salaried,Good,Rural,Home,360,81842,26413,207282,Approved
LOAN02248,28,Female,Yes,0,Graduate,No,Government,Average,Urban,Vehicle,360,28966,6523,166628,Approved
LOAN02249,58,Male,No,1,Not Graduate,No,Government,Good,Rural,Vehicle,180,24675,6862,121673,Approved
LOAN02250,28,Female,Yes,2,Graduate,Yes,Business Owner,Good,Semiurban,Home,360,41656,13527,144861,Approved
LOAN02251,23,Male,Yes,1,Graduate,No,Salaried,Good,Semiurban,Home,240,53962,16938,234968,Approved
LOAN02252,64,Male,Yes,2,Graduate,Yes,Salaried,Poor,Urban,Personal,60,94647,17696,328484,Rejected
LOAN02253,23,Female,No,0,Not Graduate,No,Freelancer,Good,Urban,Vehicle,240,75089,4485,269351,Rejected
LOAN02254,42,Female,No,0,Not Graduate,No,Freelancer,Good,Rural,Medical,300,62180,6634,196704,Approved
LOAN02255,26,Male,Yes,2,Graduate,No,Government,Good,Urban,Home,180,26680,12142,127074,Approved
LOAN02256,22,Female,No,0,Graduate,No,Freelancer,Good,Rural,Education,300,26427,4692,76904,Approved
LOAN02257,43,Female,No,0,Graduate,No,Government,Good,Semiurban,Home,360,24464,2105,85598,Approved
LOAN02258,64,Female,Yes,0,Not Graduate,No,Freelancer,Good,Semiurban,Business,240,33935,12520,156315,Approved
LOAN02259,22,Male,Yes,0,Graduate,No,Business Owner,Good,Semiurban,Home,240,15352,7951,93415,Approved
LOAN02260,58,Male,No,2,Graduate,Yes,Salaried,Good,Urban,Home,240,67135,2421,181033,Approved
LOAN02261,37,Male,No,0,Not Graduate,No,Government,Good,Semiurban,Home,360,22901,2858,84556,Approved
LOAN02262,55,Female,No,1,Not Graduate,No,Freelancer,Good,Rural,Vehicle,120,21663,7600,87136,Approved
LOAN02263,54,Male,Yes,0,Not Graduate,No,Salaried,Good,Urban,Education,240,30254,17422,187126,Approved
LOAN02264,43,Female,Yes,2,Not Graduate,No,Salaried,Good,Semiurban,Business,240,19849,6183,127513,Approved
LOAN02265,50,Male,Yes,0,Not Graduate,No,Salaried,Average,Semiurban,Personal,360,48530,18184,120627,Approved
LOAN02266,28,Male,Yes,1,Graduate,No,Business Owner,Poor,Semiurban,Vehicle,120,23513,12001,125447,Rejected
LOAN02267,42,Female,Yes,2,Not Graduate,No,Salaried,Good,Urban,Education,240,45509,21696,188639,Rejected
LOAN02268,64,Male,No,0,Not Graduate,No,Salaried,Good,Semiurban,Medical,240,55061,3577,237578,Rejected
LOAN02269,56,Female,Yes,3+,Graduate,No,Business Owner,Good,Rural,Education,360,28362,15523,140723,Rejected
LOAN02270,25,Female,No,1,Graduate,No,Salaried,Good,Urban,Home,180,26295,4129,46298,Approved
LOAN02271,33,Female,Yes,0,Not Graduate,No,Government,Good,Semiurban,Medical,360,25312,7883,122979,Approved
LOAN02272,49,Female,Yes,0,Graduate,No,Business Owner,Good,Semiurban,Home,180,22315,6367,107357,Approved
LOAN02273,51,Female,Yes,3+,Not Graduate,No,Business Owner,Average,Semiurban,Business,360,30057,17748,119520,Rejected
LOAN02274,36,Female,Yes,2,Graduate,No,Salaried,Good,Semiurban,Home,360,37433,6541,179646,Approved
LOAN02275,62,Female,Yes,0,Graduate,No,Salaried,Good,Semiurban,Business,360,19490,8941,106256,Approved
LOAN02276,50,Male,No,0,Graduate,No,Salaried,Average,Urban,Business,240,27204,3065,66537,Approved
LOAN02277,36,Male,No,2,Graduate,No,Government,Average,Rural,Home,240,38988,10257,114131,Approved
LOAN02278,32,Male,Yes,2,Graduate,No,Government,Good,Rural,Business,180,36887,16407,131135,Approved
LOAN02279,37,Male,Yes,2,Graduate,No,Salaried,Good,Urban,Vehicle,360,10935,4299,51181,Approved
LOAN02280,36,Female,No,0,Graduate,Yes,Business Owner,Good,Semiurban,Home,360,48297,5470,212334,Approved
LOAN02281,32,Female,Yes,2,Graduate,No,Salaried,Good,Rural,Education,240,63405,6882,238321,Approved
LOAN02282,28,Female,Yes,0,Graduate,No,Unemployed,Good,Rural,Home,360,28066,9539,130526,Approved
LOAN02283,40,Male,Yes,0,Graduate,Yes,Unemployed,Good,Rural,Personal,180,16635,3310,123226,Approved
LOAN02284,23,Female,No,1,Not Graduate,No,Business Owner,Good,Rural,Vehicle,360,25746,5377,90920,Approved
LOAN02285,36,Male,Yes,3+,Graduate,No,Freelancer,Average,Urban,Personal,240,25406,11342,142430,Rejected
LOAN02286,50,Female,Yes,0,Graduate,No,Government,Average,Rural,Home,240,62314,10091,201527,Approved
LOAN02287,65,Female,No,1,Graduate,No,Freelancer,Good,Rural,Home,300,22200,7342,131668,Approved
LOAN02288,43,Male,Yes,2,Graduate,No,Freelancer,Good,Urban,Home,360,30912,14921,154583,Approved
LOAN02289,48,Male,Yes,1,Graduate,No,Unemployed,Good,Urban,Home,360,77281,14825,199746,Approved
LOAN02290,60,Male,Yes,2,Graduate,No,Business Owner,Good,Semiurban,Business,300,39044,10836,185521,Approved
LOAN02291,25,Female,No,2,Not Graduate,No,Business Owner,Good,Semiurban,Medical,300,39657,4966,156429,Approved
LOAN02292,40,Female,Yes,0,Not Graduate,No,Government,Average,Urban,Education,120,34699,18153,96248,Approved
LOAN02293,60,Female,No,3+,Not Graduate,No,Freelancer,Average,Urban,Medical,240,56385,16950,183311,Rejected
LOAN02294,64,Male,No,2,Graduate,No,Freelancer,Average,Urban,Home,240,43557,2608,135327,Approved
LOAN02295,21,Male,Yes,2,Graduate,No,Salaried,Average,Semiurban,Personal,360,83625,11897,255202,Rejected
LOAN02296,50,Female,No,1,Graduate,No,Salaried,Poor,Urban,Home,360,87834,1164,357538,Rejected
LOAN02297,41,Female,Yes,2,Not Graduate,No,Salaried,Good,Rural,Personal,360,41822,10160,138581,Approved
LOAN02298,40,Male,Yes,0,Not Graduate,No,Business Owner,Poor,Urban,Home,360,35712,13283,184044,Rejected
LOAN02299,26,Male,Yes,0,Graduate,Yes,Business Owner,Good,Rural,Personal,180,39090,13705,147025,Approved
LOAN02300,42,Female,Yes,3+,Graduate,No,Unemployed,Good,Rural,Home,360,28144,8380,118747,Approved
LOAN02301,38,Male,Yes,0,Graduate,No,Business Owner,Good,Rural,Home,60,38568,7422,142493,Approved
LOAN02302,28,Male,Yes,0,Not Graduate,No,Government,Poor,Semiurban,Education,360,18978,16070,108620,Approved
LOAN02303,59,Male,Yes,2,Not Graduate,No,Salaried,Good,Urban,Education,180,26359,14366,102346,Approved
LOAN02304,52,Female,No,2,Graduate,No,Government,Good,Semiurban,Business,360,51737,4851,155551,Approved
LOAN02305,53,Female,Yes,0,Not Graduate,No,Business Owner,Good,Urban,Medical,300,46264,10968,231203,Approved
LOAN02306,36,Female,No,2,Graduate,No,Freelancer,Good,Rural,Business,240,34294,8269,136602,Approved
LOAN02307,32,Female,Yes,2,Not Graduate,Yes,Salaried,Good,Urban,Vehicle,360,43849,11014,128400,Approved
LOAN02308,58,Male,Yes,1,Not Graduate,No,Business Owner,Average,Semiurban,Home,120,71523,17356,252888,Rejected
LOAN02309,54,Male,Yes,2,Not Graduate,Yes,Business Owner,Poor,Rural,Business,180,30530,3063,115552,Rejected
LOAN02310,34,Female,Yes,0,Graduate,No,Business Owner,Average,Rural,Education,360,19037,10898,136205,Approved
LOAN02311,56,Male,Yes,0,Graduate,No,Government,Good,Rural,Personal,360,48158,16315,133980,Approved
LOAN02312,53,Female,No,0,Graduate,No,Government,Good,Semiurban,Education,240,46227,3426,166437,Approved
LOAN02313,43,Male,No,1,Graduate,Yes,Unemployed,Good,Semiurban,Business,240,51117,6937,127825,Approved
LOAN02314,65,Male,No,1,Not Graduate,No,Freelancer,Good,Semiurban,Home,300,21189,6779,133315,Rejected
LOAN02315,22,Male,Yes,2,Graduate,No,Unemployed,Good,Urban,Home,360,18488,10860,39767,Approved
LOAN02316,61,Male,No,2,Graduate,No,Government,Average,Rural,Education,240,40914,7809,115222,Approved
LOAN02317,41,Male,Yes,1,Not Graduate,No,Salaried,Good,Semiurban,Home,360,39645,16381,148784,Approved
LOAN02318,22,Male,Yes,2,Graduate,No,Salaried,Average,Urban,Home,300,30923,11347,97053,Approved
LOAN02319,47,Female,No,0,Graduate,No,Salaried,Poor,Rural,Home,120,69636,5782,191664,Rejected
LOAN02320,29,Male,No,0,Graduate,No,Salaried,Good,Semiurban,Personal,180,36154,7189,212827,Approved
LOAN02321,21,Female,Yes,3+,Graduate,No,Salaried,Poor,Rural,Home,300,63194,8920,279658,Approved
LOAN02322,31,Female,Yes,0,Graduate,No,Salaried,Average,Rural,Personal,360,53917,16984,151015,Rejected
LOAN02323,23,Female,Yes,0,Not Graduate,No,Freelancer,Good,Rural,Home,180,22238,21712,90925,Approved
LOAN02324,43,Female,No,2,Graduate,No,Salaried,Good,Urban,Home,360,24364,8787,126389,Approved
LOAN02325,46,Female,Yes,0,Not Graduate,No,Salaried,Good,Urban,Business,240,20394,6174,67245,Approved
LOAN02326,24,Male,No,3+,Graduate,Yes,Freelancer,Good,Rural,Business,300,44093,2164,165290,Approved
LOAN02327,38,Male,Yes,0,Graduate,No,Government,Good,Rural,Education,60,37955,2860,132583,Approved
LOAN02328,26,Male,Yes,0,Graduate,No,Unemployed,Good,Semiurban,Business,360,66672,11240,273982,Approved
LOAN02329,55,Female,Yes,0,Graduate,Yes,Business Owner,Good,Semiurban,Home,360,47467,21982,152612,Approved
LOAN02330,42,Female,Yes,1,Graduate,No,Business Owner,Good,Urban,Business,180,20250,10984,119629,Approved
LOAN02331,63,Male,Yes,0,Graduate,No,Salaried,Good,Rural,Business,360,29498,15460,160738,Approved
LOAN02332,35,Male,No,1,Graduate,No,Salaried,Good,Urban,Home,240,14049,2428,96156,Approved
LOAN02333,42,Female,No,3+,Graduate,No,Salaried,Good,Urban,Personal,360,41441,6046,131211,Approved
LOAN02334,57,Male,No,3+,Graduate,No,Salaried,Good,Semiurban,Vehicle,360,127496,4667,312266,Approved
LOAN02335,62,Female,No,0,Graduate,No,Unemployed,Good,Urban,Education,360,38518,9918,123774,Approved
LOAN02336,32,Female,No,1,Not Graduate,No,Salaried,Average,Rural,Personal,360,39757,5436,122882,Rejected
LOAN02337,62,Female,Yes,1,Not Graduate,Yes,Salaried,Good,Urban,Personal,360,36034,5164,146480,Approved
LOAN02338,58,Female,No,3+,Graduate,No,Salaried,Good,Urban,Business,360,42622,7360,107252,Approved
LOAN02339,38,Female,Yes,3+,Graduate,No,Freelancer,Good,Semiurban,Home,180,33850,12333,156323,Approved
LOAN02340,65,Male,Yes,0,Not Graduate,No,Salaried,Good,Semiurban,Personal,240,47956,24020,192715,Approved
LOAN02341,55,Female,Yes,2,Graduate,No,Business Owner,Good,Urban,Home,360,25653,14519,130407,Approved
LOAN02342,50,Female,Yes,0,Not Graduate,No,Salaried,Good,Semiurban,Home,360,26136,14551,171665,Approved
LOAN02343,44,Male,Yes,0,Graduate,No,Salaried,Average,Semiurban,Home,300,20300,12328,106910,Approved
LOAN02344,62,Male,No,0,Not Graduate,No,Salaried,Average,Rural,Vehicle,120,35788,22667,169900,Rejected
LOAN02345,50,Male,Yes,1,Graduate,No,Business Owner,Good,Urban,Personal,360,22079,16377,167153,Approved
LOAN02346,34,Male,Yes,1,Not Graduate,No,Salaried,Average,Rural,Business,360,69818,10772,174514,Rejected
LOAN02347,26,Female,Yes,0,Graduate,No,Government,Good,Semiurban,Medical,240,29914,6175,117845,Approved
LOAN02348,23,Female,Yes,2,Graduate,Yes,Business Owner,Poor,Urban,Home,180,14972,7366,50062,Rejected
LOAN02349,36,Male,Yes,0,Graduate,No,Freelancer,Good,Urban,Home,60,21787,5532,79956,Approved
LOAN02350,27,Male,Yes,1,Graduate,Yes,Salaried,Good,Semiurban,Business,180,38591,20657,129571,Approved
LOAN02351,34,Female,Yes,0,Not Graduate,No,Salaried,Good,Urban,Medical,360,48706,35856,257485,Approved
LOAN02352,29,Male,Yes,0,Graduate,No,Salaried,Good,Urban,Business,360,42585,21875,131358,Approved
LOAN02353,35,Male,No,0,Not Graduate,No,Business Owner,Average,Urban,Home,120,25083,14344,117678,Rejected
LOAN02354,41,Female,No,0,Graduate,No,Business Owner,Good,Semiurban,Home,360,28084,2667,142422,Approved
LOAN02355,55,Female,Yes,1,Not Graduate,No,Business Owner,Good,Semiurban,Home,360,26642,9186,112039,Approved
LOAN02356,22,Male,Yes,0,Graduate,No,Freelancer,Good,Urban,Home,240,46863,6052,130915,Approved
LOAN02357,47,Male,Yes,1,Not Graduate,No,Government,Good,Semiurban,Home,360,38267,35174,203659,Approved
LOAN02358,22,Male,No,0,Not Graduate,No,Freelancer,Good,Rural,Personal,360,29693,2713,86899,Approved
LOAN02359,55,Female,Yes,2,Graduate,No,Salaried,Poor,Urban,Business,360,26991,6570,107767,Approved
LOAN02360,38,Female,Yes,2,Not Graduate,No,Business Owner,Average,Rural,Business,300,28701,9727,134485,Rejected
LOAN02361,34,Male,No,0,Not Graduate,No,Salaried,Good,Semiurban,Home,360,36454,2820,127907,Approved
LOAN02362,40,Female,Yes,1,Graduate,No,Freelancer,Good,Rural,Home,240,66395,15697,228337,Approved
LOAN02363,38,Female,Yes,0,Graduate,No,Salaried,Good,Urban,Business,180,39497,7302,203084,Approved
LOAN02364,30,Male,Yes,1,Graduate,No,Salaried,Average,Rural,Personal,180,31211,3317,89288,Approved
LOAN02365,45,Male,No,0,Not Graduate,No,Government,Poor,Semiurban,Business,240,30136,1255,98424,Approved
LOAN02366,22,Female,No,1,Graduate,No,Business Owner,Good,Semiurban,Personal,120,78108,6449,279928,Approved
LOAN02367,45,Male,No,1,Graduate,No,Salaried,Average,Semiurban,Personal,240,52634,3661,154102,Approved
LOAN02368,53,Male,Yes,3+,Graduate,No,Salaried,Good,Urban,Home,360,56411,9366,227593,Approved
LOAN02369,56,Female,Yes,1,Graduate,No,Business Owner,Good,Rural,Home,360,50834,8863,228625,Approved
LOAN02370,51,Female,No,1,Not Graduate,No,Government,Poor,Semiurban,Business,120,35508,1451,123171,Approved
LOAN02371,34,Female,No,0,Not Graduate,No,Business Owner,Good,Urban,Education,240,62256,7054,227417,Approved
LOAN02372,21,Female,Yes,3+,Graduate,No,Unemployed,Good,Urban,Home,360,18760,25422,120868,Approved
LOAN02373,36,Female,No,2,Graduate,No,Salaried,Average,Urban,Education,240,72979,654,250188,Approved
LOAN02374,23,Male,Yes,0,Not Graduate,No,Business Owner,Good,Semiurban,Education,240,50714,5370,230436,Approved
LOAN02375,55,Female,Yes,2,Graduate,No,Government,Good,Semiurban,Personal,360,45191,13937,153260,Approved
LOAN02376,61,Male,No,0,Graduate,No,Business Owner,Poor,Semiurban,Home,60,25832,8967,94183,Rejected
LOAN02377,26,Male,Yes,2,Graduate,Yes,Salaried,Average,Urban,Home,240,55212,8215,209949,Rejected
LOAN02378,45,Female,No,2,Graduate,No,Business Owner,Average,Semiurban,Business,180,60796,4252,149676,Approved
LOAN02379,33,Female,Yes,0,Graduate,No,Business Owner,Good,Semiurban,Vehicle,180,26450,50988,209152,Approved
LOAN02380,54,Male,Yes,2,Not Graduate,No,Freelancer,Good,Urban,Business,360,26815,9422,172086,Approved
LOAN02381,28,Female,No,0,Graduate,No,Freelancer,Poor,Urban,Personal,240,22808,2661,111707,Rejected
LOAN02382,41,Male,No,0,Not Graduate,No,Government,Good,Urban,Vehicle,300,46472,8872,166642,Rejected
LOAN02383,54,Male,Yes,0,Graduate,No,Freelancer,Good,Rural,Business,360,34746,17290,85257,Approved
LOAN02384,24,Male,Yes,2,Graduate,No,Salaried,Good,Semiurban,Home,120,94383,10049,403854,Approved
LOAN02385,45,Female,Yes,0,Not Graduate,No,Salaried,Good,Rural,Education,180,18209,12664,86088,Approved
LOAN02386,35,Female,Yes,0,Graduate,No,Government,Good,Urban,Vehicle,360,24544,19953,80126,Approved
LOAN02387,24,Male,No,2,Graduate,No,Unemployed,Average,Rural,Personal,360,36513,3960,122140,Approved
LOAN02388,65,Female,No,0,Graduate,No,Salaried,Poor,Semiurban,Medical,240,48984,4394,248855,Rejected
LOAN02389,32,Male,Yes,0,Graduate,No,Business Owner,Good,Semiurban,Business,240,47997,7455,115104,Approved
LOAN02390,52,Female,Yes,0,Not Graduate,No,Salaried,Average,Urban,Business,360,37723,6873,125996,Approved
LOAN02391,52,Male,Yes,0,Graduate,No,Salaried,Average,Semiurban,Home,240,42556,31294,204411,Rejected
LOAN02392,48,Male,No,1,Not Graduate,No,Business Owner,Average,Rural,Home,180,38303,938,111409,Rejected
LOAN02393,33,Female,Yes,0,Graduate,No,Business Owner,Good,Urban,Home,240,58233,5784,221046,Rejected
LOAN02394,51,Male,Yes,3+,Graduate,No,Salaried,Good,Urban,Home,240,28274,10230,76860,Approved
LOAN02395,34,Male,Yes,2,Not Graduate,No,Government,Good,Semiurban,Education,120,29752,5294,139331,Approved
LOAN02396,40,Female,Yes,0,Not Graduate,No,Government,Good,Rural,Home,300,49526,9600,204096,Approved
LOAN02397,38,Female,Yes,0,Graduate,No,Unemployed,Good,Semiurban,Business,360,73685,7280,317318,Approved
LOAN02398,49,Male,Yes,0,Graduate,No,Salaried,Good,Urban,Business,300,27299,14862,125579,Approved
LOAN02399,26,Male,No,1,Graduate,No,Business Owner,Good,Semiurban,Business,120,40479,4054,195504,Approved
LOAN02400,52,Male,No,0,Graduate,No,Salaried,Good,Urban,Education,240,30629,2174,124835,Approved
LOAN02401,49,Male,No,0,Not Graduate,No,Salaried,Good,Rural,Home,360,46613,1310,196012,Approved
LOAN02402,63,Male,Yes,2,Not Graduate,No,Business Owner,Good,Rural,Medical,120,17351,11552,103769,Approved
LOAN02403,22,Female,Yes,0,Graduate,No,Government,Average,Semiurban,Home,120,31083,26763,147556,Approved
LOAN02404,43,Female,No,0,Not Graduate,No,Salaried,Good,Urban,Personal,240,28046,1891,161518,Approved
LOAN02405,39,Male,Yes,3+,Graduate,No,Unemployed,Average,Rural,Home,180,31130,10050,123856,Approved
LOAN02406,51,Male,No,1,Graduate,No,Government,Poor,Semiurban,Business,360,11585,4253,49410,Approved
LOAN02407,25,Male,No,0,Graduate,No,Freelancer,Average,Rural,Home,360,90310,3072,333383,Approved
LOAN02408,39,Male,Yes,2,Not Graduate,No,Freelancer,Average,Semiurban,Home,240,11821,17430,74411,Rejected
LOAN02409,54,Female,No,0,Not Graduate,No,Salaried,Poor,Rural,Education,360,44994,4908,187994,Rejected
LOAN02410,30,Male,No,2,Graduate,No,Freelancer,Good,Rural,Vehicle,240,20287,15405,88378,Approved
LOAN02411,45,Male,Yes,1,Graduate,No,Salaried,Poor,Urban,Home,180,20741,7298,135143,Rejected
LOAN02412,22,Female,Yes,2,Not Graduate,Yes,Government,Average,Rural,Business,180,38643,8588,122259,Rejected
LOAN02413,31,Male,Yes,3+,Graduate,No,Salaried,Average,Urban,Home,360,49566,10177,132132,Approved
LOAN02414,51,Female,Yes,3+,Graduate,Yes,Salaried,Good,Rural,Education,120,22383,16744,123091,Approved
LOAN02415,35,Male,Yes,3+,Not Graduate,No,Business Owner,Good,Rural,Personal,240,22057,9341,94732,Rejected
LOAN02416,29,Female,Yes,1,Not Graduate,No,Salaried,Average,Urban,Personal,180,20278,14986,142166,Approved
LOAN02417,43,Female,No,0,Graduate,No,Salaried,Good,Semiurban,Business,180,39999,7898,176927,Approved
LOAN02418,39,Female,Yes,1,Graduate,No,Business Owner,Average,Semiurban,Home,360,22669,7162,97428,Rejected
LOAN02419,29,Female,Yes,2,Graduate,No,Government,Good,Rural,Home,360,64856,21287,154403,Approved
LOAN02420,55,Male,No,3+,Graduate,Yes,Business Owner,Good,Rural,Medical,360,21608,5553,107575,Approved
LOAN02421,41,Male,Yes,0,Not Graduate,No,Salaried,Good,Semiurban,Home,360,46342,17120,225359,Approved
LOAN02422,29,Female,No,3+,Graduate,No,Salaried,Good,Rural,Personal,360,72773,7922,188649,Approved
LOAN02423,48,Female,Yes,2,Not Graduate,Yes,Salaried,Good,Urban,Education,120,37458,17720,142999,Approved
LOAN02424,27,Male,Yes,3+,Graduate,No,Business Owner,Good,Urban,Medical,180,16225,5781,87098,Rejected
LOAN02425,36,Male,Yes,3+,Graduate,No,Freelancer,Good,Semiurban,Education,240,43479,6361,166434,Approved
LOAN02426,36,Male,No,0,Graduate,No,Salaried,Good,Semiurban,Education,240,32505,7265,58495,Approved
LOAN02427,53,Male,Yes,0,Not Graduate,No,Salaried,Good,Urban,Business,240,35641,10487,146626,Approved
LOAN02428,24,Male,No,0,Graduate,No,Salaried,Poor,Semiurban,Medical,180,74141,3167,241431,Rejected
LOAN02429,24,Female,Yes,0,Graduate,Yes,Salaried,Average,Urban,Medical,180,37168,6300,97811,Approved
LOAN02430,59,Male,Yes,1,Graduate,No,Salaried,Average,Rural,Vehicle,300,45754,17724,200361,Approved
LOAN02431,60,Male,Yes,2,Graduate,Yes,Government,Good,Urban,Vehicle,360,26959,33498,143775,Approved
LOAN02432,37,Female,No,3+,Graduate,No,Salaried,Good,Semiurban,Business,240,32007,4386,142518,Approved
LOAN02433,57,Female,No,1,Graduate,No,Business Owner,Good,Semiurban,Vehicle,120,60200,9304,231334,Approved
LOAN02434,59,Female,Yes,0,Graduate,No,Business Owner,Poor,Rural,Personal,360,38613,25136,162152,Rejected
LOAN02435,49,Female,Yes,0,Graduate,No,Salaried,Average,Semiurban,Education,240,41293,13570,164729,Rejected
LOAN02436,56,Male,Yes,0,Graduate,No,Freelancer,Good,Rural,Business,180,56983,8436,239386,Approved
LOAN02437,58,Female,Yes,0,Graduate,No,Business Owner,Average,Rural,Business,240,75629,23515,300218,Approved
LOAN02438,59,Female,Yes,1,Graduate,No,Salaried,Good,Semiurban,Business,360,21588,9816,50785,Approved
LOAN02439,57,Male,No,0,Graduate,No,Government,Good,Urban,Personal,360,29109,9331,87746,Approved
LOAN02440,55,Female,No,0,Graduate,No,Salaried,Average,Rural,Education,360,69992,4785,329354,Rejected
LOAN02441,27,Female,Yes,0,Not Graduate,No,Government,Good,Semiurban,Home,240,89021,15052,388355,Rejected
LOAN02442,47,Male,Yes,1,Graduate,No,Business Owner,Good,Semiurban,Education,240,32277,7111,151161,Approved
LOAN02443,48,Male,No,1,Graduate,No,Business Owner,Average,Semiurban,Home,180,41032,12069,100845,Approved
LOAN02444,42,Male,No,1,Graduate,Yes,Government,Good,Rural,Education,360,42533,8950,122104,Approved
LOAN02445,34,Male,Yes,0,Not Graduate,No,Government,Good,Rural,Personal,360,40353,65930,212970,Approved
LOAN02446,27,Male,Yes,3+,Not Graduate,No,Business Owner,Poor,Rural,Business,60,40596,8223,109629,Rejected
LOAN02447,57,Female,Yes,0,Graduate,No,Freelancer,Good,Urban,Personal,360,67117,7496,299217,Approved
LOAN02448,42,Male,Yes,1,Graduate,No,Salaried,Good,Semiurban,Home,240,16150,4874,95009,Approved
LOAN02449,25,Female,Yes,2,Graduate,Yes,Business Owner,Good,Urban,Personal,360,27042,6683,158780,Approved
LOAN02450,22,Female,Yes,1,Not Graduate,No,Salaried,Good,Urban,Business,360,48409,4373,88083,Approved
LOAN02451,47,Female,No,3+,Not Graduate,No,Salaried,Good,Rural,Home,180,29048,4462,151363,Approved
LOAN02452,41,Female,Yes,0,Graduate,No,Government,Good,Urban,Business,360,41312,10953,181679,Approved
LOAN02453,58,Male,Yes,1,Not Graduate,No,Salaried,Good,Semiurban,Medical,300,59217,4241,118851,Approved
LOAN02454,35,Male,Yes,0,Not Graduate,No,Salaried,Good,Semiurban,Home,180,74612,4532,234153,Approved
LOAN02455,41,Female,No,1,Graduate,No,Government,Average,Rural,Business,360,41145,1224,192732,Approved
LOAN02456,30,Female,No,0,Graduate,No,Salaried,Average,Urban,Personal,300,70989,5526,302597,Approved
LOAN02457,43,Female,Yes,0,Graduate,Yes,Salaried,Average,Urban,Home,120,38709,13548,123033,Approved
LOAN02458,59,Male,Yes,1,Graduate,No,Business Owner,Good,Semiurban,Business,360,31679,8909,89292,Approved
LOAN02459,25,Female,No,1,Not Graduate,Yes,Business Owner,Good,Urban,Education,360,18135,4071,82922,Approved
LOAN02460,21,Male,Yes,0,Graduate,No,Government,Average,Rural,Home,180,23122,17467,170093,Approved
LOAN02461,33,Female,Yes,2,Not Graduate,No,Business Owner,Good,Rural,Business,240,36393,7870,209820,Approved
LOAN02462,41,Female,Yes,1,Not Graduate,No,Business Owner,Good,Semiurban,Home,360,36737,16744,141403,Approved
LOAN02463,46,Male,Yes,0,Graduate,Yes,Freelancer,Average,Rural,Vehicle,180,40265,8502,117744,Approved
LOAN02464,65,Female,Yes,1,Graduate,No,Business Owner,Good,Urban,Home,360,82986,6685,320079,Approved
LOAN02465,41,Male,No,2,Not Graduate,No,Business Owner,Good,Rural,Home,60,50920,7404,164346,Approved
LOAN02466,38,Male,Yes,1,Not Graduate,No,Government,Average,Urban,Business,180,52157,4048,252671,Rejected
LOAN02467,57,Male,Yes,0,Not Graduate,No,Salaried,Poor,Rural,Education,180,82668,5197,334628,Rejected
LOAN02468,65,Female,No,0,Graduate,No,Salaried,Good,Semiurban,Home,300,30934,3626,119250,Approved
LOAN02469,52,Female,Yes,1,Graduate,Yes,Salaried,Good,Urban,Personal,360,28882,6023,116427,Approved
LOAN02470,56,Female,Yes,3+,Graduate,No,Business Owner,Good,Urban,Personal,240,62951,17901,167888,Approved
LOAN02471,37,Male,Yes,2,Not Graduate,No,Salaried,Average,Semiurban,Personal,240,45190,10884,167286,Approved
LOAN02472,55,Female,Yes,0,Graduate,No,Business Owner,Good,Semiurban,Business,360,35598,8667,159725,Approved
LOAN02473,31,Female,Yes,1,Not Graduate,No,Government,Good,Urban,Personal,120,35339,7224,182218,Approved
LOAN02474,41,Male,Yes,3+,Graduate,No,Business Owner,Poor,Semiurban,Personal,240,33611,10418,151200,Rejected
LOAN02475,46,Female,No,0,Not Graduate,No,Salaried,Good,Semiurban,Education,120,34702,4565,95282,Approved
LOAN02476,24,Male,No,3+,Graduate,No,Government,Poor,Semiurban,Home,60,36270,20517,160734,Approved
LOAN02477,54,Female,No,3+,Graduate,No,Salaried,Poor,Rural,Home,240,31766,1841,131442,Rejected
LOAN02478,38,Male,Yes,0,Graduate,No,Freelancer,Good,Urban,Education,180,46627,8997,267121,Approved
LOAN02479,60,Male,Yes,3+,Graduate,Yes,Business Owner,Average,Semiurban,Personal,240,50815,13070,229205,Approved
LOAN02480,55,Male,Yes,0,Graduate,No,Salaried,Good,Rural,Business,360,28167,10730,165735,Approved
LOAN02481,61,Female,Yes,2,Graduate,No,Government,Average,Semiurban,Business,180,54512,4670,191167,Approved
LOAN02482,49,Male,No,0,Graduate,No,Salaried,Average,Semiurban,Home,360,20494,5571,89752,Rejected
LOAN02483,49,Male,Yes,0,Graduate,Yes,Unemployed,Good,Semiurban,Home,360,45556,10863,96178,Approved
LOAN02484,58,Female,Yes,1,Not Graduate,Yes,Salaried,Average,Urban,Education,240,46592,8773,160051,Rejected
LOAN02485,62,Female,No,2,Graduate,No,Salaried,Average,Semiurban,Medical,300,34973,2435,128689,Rejected
LOAN02486,41,Male,Yes,0,Graduate,No,Salaried,Good,Rural,Education,240,37266,5462,209807,Approved
LOAN02487,62,Male,Yes,1,Not Graduate,No,Salaried,Good,Urban,Personal,180,32694,4253,86691,Approved
LOAN02488,33,Male,No,0,Graduate,No,Freelancer,Good,Rural,Home,360,28899,1651,133538,Approved
LOAN02489,61,Male,No,0,Not Graduate,No,Freelancer,Good,Urban,Business,360,36324,2809,118759,Approved
LOAN02490,37,Female,No,0,Graduate,No,Government,Poor,Semiurban,Business,360,28401,6172,77466,Approved
LOAN02491,29,Female,Yes,1,Graduate,No,Salaried,Average,Rural,Personal,360,60645,17738,217601,Rejected
LOAN02492,61,Female,Yes,0,Graduate,Yes,Salaried,Good,Rural,Home,120,14099,5117,64814,Approved
LOAN02493,21,Male,No,0,Graduate,No,Freelancer,Good,Rural,Home,180,34182,1822,188547,Approved
LOAN02494,22,Female,Yes,0,Graduate,No,Salaried,Good,Rural,Home,180,15439,7370,65727,Approved
LOAN02495,49,Female,Yes,0,Graduate,No,Freelancer,Good,Semiurban,Personal,360,22500,20263,117358,Approved
LOAN02496,53,Female,No,1,Graduate,Yes,Business Owner,Good,Semiurban,Home,360,28013,5741,133748,Approved
LOAN02497,30,Female,Yes,3+,Graduate,No,Salaried,Good,Urban,Home,300,66358,20306,322582,Approved
LOAN02498,60,Female,No,0,Graduate,No,Government,Good,Urban,Business,180,61032,901,223679,Approved
LOAN02499,41,Female,Yes,3+,Graduate,No,Freelancer,Poor,Semiurban,Business,180,37523,5548,129631,Rejected
LOAN02500,48,Male,Yes,2,Graduate,No,Freelancer,Good,Semiurban,Personal,360,37374,24281,100374,Approved
LOAN02501,31,Female,Yes,1,Graduate,No,Salaried,Good,Semiurban,Personal,360,57923,11111,145628,Approved
LOAN02502,54,Female,No,1,Graduate,No,Salaried,Good,Rural,Business,180,60422,8206,126335,Approved
LOAN02503,28,Female,Yes,2,Graduate,No,Salaried,Poor,Semiurban,Personal,60,28039,10520,136215,Rejected
LOAN02504,42,Male,Yes,0,Graduate,No,Salaried,Average,Urban,Vehicle,240,49155,41040,166392,Approved
LOAN02505,28,Female,No,1,Graduate,No,Salaried,Average,Semiurban,Home,120,23614,3636,118648,Approved
LOAN02506,35,Female,No,2,Graduate,No,Government,Good,Semiurban,Personal,360,30477,2445,164813,Approved
LOAN02507,37,Male,No,1,Graduate,Yes,Business Owner,Good,Semiurban,Business,300,47448,1787,192723,Approved
LOAN02508,43,Male,Yes,2,Graduate,No,Business Owner,Good,Rural,Education,360,27012,11097,36259,Approved
LOAN02509,44,Female,Yes,0,Graduate,No,Salaried,Good,Semiurban,Vehicle,240,30954,5532,120402,Approved
LOAN02510,65,Female,No,2,Graduate,Yes,Government,Average,Rural,Education,240,17216,1514,32452,Approved
LOAN02511,39,Female,No,1,Graduate,No,Salaried,Poor,Semiurban,Home,180,44483,8321,141068,Approved
LOAN02512,25,Male,Yes,0,Graduate,No,Government,Good,Semiurban,Vehicle,360,24412,12576,90009,Approved
LOAN02513,52,Female,Yes,0,Graduate,No,Unemployed,Good,Rural,Personal,360,25097,6707,115396,Approved
LOAN02514,64,Male,No,1,Not Graduate,No,Freelancer,Average,Urban,Vehicle,240,66827,7019,125829,Approved
LOAN02515,21,Male,Yes,3+,Not Graduate,No,Unemployed,Good,Urban,Home,240,26654,8781,84618,Approved
LOAN02516,43,Male,No,1,Graduate,No,Freelancer,Good,Urban,Medical,60,50951,4431,111760,Approved
LOAN02517,57,Male,Yes,2,Graduate,Yes,Salaried,Average,Semiurban,Home,120,59555,26393,317177,Approved
LOAN02518,28,Male,Yes,0,Graduate,No,Salaried,Good,Urban,Home,360,54873,21105,197142,Approved
LOAN02519,33,Male,Yes,0,Not Graduate,No,Salaried,Average,Rural,Home,300,32464,4983,168238,Rejected
LOAN02520,28,Male,Yes,0,Graduate,No,Salaried,Good,Semiurban,Home,240,29964,10603,137046,Approved
LOAN02521,43,Male,Yes,0,Not Graduate,No,Freelancer,Average,Semiurban,Education,360,24077,9120,165745,Rejected
LOAN02522,63,Male,Yes,0,Graduate,No,Salaried,Average,Urban,Business,300,16438,7421,47321,Rejected
LOAN02523,21,Male,Yes,0,Graduate,No,Government,Average,Urban,Personal,240,51406,39808,154615,Approved
LOAN02524,65,Male,No,2,Graduate,No,Salaried,Good,Urban,Medical,180,49254,2266,211548,Approved
LOAN02525,44,Female,No,2,Graduate,Yes,Business Owner,Good,Semiurban,Personal,360,45010,9204,167645,Approved
LOAN02526,55,Male,No,0,Graduate,No,Unemployed,Good,Semiurban,Education,360,10126,3349,84997,Approved
LOAN02527,44,Male,Yes,0,Graduate,No,Salaried,Good,Semiurban,Vehicle,120,33532,19564,150516,Approved
LOAN02528,37,Male,Yes,0,Graduate,No,Freelancer,Average,Semiurban,Personal,360,48209,8384,134799,Rejected
LOAN02529,25,Male,Yes,1,Not Graduate,No,Freelancer,Good,Rural,Education,240,64793,17264,226934,Rejected
LOAN02530,40,Female,No,0,Graduate,No,Salaried,Average,Urban,Vehicle,360,41544,4722,113983,Approved
LOAN02531,41,Female,No,0,Graduate,No,Business Owner,Good,Rural,Education,360,39626,3084,103531,Approved
LOAN02532,60,Female,No,3+,Graduate,No,Salaried,Good,Semiurban,Education,360,26756,661,120824,Approved
LOAN02533,51,Female,Yes,2,Graduate,No,Government,Average,Semiurban,Business,360,43060,2541,166337,Approved
LOAN02534,56,Female,Yes,0,Graduate,No,Business Owner,Good,Urban,Business,120,32644,4652,148002,Approved
LOAN02535,31,Male,Yes,0,Graduate,No,Business Owner,Average,Semiurban,Vehicle,360,26155,5638,82329,Rejected
LOAN02536,35,Male,Yes,0,Graduate,Yes,Government,Good,Urban,Education,360,21572,14064,56664,Approved
LOAN02537,39,Male,Yes,2,Graduate,No,Salaried,Poor,Rural,Business,300,23728,11993,110961,Approved
LOAN02538,27,Male,No,1,Graduate,No,Freelancer,Good,Semiurban,Personal,360,42033,9079,139047,Approved
LOAN02539,48,Female,Yes,0,Graduate,No,Government,Average,Rural,Medical,360,19447,5313,106757,Rejected
LOAN02540,63,Female,Yes,2,Not Graduate,No,Government,Good,Semiurban,Home,180,31814,31955,212772,Approved
LOAN02541,25,Male,Yes,0,Graduate,No,Government,Good,Urban,Home,120,65415,30231,236307,Approved
LOAN02542,25,Female,No,0,Graduate,No,Salaried,Poor,Semiurban,Business,360,19047,1341,117957,Approved
LOAN02543,50,Female,Yes,0,Graduate,No,Unemployed,Average,Urban,Education,360,44452,7246,135913,Rejected
LOAN02544,52,Male,No,1,Not Graduate,No,Salaried,Good,Rural,Home,360,46455,4805,179331,Rejected
LOAN02545,28,Male,No,0,Graduate,No,Business Owner,Good,Rural,Home,360,31854,4810,63472,Approved
LOAN02546,30,Male,Yes,0,Graduate,No,Salaried,Good,Semiurban,Personal,360,48048,33845,212356,Approved
LOAN02547,58,Male,No,0,Graduate,No,Unemployed,Good,Semiurban,Vehicle,360,33369,5573,124024,Approved
LOAN02548,52,Male,Yes,0,Graduate,No,Freelancer,Average,Semiurban,Education,120,51942,4233,206381,Approved
LOAN02549,48,Male,Yes,2,Not Graduate,No,Freelancer,Good,Rural,Education,360,22457,34106,69094,Rejected
LOAN02550,37,Male,No,0,Graduate,No,Salaried,Good,Urban,Business,180,84972,2219,238060,Approved
LOAN02551,51,Male,No,0,Not Graduate,Yes,Freelancer,Average,Rural,Home,180,69339,4164,250057,Approved
LOAN02552,28,Female,Yes,1,Graduate,Yes,Government,Good,Semiurban,Business,240,13315,15922,83994,Approved
LOAN02553,60,Female,Yes,2,Graduate,No,Freelancer,Average,Rural,Home,240,61549,10006,247314,Rejected
LOAN02554,45,Female,Yes,2,Not Graduate,No,Salaried,Poor,Rural,Education,240,28011,19527,134683,Rejected
LOAN02555,29,Male,Yes,1,Graduate,No,Business Owner,Good,Rural,Home,180,69191,7039,283531,Approved
LOAN02556,22,Male,Yes,0,Graduate,No,Salaried,Average,Semiurban,Business,240,57182,9186,179354,Rejected
LOAN02557,35,Female,Yes,2,Graduate,No,Business Owner,Good,Urban,Business,60,22265,7955,37815,Approved
LOAN02558,23,Male,Yes,2,Graduate,No,Salaried,Good,Semiurban,Education,300,47042,9697,152068,Approved
LOAN02559,56,Male,No,0,Graduate,No,Salaried,Good,Semiurban,Home,360,26493,5473,55930,Approved
LOAN02560,24,Female,Yes,3+,Not Graduate,No,Salaried,Good,Rural,Home,360,46264,15126,205220,Rejected
LOAN02561,34,Female,Yes,0,Not Graduate,No,Salaried,Good,Urban,Business,360,37076,4302,78958,Approved
LOAN02562,61,Male,Yes,3+,Graduate,No,Salaried,Good,Semiurban,Home,240,26153,7932,78367,Approved
LOAN02563,61,Male,No,2,Graduate,No,Government,Average,Urban,Home,360,19898,1839,55684,Approved
LOAN02564,45,Male,Yes,2,Graduate,No,Business Owner,Average,Rural,Business,240,40277,15548,128655,Rejected
LOAN02565,30,Male,Yes,3+,Graduate,No,Salaried,Poor,Urban,Vehicle,120,44749,4721,207501,Rejected
LOAN02566,41,Male,Yes,2,Graduate,Yes,Business Owner,Good,Semiurban,Home,360,33825,16712,213501,Approved
LOAN02567,56,Male,No,0,Graduate,No,Business Owner,Good,Urban,Education,360,25633,1789,125790,Approved
LOAN02568,32,Male,Yes,0,Graduate,No,Government,Good,Urban,Personal,360,29218,12696,92428,Approved
LOAN02569,47,Female,No,0,Graduate,Yes,Salaried,Good,Rural,Personal,360,22174,1343,117694,Approved
LOAN02570,60,Female,No,0,Graduate,No,Salaried,Good,Urban,Home,180,50577,5103,253188,Approved
LOAN02571,22,Female,No,2,Graduate,No,Unemployed,Average,Urban,Personal,360,13743,5926,77819,Approved
LOAN02572,33,Male,Yes,0,Not Graduate,No,Salaried,Good,Urban,Business,360,55730,9786,200004,Approved
LOAN02573,52,Male,Yes,0,Graduate,Yes,Salaried,Good,Semiurban,Medical,360,35095,6085,82587,Approved
LOAN02574,51,Male,Yes,1,Graduate,No,Salaried,Good,Semiurban,Education,360,45924,5245,113192,Approved
LOAN02575,36,Male,No,3+,Graduate,No,Salaried,Good,Urban,Vehicle,240,47997,3200,208829,Approved
LOAN02576,52,Male,Yes,0,Graduate,No,Unemployed,Good,Semiurban,Vehicle,120,38284,6726,191566,Approved
LOAN02577,52,Female,Yes,0,Graduate,No,Salaried,Good,Urban,Education,180,30470,9669,119882,Approved
LOAN02578,54,Female,No,0,Graduate,No,Government,Average,Rural,Vehicle,120,59740,3170,178200,Rejected
LOAN02579,31,Female,Yes,2,Not Graduate,No,Unemployed,Good,Rural,Home,180,16783,14103,108192,Approved
LOAN02580,30,Male,Yes,0,Graduate,No,Business Owner,Average,Rural,Home,300,65239,17767,269985,Rejected
LOAN02581,35,Female,Yes,1,Graduate,No,Salaried,Good,Rural,Education,360,21906,4370,98905,Approved
LOAN02582,37,Male,Yes,0,Graduate,No,Salaried,Good,Urban,Personal,360,31366,9411,142051,Approved
LOAN02583,60,Male,No,0,Not Graduate,No,Business Owner,Average,Urban,Business,360,69154,2521,212819,Rejected
LOAN02584,38,Male,Yes,3+,Not Graduate,No,Salaried,Good,Semiurban,Business,60,99038,5704,223767,Approved
LOAN02585,29,Female,Yes,0,Not Graduate,No,Business Owner,Good,Urban,Business,240,39414,4267,177842,Approved
LOAN02586,45,Female,Yes,0,Graduate,No,Salaried,Average,Urban,Home,360,19740,4082,126400,Approved
LOAN02587,60,Male,No,0,Not Graduate,No,Government,Good,Urban,Education,180,53331,4131,134276,Approved
LOAN02588,34,Female,No,1,Graduate,No,Business Owner,Good,Semiurban,Vehicle,360,35683,6780,90883,Approved
LOAN02589,45,Female,Yes,1,Graduate,No,Freelancer,Average,Semiurban,Medical,360,22518,13816,115913,Approved
LOAN02590,42,Male,No,0,Not Graduate,No,Government,Average,Urban,Home,240,40080,2323,111960,Approved
LOAN02591,50,Male,Yes,0,Not Graduate,No,Salaried,Good,Urban,Education,360,20143,5474,85475,Approved
LOAN02592,40,Male,No,0,Graduate,No,Salaried,Good,Semiurban,Home,180,39647,5073,163070,Approved
LOAN02593,41,Female,Yes,2,Graduate,No,Salaried,Average,Urban,Home,360,24002,8442,121028,Rejected
LOAN02594,64,Male,No,2,Graduate,No,Salaried,Good,Rural,Education,60,14979,8249,99829,Approved
LOAN02595,52,Female,Yes,1,Graduate,No,Business Owner,Good,Urban,Business,180,17192,5617,52524,Approved
LOAN02596,41,Male,Yes,1,Graduate,No,Salaried,Good,Semiurban,Home,360,27628,3588,102430,Approved
LOAN02597,55,Female,Yes,0,Not Graduate,No,Salaried,Poor,Semiurban,Home,360,45517,15796,149383,Rejected
LOAN02598,52,Male,No,0,Graduate,No,Unemployed,Good,Urban,Vehicle,360,63853,4643,234693,Approved
LOAN02599,50,Female,Yes,0,Not Graduate,No,Salaried,Average,Semiurban,Medical,300,69037,4594,256634,Rejected
LOAN02600,59,Female,No,0,Not Graduate,No,Business Owner,Good,Semiurban,Home,360,18391,2843,70911,Approved
